,(exclusion_of_no_kterm_zscore_exp/((changes_in_lym_kterm+changes_in_node_kterm)/changes_in_lym_kterm)),(((changes_in_lym_kterm+changes_in_node_kterm)/changes_in_lym_kterm)/(defect_in_node_kterm+lymphatics_displaced)),(exclusion_of_no_kterm_zscore_exp*(block_of_affere_kterm_ln*changes_in_node_lac_margin_zscore)),((changes_in_node_kterm_zscore/bl_of_lymph_c_kterm)*exclusion_of_no_yes),((changes_in_node_lac_margin-special_forms_vesicles)_sin*no_of_nodes_in),((changes_in_node_kterm_zscore*lym_nodes_enlar)-(lym_nodes_dimin_sin/special_forms_kterm_zscore)),((by_pass_kterm_square_ln+lym_nodes_enlar)+(exclusion_of_no_kterm_zscore_exp-changes_in_node_kterm_zscore)),(((by_pass_kterm_square*early_uptake_in_yes)/special_forms_kterm_zscore)+((no_of_nodes_in_tanh*block_of_affere_yes_square)/((regeneration_of_kterm+changes_in_node_lac_margin)/(block_of_affere_kterm+changes_in_lym_round)))),((((changes_in_lym_kterm+changes_in_node_kterm)/changes_in_lym_kterm)*changes_in_node_kterm_ln)/(regeneration_of_kterm_sigmoid*no_of_nodes_in)),(((no_of_nodes_in_tanh+(bl_of_lymph_c_kterm+by_pass_kterm))/special_forms_kterm_zscore)/block_of_affere_yes_sigmoid_relu),((changes_in_node_lac_margin_sin_exp*((changes_in_lym_kterm+changes_in_node_kterm)/changes_in_lym_kterm))/(((regeneration_of_kterm+changes_in_lym_kterm)+exclusion_of_no_yes_sin)-(bl_of_lymph_c_kterm_ln*(exclusion_of_no_kterm*changes_in_node_lacunar)))),(((no_of_nodes_in_tanh*lym_nodes_dimin_sin)/(lym_nodes_dimin_sin-special_forms_vesicles))/(changes_in_node_kterm_ln_ln+block_of_affere_yes)),(((by_pass_kterm_square*early_uptake_in_yes)/block_of_affere_yes_sigmoid_relu)/(((regeneration_of_kterm+changes_in_node_lac_margin)*(extravasates_kterm-lymphatics_deformed))/special_forms_kterm_zscore)),(((no_of_nodes_in_tanh+(lym_nodes_enlar-lymphatics_displaced))+(regeneration_of_kterm_sigmoid*no_of_nodes_in))/((regeneration_of_kterm_sigmoid+(block_of_affere_kterm+changes_in_lym_round))+exclusion_of_no_yes_sin)),((exclusion_of_no_kterm_zscore_exp-changes_in_node_kterm_zscore)/lym_nodes_enlar_sigmoid_ln),((((regeneration_of_kterm*early_uptake_in_kterm)+dislocation_of_yes)+dislocation_of_kterm)/((block_of_affere_kterm+changes_in_lym_round)+(no_of_nodes_in*changes_in_node_lac_margin))),(((extravasates_kterm_ln*block_of_affere_kterm)+(exclusion_of_no_yes_sin*changes_in_lym_oval))/((regeneration_of_kterm_sigmoid*no_of_nodes_in)-changes_in_node_kterm_zscore_relu)),((changes_in_node_kterm_ln+(no_of_nodes_in*changes_in_node_lac_margin))/(changes_in_lym_kterm_sigmoid/(regeneration_of_kterm-special_forms_kterm)))_negative,(((no_of_nodes_in_tanh*block_of_affere_yes_square)/((regeneration_of_kterm+changes_in_node_lac_margin)/(block_of_affere_kterm+changes_in_lym_round)))-((regeneration_of_kterm-special_forms_kterm)+defect_in_node_lac_margin)_recip),((((regeneration_of_kterm*early_uptake_in_kterm)+dislocation_of_yes)*special_forms_kterm_zscore_zscore)-(exclusion_of_no_kterm_zscore_exp*(block_of_affere_kterm_ln*changes_in_node_lac_margin_zscore))),((exclusion_of_no_kterm_zscore_exp/((changes_in_lym_kterm+changes_in_node_kterm)/changes_in_lym_kterm))-((changes_in_node_kterm_zscore/bl_of_lymph_c_kterm)*changes_in_lym_kterm_sin)),((exclusion_of_no_kterm_zscore_exp/((changes_in_lym_kterm+changes_in_node_kterm)/changes_in_lym_kterm))-((changes_in_lym_kterm_sigmoid/(regeneration_of_kterm-special_forms_kterm))*extravasates_kterm_sin)),((block_of_affere_yes_square_sin*changes_in_lym_kterm)-extravasates_kterm_sin_zscore),(((special_forms_kterm_zscore-block_of_affere_yes_square)/changes_in_stru_kterm_tanh)-(((regeneration_of_kterm+changes_in_node_lac_margin)/(block_of_affere_kterm+changes_in_lym_round))*lym_nodes_dimin_sin)),(((changes_in_node_kterm_zscore*lym_nodes_enlar)-(lym_nodes_dimin_sin/special_forms_kterm_zscore))-special_forms_vesicles),((((lym_nodes_enlar-lymphatics_displaced)/exclusion_of_no_kterm_zscore)/(lym_nodes_dimin_sin-changes_in_stru_kterm))-((regeneration_of_kterm_sigmoid*no_of_nodes_in)*(changes_in_node_kterm_ln-(special_forms_kterm+special_forms_vesicles)))),(((block_of_affere_kterm_ln+changes_in_stru)*no_of_nodes_in)*(changes_in_node_kterm_zscore*lym_nodes_enlar)),((((extravasates_kterm-exclusion_of_no_yes)-regeneration_of_kterm)+(no_of_nodes_in*changes_in_lym_round))*((regeneration_of_kterm_sigmoid+(block_of_affere_kterm+changes_in_lym_round))-lym_nodes_dimin_sin_zscore)),(((changes_in_lym_kterm_sigmoid-block_of_affere_yes_square)*by_pass_kterm)*((regeneration_of_kterm_sigmoid*no_of_nodes_in)*(changes_in_node_kterm_ln-(special_forms_kterm+special_forms_vesicles)))),((exclusion_of_no_kterm_zscore_exp-changes_in_node_kterm_zscore)*((extravasates_kterm_sin+exclusion_of_no_kterm)-exclusion_of_no_kterm_zscore))
0,1.0164319,0.032923076,-7.473659,-0.0045440355,-4.2073550000000015,-3.1217542000000003,15.664573999999998,13480.683,1.2305558,345.43948,-0.0045952564,-2.2892382,1.5849862,0.11786582,-122.73175,174.10843,70.36354,-227.99786,0.5850013000000001,13363.775,1.020189,1.0275265,55.709225,-1.4685142,-4.121754,370.04984,-126.47138,-5116.128,-0.0,257.97217
1,1.0164319,0.032277524,-7.473659,-0.0045440355,-2.524413,-2.5673819,12.394613,1393.3109,2.0509264,233.71571,-0.0045952564,-2.2781246,0.15938814,0.07066184,-45.846836,174.10843,118.011345,-227.99786,0.58208156,13363.775,1.020189,1.022789,53.70904,-1.4685141000000002,-3.5673819,222.64392,-26.976019,-5116.128,-0.0,258.61594
2,0.0716562,0.040816326,-0.608599,-0.0,-5.890297,-2.3165443,10.475244,0.0,0.51195455,341.73038,0.125,-0.28173402,0.0,0.13432369,-7.3683,7.4242425,40.709595,120.34545,0.014925373,410.05423,0.06669796,0.06588272,-0.9865766,0.9091764,-3.3165443,533.4519,-78.64535,4804.7959999999985,-19156.121,75.14352
3,0.8476096,0.04291361,6.916044,0.007556875,0.0,0.9396126,12.188262,13480.081,8.522834,504.5608,0.021216033,-2.7638,2.2394094,0.05544683,-5.9188223,214.95523,3661.1707,-324.3668,-0.016129031999999998,13348.455,0.84005636,0.85396665,-0.9865766,-0.8416306999999998,-0.060387373,73.46854,11.412965,-4279.7407,-8252.440999999999,87.21993
4,0.066537894,0.046822745,0.5923695999999999,0.0,0.0,0.9396126,10.658371,0.0,9.299206,504.5608,0.024613021,-2.7638,0.0,0.055317562,6.134391,90.02941,3627.539,-324.3668,-0.016129031999999998,5649.7573,0.060289655,0.07763252,1.0136061,-0.8151802,-0.060387373,73.705826,13.256843,-4343.7407,-8252.440999999999,-25.123123
5,1.082661,0.03090909,-7.1055255000000015,-0.0045440355,-2.524413,-2.0130095,13.664573999999998,13480.081,1.9254662,505.06256,-0.0044636778,-4.005989,2.3174355,0.08836859,-17.549908,218.95454,94.6706,-227.99786,-0.016393442,13363.407,1.0872029,1.0937556,1.0136061,-0.82888114,-3.0130095,222.699,-23.914473,-4413.4824,-24952.143,257.97217
6,1.082661,0.03090909,-7.1055255000000015,-0.0045440355,0.0,0.057172775,13.664573999999998,0.0,5.7763987,-650.5575,-0.0044636778,0.57763815,-0.0,0.05544683,-17.549908,93.5,284.0118,-355.0786,-0.010526316,-4375.927,1.0872029,1.089785,1.0136061,-2.4811637,0.057172775,39.17434,-7.9714913,-4413.4824,-4397.3809999999985,257.97217
7,1.2084246,0.030100334,-7.1055255000000015,-0.010777837,-2.524413,-6.163849400000001,16.425097,13480.081,1.4856352,505.06256,0.0067926086,-4.5180497000000015,2.349622,0.11613719,-164.63398999999995,215.68657,94.390114,-196.35144,-0.016129031999999998,13363.407,1.2173359,1.2195191,1.0136061,-0.8026209,-7.163849400000001,224.05725,-81.886284,-4275.8696,-25126.459,346.0473
8,1.082661,0.03090909,-7.1055255000000015,-0.0045440355,-3.3658839999999994,-2.5673819,14.664573999999998,13480.081,1.4440997,505.07175,-0.0044636778,-4.0231977,2.3174355,0.11791209,-45.846836,218.95454,71.00295,-227.99786,-0.016393442,13363.407,1.0872029,1.0937556,1.0136061,-0.82888114,-3.5673819,296.91733,-47.828945,-4413.4824,-33269.523,257.97217
9,1.2631044,0.025974026,-7.1055255000000015,-0.010777837,-0.8414709999999999,-4.8489532,15.4250965,13480.081,4.2639656,504.5608,0.0061372602,-3.4580207,2.3174355,0.05544683,-61.49955,218.95454,284.0118,-196.35144,-0.016393442,13363.407,1.2738771,1.274199,1.0136061,-0.82888114,-5.8489532,74.69314,-28.360947,-4413.4824,-8375.485999999999,346.0473
10,0.066537894,0.043956045,0.62306005,0.0,0.8414709999999999,3.0097947,10.658371,-17380.14,9.299206,-444.9421,0.024613021,0.309255,-1.2204431999999998,0.044780884000000014,6.134391,171.45238,4506.9424,-505.16135,0.44423854,-10358.812,0.060289655,0.07366181,55.709225,-3.130935,3.0097947,38.705822,13.657082999999998,-5367.7407,-0.0,-25.123123
11,1.0164319,0.032277524,-7.1055255000000015,-0.0045440355,0.0,0.07243866,12.664574,0.0,6.152779,-323.659,-0.0045952564,0.57763815,-0.0,0.025589142,-7.110911,92.10448,283.17035,-411.14368,-0.009090909,-8802.829,1.020189,1.0225844000000002,1.0136061,-3.3235536,0.07243866,24.262331,-3.9857457,-4367.2383,-2717.381,257.97217
12,1.2084246,0.027692309,-7.1055255000000015,-0.010777837,-5.048826,-4.8489532,15.4250965,13480.081,0.7428176,505.07315,0.0067926086,-4.5404477,2.2861187000000003,0.14526111,-61.49955,214.95523,47.49237,-196.35144,-0.016393442,13362.477,1.2173359,1.2147816,-0.9865766,-0.8026209,-5.8489532,448.49353,-99.16129,-3936.5151,-50252.918,346.91083
13,0.8476096,0.03948052,6.916044,0.007556875,0.8414709999999999,2.4239333,12.188262,0.0,8.522834,-323.659,0.021216033,0.52068627,-0.0,0.05544683,-5.9188223,92.10448,3638.3186,-584.9237,-0.009090909,-8816.851,0.84005636,0.85376203,1.0136061,-3.2228613,2.4239333,23.539446,9.569087,-4413.4824,-2652.4414,87.00282
14,0.7768444,0.046822745,7.2743616,0.035459183,0.0,0.9396126,9.918303,1393.3096,1.328458,92.607216,0.024511416,-2.1553752,0.16037987,0.11786687,-5.9188223,160.56667,58.24785600000001,-690.36676,0.5809923,13349.027,0.7475257,0.78320146,53.70904,-1.4786524,-0.060387373,515.6487400000002,56.87815,-4780.644,-0.0,87.21993
15,0.7768444,0.045826517,7.2743616,0.007556875,2.524413,3.9317336,10.918303,-1795.1052,3.0997353,-301.3423,0.024511416,0.40405467,-0.1260917,0.07066184,-15.462148,168.03488000000004,169.30092,-695.1614,0.5837526999999999,-10366.185,0.77059615,0.78396827,55.709225,-3.130935,3.9317336,115.75225,69.75431999999999,-5283.8696,-0.0,87.00282
16,1.2631044,0.026493507000000003,-7.1055255000000015,-0.010777837,-5.890297,-6.163849400000001,16.425097,13480.081,0.60913795,505.07318,0.0061372602,-4.540496,2.3174355,0.1621427,-164.63398999999995,218.95454,40.573116,-196.35144,-0.016393442,13363.407,1.2738771,1.274199,1.0136061,-0.8288796,-7.163849400000001,522.52155,-411.97058,-4413.4824,-58628.406,346.0473
17,1.082661,0.031539887,-7.1055255000000015,-0.0045440355,-5.048826,-2.5673819,14.664573999999998,13480.081,0.9627331,505.07315,-0.0044636778,-4.0258484,2.3174355,0.14740229,-45.846836,218.95454,47.3353,-227.99786,-0.016393442,13363.407,1.0872029,1.0937556,1.0136061,-0.7941576,-3.5673819,440.5433,-101.67953,-4413.4824,-49904.285,257.97217
18,1.082661,0.03030303,-7.1055255000000015,-0.0045440355,-5.048826,-3.1217542000000003,15.664573999999998,13480.081,0.9627331,505.07315,-0.0044636778,-4.0258484,2.3174355,0.14740229,-122.73175,218.95454,47.3353,-227.99786,-0.016393442,13363.407,1.0872029,1.0937556,1.0136061,-0.82888114,-4.121754,445.442,-95.65789,-4413.4824,-49904.285,257.97217
19,0.8476096,0.03948052,7.2743616,0.007556875,1.6829419999999995,2.4239333,12.188262,0.5687069,4.261417,-221.55411,0.021216033,0.39145568,-0.0,0.059207305,-5.9188223,73.46429,329.17932,-694.9237,0.559616,-8817.209,0.84005636,0.8511349,63.80669,-3.8770685,2.4239333,47.23619,16.2509,-5303.7407,-0.0,87.21993
20,1.2631044,0.026493507000000003,-7.1055255000000015,-0.010777837,-4.2073550000000015,-4.8489532,15.4250965,13480.081,0.8527931000000001,505.073,0.0061372602,-4.540091,2.3174355,0.13266088,-61.49955,218.95454,56.80236,-196.35144,-0.016393442,13363.407,1.2738771,1.274199,1.0136061,-0.82888114,-5.8489532,373.7124,-82.634415,-4413.4824,-41877.43,346.0473
21,1.0164319,0.032923076,-7.473659,-0.0045440355,0.0,-1.0515718,15.664573999999998,-17379.994,1.5381948,-445.39264,-0.0045952564,0.43103108,-1.229287,0.1060723,-122.73175,173.51807,87.95442,-355.0786,0.5905196,-10350.715,1.020189,1.0235559,55.709225,-3.1207967,-1.0515718,156.87333999999996,-65.69728,-5199.999,-0.0,257.97217
22,0.7768444,0.046822745,7.2743616,0.007556875,2.524413,3.0097947,12.188262,-17380.002,3.0997353,-445.38455,0.024511416,0.40405467,-1.2039508,0.07066184,-5.9188223,168.03488000000004,170.36746000000005,-695.1614,0.5837526999999999,-10366.185,0.77059615,0.7809263000000001,53.70904,-3.130935,3.0097947,115.75225,46.50288,-5116.128,-0.0,87.21993
23,0.072599046,0.04200055,0.5923695999999999,0.0,0.0,0.9396126,10.658371,13480.081,8.522834,504.5608,0.02129907,-2.7638,2.3007631,0.041217826,6.134391,215.68657,3627.539,-324.3668,-0.016129031999999998,13355.709,0.06504580000000001,0.08369367,1.0136061,-0.8416306999999998,-0.060387373,73.71085,11.412965,-4346.612,-8252.440999999999,-25.123123
24,1.082661,0.031539887,-7.1055255000000015,-0.0045440355,-4.2073550000000015,-2.5673819,14.664573999999998,13480.081,1.1552798,505.073,-0.0044636778,-4.0255322,2.2556372,0.13266088,-45.846836,218.21213,57.159138,-227.99786,-0.016393442,13362.477,1.0872029,1.0890181,-0.9865766,-0.82888114,-3.5673819,371.1184,-34.83943,-4279.7407,-41586.906,258.61594
25,0.7768444,0.046822745,7.2743616,0.007556875,0.0,1.8615514,13.188262,13480.678,2.3248014,345.43863,0.024511416,-2.1539333,1.5316211000000002,0.09428561,-15.462148,166.10345,115.01851,-507.3668,0.5805928000000001,13349.027,0.77059615,0.78320146,53.70904,-1.4786524,0.8615514000000001,294.59805,81.9425,-5032.257000000001,-0.0,87.21993
26,0.20915042,0.16326529999999995,-7.1055255000000015,-0.0045440355,0.0,0.025683522,12.664574,0.0,29.901358,-323.659,-0.019174125,0.57763815,-0.0,0.040706582000000005,-7.110911,93.5,283.17035,-412.16275,-0.009090909,-8802.829,0.20788075,0.21528769,1.0136061,-3.2101119,0.025683522,24.155344,-3.4313734,-4413.4824,-2710.6620000000007,257.97217
27,1.082661,0.031539887,-7.473659,-0.0045440355,-4.2073550000000015,-2.5673819,14.664573999999998,13480.675,1.1552798,345.43948,-0.0044636778,-2.2892382,1.5849862,0.10734437,-45.846836,175.63414,70.53183,-227.99786,0.5777555999999999,13362.845,1.0872029,1.0937556,65.80686999999999,-1.4855758999999995,-3.5673819,371.17966,-61.5912,-5469.4824,-0.0,257.97217
28,0.8476096,0.03948052,7.2743616,0.007556875,0.8414709999999999,3.0097947,12.188262,-17380.146,8.522834,-444.9421,0.021216033,0.309255,-1.2204431999999998,0.032938287000000004,-5.9188223,174.10843,4517.7217,-505.16135,0.43875942,-10366.185,0.84005636,0.85473347,65.80686999999999,-3.1481204,3.0097947,38.575523,11.813205,-5469.4824,-0.0,87.00282
29,1.2631044,0.026493507000000003,-7.1055255000000015,-0.010777837,-2.524413,-6.163849400000001,16.425097,13480.081,1.4213219,505.06256,0.0061372602,-4.5180497000000015,2.2861187000000003,0.11784908,-164.63398999999995,218.95454,95.26523,-196.35144,-0.016393442,13363.407,1.2738771,1.2694615,-0.9865766,-0.82888114,-7.163849400000001,223.75282,-129.22255,-4279.7407,-25126.459,346.91083
30,0.09273155,0.031539887,-0.608599,-0.0,0.0,-0.5286888000000001,12.134682000000002,0.0,5.7763987,-323.659,0.023389276,0.57763815,-0.0,0.0561432,-5.4966940000000015,92.757576,284.95422,-411.14368,-0.009090909,-8807.875,0.09727341,0.09625684,-0.9865766,-3.2101119,-0.5286888000000001,24.319025,-6.8627467000000015,-4212.8696,-2717.381,22.713089
31,1.2084246,0.029459903,-7.1055255000000015,-0.010777837,-3.3658839999999994,-4.8489532,13.155138,1392.7124,1.1142263,341.7289,0.0067926086,-4.537458,0.23304415,0.101673156,-61.49955,215.68657,71.238556,-196.35144,-0.016129031999999998,13363.407,1.2173359,1.2147816,-0.9865766,-0.8026209,-5.8489532,298.98145,-81.886284,-4072.2568,-10768.482,346.91083
32,0.8476096,0.03948052,7.2743616,0.035459183,2.524413,3.345872,10.918303,-892.79175,2.8409445,-59.399788,0.021216033,0.40405467,-0.24668692,0.08343192,-15.462148,170.01176,170.77238,-804.9237,0.57791984,-20828.775,0.8121674,0.8511349,63.80669,-3.8770685,3.345872,70.83294000000002,44.861977,-5303.7407,-0.0,87.21993
33,0.7768444,0.046822745,7.2743616,0.007556875,0.8414709999999999,3.0097947,12.188262,-17380.14,9.299206,-444.9421,0.024511416,0.309255,-1.2373938999999998,0.04433674,-5.9188223,172.03572,4506.9424,-505.16135,0.44434822,-10366.185,0.77059615,0.78396827,55.709225,-3.130935,3.0097947,38.59452,13.657082999999998,-5451.611999999999,-0.0,87.00282
34,0.8476096,0.04291361,7.2743616,0.035459183,0.8414709999999999,3.0097947,9.918303,0.44928575,8.522834,-118.95163,0.021216033,0.309255,-0.0,0.04486556,-5.9188223,73.75903000000002,4546.114000000001,-505.16135,0.4388691,-4389.585,0.8121674,0.8516915,63.80669,-3.1481204,3.0097947,38.553677,8.12545,-5303.7407,-0.0,87.21993
35,1.082661,0.03090909,-7.473659,-0.021322012,-5.890297,-2.0858972,11.394613,8.199986,0.8252373,92.607216,-0.005268191,-4.3239980000000005,0.0,0.119268976,-17.549908,6.5731707,50.69880300000001,250.42387,8.214911,417.84982,1.1039728000000002,1.0768733,63.80669,-0.18033174,-3.0858972,519.68353,-34.201485,5260.047,-0.0,258.61594
36,1.0164319,0.032277524,-7.1055255000000015,-0.0045440355,-3.3658839999999994,-2.5673819,14.664573999999998,13480.081,1.5381948,505.07175,-0.0045952564,-4.0231977,2.2556372,0.101673156,-45.846836,215.68657,71.238556,-227.99786,-0.016393442,13363.407,1.020189,1.022789,-0.9865766,-0.8026209,-3.5673819,296.92047,-27.871544,-4072.2568,-33269.523,258.61594
37,1.0164319,0.033594977000000005,-7.1055255000000015,-0.0045440355,-5.048826,-2.5673819,14.664573999999998,13480.081,1.0254632,505.07315,-0.0045952564,-4.0258484,2.2556372,0.14526111,-45.846836,215.68657,47.49237,-227.99786,-0.016393442,13363.407,1.020189,1.022789,-0.9865766,-0.8026209,-3.5673819,445.38074000000006,-41.807312,-3936.5151,-49904.285,258.61594
38,0.066537894,0.043956045,0.62306005,0.0,0.8414709999999999,3.0097947,10.658371,0.45476487,9.299206,-262.99393,0.024613021,0.309255,-0.0,0.044780884000000014,6.134391,72.88095,4535.3345,-505.16135,0.44423854,-4382.9336,0.037219226,0.07061981,53.70904,-3.130935,3.0097947,38.739204,11.813205,-5199.999,-0.0,-25.348139
39,0.066537894,0.043076925,0.62306005,0.0,0.0,1.8615514,9.3884115,0.45476487,9.299206,233.37253,0.024613021,-1.6415240000000002,0.0,0.056685645,16.025291,72.88095,4535.3345,-324.3668,0.43837142,5649.7266,0.060289655,0.07289497,53.70904,-1.4786524,0.8615514000000001,73.73371,12.188175,-5199.999,-0.0,-25.348139
40,0.8366017,0.6666667,-7.1055255000000015,-0.017745027,0.0,-1.5848376,14.275094,0.0,3.5835190000000003,-323.659,0.013808198999999998,1.3058928,-0.0,0.040706582000000005,-12.252048,93.5,283.17035,-197.58208,-0.009090909,-8802.829,0.83164346,0.8427389000000001,1.0136061,-3.2101119,-1.5848376,26.101254,-13.399942,-4413.4824,-2928.065,444.48416
41,1.5522488,0.021998411,-7.1055255000000015,-0.017745027,0.0,-3.749731,15.275094,-8647.024,0.9656886,-323.93808,0.0049940455,1.653002,-3.612713,0.07317099,-30.238361,218.95454,142.0059,-197.09355,-0.009090909,-20814.396,1.5699854,1.5584013,1.0136061,-3.2101142000000005,-3.749731,51.785576,-96.897644,-4413.4824,-5870.646,444.48416
42,0.7768444,0.046822745,7.2743616,0.007556875,0.0,0.9396126,12.188262,13480.656,4.649603,345.38672,0.024511416,-2.0778446,1.5316211000000002,0.058509447,-5.9188223,170.01176,328.39877,-385.3668,0.55951333,13349.027,0.77059615,0.78320146,53.70904,-1.4786524,-0.060387373,147.22195,19.938656,-5199.999,-0.0,87.21993
43,1.0164319,0.032277524,-7.1055255000000015,-0.0045440355,-1.6829419999999995,-3.1217542000000003,15.664573999999998,13480.081,3.0763896,504.99588,-0.0045952564,-3.881076600000001,2.2556372,0.086634226,-122.73175,215.68657,142.47711,-227.99786,-0.016393442,13363.407,1.020189,1.022789,-0.9865766,-0.8026209,-4.121754,148.31006000000005,-23.016008,-4207.999,-16634.762,258.61594
44,0.7768444,0.046822745,7.2743616,0.035459183,1.6829419999999995,3.0097947,12.188262,0.57564235,4.649603,-263.3776,0.024511416,0.39145568,-0.0,0.058509447,-5.9188223,72.02353000000002,328.39877,-600.1614,0.56522566,-4389.585,0.7475257,0.7809263000000001,53.70904,-3.130935,3.0097947,77.221954,19.938656,-5199.999,-0.0,87.21993
45,0.8476096,0.04200055,7.2743616,0.035459183,0.0,0.9396126,12.188262,13480.649,4.261417,204.27098,0.021216033,-2.0778446,1.5316211000000002,0.047280036,-5.9188223,172.03572,329.17932,-385.3668,0.5525779000000001,13349.027,0.8121674,0.85396665,63.80669,-1.4958378,-0.060387373,147.32103,27.314165000000006,-5303.7407,-0.0,87.21993
46,0.7768444,0.043956045,7.2743616,0.007556875,1.6829419999999995,3.9317336,10.918303,-1795.1237,4.649603,-301.28348,0.024511416,0.39145568,-0.12438777,0.07029614,-15.462148,170.01176,328.39877,-600.1614,0.56511605,-10366.185,0.77059615,0.7809263000000001,53.70904,-3.130935,3.9317336,77.17177,24.37635,-5199.999,-0.0,87.21993
47,0.7768444,0.043076925,7.2743616,0.035459183,0.0,1.8615514,10.918303,1393.3096,1.5498676000000002,92.60719,0.024511416,-2.1553524,0.15824147,0.11786674,-15.462148,162.37079,69.718346,-629.36676,0.58072156,13349.027,0.7475257,0.78320146,53.70904,-1.4786524,0.8615514000000001,441.90182,73.12905,-4864.515,-0.0,87.21993
48,0.7768444,0.04223228,7.2743616,0.035459183,2.524413,3.9317336,10.918303,-1795.1052,3.0997353,-119.394104,0.024511416,0.40405467,-0.122729264,0.07066184,-15.462148,168.03488000000004,170.36746000000005,-695.1614,0.5836431,-10366.185,0.7475257,0.7809263000000001,53.70904,-3.130935,3.9317336,115.95954,61.45687,-5116.128,-0.0,87.21993
49,1.2631044,0.026493507000000003,-7.473659,-0.010777837,0.0,-2.0497365000000003,14.4250965,-8646.451,2.1319828,-221.55411,0.0061372602,0.4444505999999999,-2.4708781,0.047280036,-23.541677,175.63414,176.32957,-354.07635,0.5637371,-20812.578,1.2738771,1.269257,65.80686999999999,-3.8668067,-2.0497365000000003,49.518253,-38.956264,-5469.4824,-0.0,346.0473
50,0.09273155,0.031539887,-0.608599,-0.0,0.0,-1.0830611,13.134682000000002,-8647.024,5.7763987,-323.659,0.023389276,0.57763815,-3.6628895,0.07106857,-14.359393,218.21213,283.17035,-411.14368,-0.009090909,-20819.443,0.09727341,0.098884024,1.0136061,-3.2101119,-1.0830611,24.2973,-11.957236,-4346.612,-2717.381,22.511465
51,1.082661,0.031539887,-7.1055255000000015,-0.0045440355,-6.731767999999999,-1.5315249,12.664574,13480.081,0.72204983,505.07318,-0.0044636778,-7.603585000000002,2.349622,0.14740247,-7.110911,218.21213,35.50147600000001,-227.99786,-0.016393442,13362.477,1.0872029,1.0937556,1.0136061,-0.9706999,-2.531525,594.05457,-31.885965,-4368.4263,-66539.05,257.97217
52,0.7768444,0.043076925,7.2743616,0.035459183,2.524413,3.9317336,10.918303,0.5941694000000001,3.0997353,-119.394104,0.024511416,0.40405467,-0.0,0.082448535,-15.462148,71.75581,170.36746000000005,-695.1614,0.5836431,-4390.3066,0.7475257,0.7809263000000001,53.70904,-3.130935,3.9317336,115.85428,36.564526,-5116.128,-0.0,87.21993
53,0.20915042,0.16,-7.1055255000000015,-0.0045440355,-3.3658839999999994,-0.7060232,10.394613,0.0,7.475678999999999,341.7289,-0.014672736,-0.12453659,0.0,0.08842897400000001,-7.110911,7.4242425,71.24179000000002,251.0446,0.014925373,416.55115,0.20788075,0.20337695,-0.9865766,0.9091764,-1.7060232,296.9661,-11.508004,4730.876,-10666.85,258.61594
54,0.7768444,0.046822745,7.2743616,0.007556875,0.8414709999999999,3.9317336,13.188262,-17380.14,9.299206,-444.9421,0.024511416,0.309255,-1.2204431999999998,0.05612343,-15.462148,171.45238,4506.9424,-505.16135,0.44434822,-10365.463,0.77059615,0.78396827,55.709225,-3.130935,3.9317336,38.36155,17.719808999999994,-5451.611999999999,-0.0,87.00282
55,0.8476096,0.040286243,6.916044,0.007556875,0.8414709999999999,2.4239333,12.188262,-8647.024,8.522834,-323.659,0.021216033,0.52068627,-3.636538,0.05544683,-5.9188223,215.68657,3638.3186,-584.9237,-0.009090909,-20828.418,0.84005636,0.85376203,1.0136061,-3.2228613,2.4239333,23.387232,15.10072,-4413.4824,-2652.4414,87.00282
56,0.8476096,0.03948052,7.2743616,0.007556875,1.6829419999999995,3.9317336,13.188262,-17380.027,4.261417,-445.32578,0.021216033,0.39145568,-1.2039508,0.071134575,-15.462148,172.03572,329.17932,-600.1614,0.55818063,-10366.185,0.84005636,0.8516915,63.80669,-3.1481204,3.9317336,77.17177,24.37635,-5303.7407,-0.0,87.21993
57,0.7768444,0.046822745,6.916044,0.007556875,0.0,1.8615514,13.188262,13480.081,2.3248014,505.07175,0.024511416,-3.626533,2.3007631,0.116199285,-15.462148,202.84508,91.99633,-507.3668,-0.016129031999999998,13348.455,0.77059615,0.7879390000000001,1.0136061,-0.78045666,0.8615514000000001,289.6993700000001,112.73086,-4207.999,-33009.766,87.00282
58,0.08705893,0.033594977000000005,-0.608599,-0.0,0.0,-0.5286888000000001,12.134682000000002,0.0,6.152779,-323.659,0.030441854,0.57763815,-0.0,0.055317562,-5.4966940000000015,92.10448,283.17035,-411.14368,-0.009090909,-8809.326,0.09081607,0.093211405,1.0136061,-3.1838517000000004,-0.5286888000000001,24.285645,-7.9714913,-4343.7407,-2717.381,22.511465
59,0.09273155,0.031539887,-0.6401302,-0.0,-0.8414709999999999,-2.0130095,12.134682000000002,13480.533,5.7763987,345.08917,0.023389276,-1.7436287,1.5635674,0.045320414,-5.4966940000000015,175.63414,354.03403,-227.99786,0.43614802,13356.011,0.09727341,0.099088624,63.80669,-1.4881672,-3.0130095,75.15094,-10.429649,-5220.8696,-0.0,22.713089
60,0.7768444,0.046822745,7.2743616,0.007556875,0.0,0.9396126,12.188262,13480.536,9.299206,345.08917,0.024511416,-1.6415240000000002,1.5316211000000002,0.04433674,-5.9188223,172.03572,4535.3345,-324.3668,0.43863583,13349.027,0.77059615,0.78320146,53.70904,-1.4786524,-0.060387373,73.53944399999997,9.969328,-5283.8696,-0.0,87.21993
61,0.8476096,0.04291361,7.2743616,0.007556875,0.8414709999999999,3.0097947,12.188262,-17380.146,8.522834,-444.9421,0.021216033,0.309255,-1.187898,0.04486556,-5.9188223,173.51807,4546.114000000001,-505.16135,0.4388691,-10365.463,0.84005636,0.8516915,63.80669,-3.1481204,3.0097947,38.553677,8.12545,-5303.7407,-0.0,87.21993
62,1.2084246,0.030100334,-7.473659,-0.050572928,-5.890297,-6.163849400000001,14.155138,1401.0123,0.6367297,92.607216,0.018256707,-2.4471679,2.22928,0.14143656,-164.63398999999995,13.722892000000002,50.578587,215.66469,8.315138000000001,976.18475,1.2502396999999998,1.2026368,53.70904,-0.17082384,-7.163849400000001,523.2681,-272.69385,5954.834,-0.0,346.91083
63,0.8476096,0.040286243,7.2743616,0.035459183,0.8414709999999999,3.345872,10.918303,-892.9295,8.522834,-59.17965,0.021216033,0.309255,-0.25002053,0.05679283,-15.462148,174.10843,4546.114000000001,-584.9237,0.44019485,-20828.775,0.8121674,0.8511349,63.80669,-3.8770685,3.345872,23.48926,12.188175,-5303.7407,-0.0,87.21993
64,0.09273155,0.031539887,-0.608599,-0.0,0.0,-0.5286888000000001,12.134682000000002,-8647.024,2.8881993,-323.93808,0.023389276,0.73117566,-3.612713,0.07408996,-5.4966940000000015,218.95454,141.58517,-411.14368,-0.009090909,-20820.893,0.09727341,0.098884024,1.0136061,-3.2101119,-0.5286888000000001,48.558796,-9.290515,-4346.612,-5434.762,22.511465
65,0.8476096,0.04200055,7.2743616,0.007556875,0.8414709999999999,3.0097947,12.188262,0.44928575,8.522834,-444.9421,0.021216033,0.309255,-0.0,0.032938287000000004,-5.9188223,73.75903000000002,4546.114000000001,-505.16135,0.4388691,-4389.585,0.84005636,0.8516915,63.80669,-3.1481204,3.0097947,38.610977,9.969328,-5303.7407,-0.0,87.21993
66,0.066537894,0.046822745,0.62306005,0.0,0.8414709999999999,3.9317336,11.658371,-17380.14,9.299206,-444.9421,0.024613021,0.309255,-1.2204431999999998,0.056685645,16.025291,172.03572,4506.9424,-505.16135,0.44434822,-10359.533,0.060289655,0.07366181,55.709225,-3.130935,3.9317336,38.799866,23.25144,-5367.7407,-0.0,-25.123123
67,0.8476096,0.04291361,7.2743616,0.007556875,0.0,0.9396126,12.188262,13480.649,4.261417,345.38672,0.021216033,-2.0778446,1.5735834,0.059207305,-5.9188223,172.03572,327.12344,-385.3668,0.5525779000000001,13349.027,0.84005636,0.8587041999999999,65.80686999999999,-1.4958378,-0.060387373,147.06973,31.001919,-5469.4824,-0.0,87.00282
68,0.066537894,0.046822745,0.5923695999999999,0.0,0.0,0.9396126,8.3884115,1392.7124,9.299206,341.218,0.024613021,-2.7638,0.24100788,0.055317562,6.134391,211.79411,3627.539,-324.3668,-0.016129031999999998,13354.778,0.060289655,0.07763252,1.0136061,-0.8151802,-0.060387373,73.72041,9.569087,-4343.7407,-2652.5703,-25.123123
69,0.8476096,0.04291361,6.916044,0.007556875,0.0,1.8615514,13.188262,0.0,4.261417,504.99588,0.021216033,-3.4984242999999995,0.0,0.08791123,-15.462148,90.75,265.1015,-385.3668,-0.016129031999999998,5644.364000000001,0.84005636,0.85396665,-0.9865766,-0.8416306999999998,0.8615514000000001,147.23303,39.770527,-4279.7407,-16504.883,87.21993
70,0.7768444,0.04223228,7.2743616,0.007556875,1.6829419999999995,4.853672,11.918303,-1795.1237,4.649603,-301.28348,0.024511416,0.39145568,-0.122729264,0.07029614,-41.392094,170.01176,328.39877,-600.1614,0.56511605,-10366.185,0.77059615,0.7809263000000001,53.70904,-3.130935,4.853672,77.17177,32.5018,-5199.999,-0.0,87.21993
71,0.09273155,0.03090909,-0.6401302,-0.0,0.0,0.057172775,12.134682000000002,-17380.143,5.7763987,-444.9421,0.023389276,0.32849106,-1.229287,0.03327222,-5.4966940000000015,175.63414,351.8177,-355.0786,0.44201514,-10357.549,0.09727341,0.09985547,65.80686999999999,-3.1378584,0.057172775,39.290676,-7.1034155,-5386.611999999999,-0.0,22.511465
72,1.082661,0.03090909,-7.1055255000000015,-0.0045440355,0.0,-0.5286888000000001,13.664573999999998,-8647.024,5.7763987,-323.659,-0.0044636778,0.57763815,-3.612713,0.05544683,-17.549908,218.95454,284.0118,-411.14368,-0.009090909,-20814.396,1.0872029,1.0888135,1.0136061,-3.2101119,-0.5286888000000001,23.96705,-9.080236,-4413.4824,-2717.381,257.97217
73,0.20915042,0.16326529999999995,-7.473659,-0.021322012,0.0,-0.4570933,10.394613,-885.18427,7.475678999999999,-59.403816000000006,-0.021956557,0.43103105,-3.4752852999999995,0.07155349999999999,-7.110911,13.890244,88.51253,67.44481999999999,8.250055,-1502.6764,0.20319271,0.18766026,4.0622497000000015,-2.4678824,-0.4570933,97.00161,-16.42432,5754.876,8.638246,258.61594
74,0.7768444,0.045826517,7.2743616,0.007556875,0.0,2.7834902,14.188262,13480.675,3.0997353,345.43234,0.024511416,-2.14472,1.5316211000000002,0.082448535,-41.392094,168.03488000000004,170.36746000000005,-446.3668,0.57804036,13349.027,0.77059615,0.78320146,53.70904,-1.4786525,1.7834902,220.10117,126.19556,-5116.128,-0.0,87.21993
75,0.8476096,0.04291361,7.2743616,0.035459183,0.0,1.8615514,13.188262,0.5687069,4.261417,204.27098,0.021216033,-2.0778446,0.0,0.071134575,-15.462148,72.88095,329.17932,-385.3668,0.5525779000000001,5643.075,0.8121674,0.85396665,63.80669,-1.4958378,0.8615514000000001,147.17177,24.37635,-5303.7407,-0.0,87.21993
76,1.2631044,0.026493507000000003,-7.1055255000000015,-0.010777837,0.0,-1.4638748,14.4250965,-17380.596,2.1319828,-651.11847,0.0061372602,0.8246372999999999,-1.7973616,0.07317099,-23.541677,218.21213,142.0059,-305.79318,-0.010526316,-10351.083,1.2738771,1.2702284,1.0136061,-2.4811637,-1.4638748,79.47426,-37.814598,-4413.4824,-8910.972,346.0473
77,0.066537894,0.043076925,0.62306005,0.0,0.8414709999999999,3.0097947,10.658371,0.45476487,9.299206,-444.9421,0.024613021,0.309255,-0.0,0.032876123,6.134391,72.88095,4535.3345,-505.16135,0.44423854,-4382.9336,0.060289655,0.07061981,53.70904,-3.130935,3.0097947,38.72163,15.500959,-5199.999,-0.0,-25.348139
78,1.2084246,0.027692309,-7.473659,-0.050572928,-4.2073550000000015,-4.8489532,13.155138,1401.0116,0.89142156,92.60708,0.018256707,-2.44695,2.1995564,0.106076516,-61.49955,13.722892000000002,70.81002,215.66469,8.314172,976.18475,1.2502396999999998,1.2026368,53.70904,-0.17082384,-5.8489532,373.67407,-106.63911,5787.0923,-0.0,346.91083
79,0.10818681,0.026493507000000003,-0.608599,-0.0,-0.8414709999999999,-3.5340571000000005,12.895206,13480.081,4.2639656,504.5608,0.0061612804,-3.4580207,2.349622,0.0561432,-11.488464,218.95454,283.17035,-196.35144,-0.016393442,13356.91,0.11895948,0.11928143,1.0136061,-0.82888114,-4.534057,74.85937,-21.537092,-4346.612,-8375.485999999999,47.050495
80,1.2631044,0.026493507000000003,-7.473659,-0.010777837,-0.8414709999999999,-3.5340571000000005,14.4250965,13480.533,4.2639656,345.08917,0.0061372602,-1.8637519,1.5427198,0.04486556,-23.541677,176.2317,354.8755,-196.35144,0.43614802,13363.775,1.2738771,1.2694615,63.80669,-1.4855758999999995,-4.534057,74.63806,-14.218548,-5303.7407,-0.0,346.91083
81,1.082661,0.031539887,-7.1055255000000015,-0.0045440355,0.0,0.057172775,13.664573999999998,-17380.596,2.8881993,-651.11847,-0.0044636778,0.73117566,-1.7494321,0.07317099,-17.549908,218.21213,142.89784,-355.0786,-0.010526316,-10351.083,1.0872029,1.086743,-0.9865766,-2.4811637,0.057172775,78.43666999999998,-15.942982999999998,-4279.7407,-8794.761999999999,258.61594
82,0.8476096,0.03948052,7.2743616,0.035459183,1.6829419999999995,3.0097947,12.188262,-17380.027,4.261417,-263.3776,0.021216033,0.39145568,-1.2204431999999998,0.059207305,-5.9188223,172.03572,327.12344,-600.1614,0.55818063,-10366.185,0.8121674,0.85473347,65.80686999999999,-3.1481204,3.0097947,77.27703000000002,27.314165000000006,-5469.4824,-0.0,87.00282
83,0.8476096,0.040286243,6.916044,0.007556875,0.8414709999999999,3.0097947,12.188262,0.0,8.522834,-650.5575,0.021216033,0.52068627,-0.0,0.05544683,-5.9188223,91.37313,3638.3186,-505.16135,-0.010526316,-4389.2266,0.84005636,0.85473347,1.0136061,-2.4939132,3.0097947,38.59452,13.256843,-4413.4824,-4332.4414,87.00282
84,0.7768444,0.046822745,7.2743616,0.007556875,0.8414709999999999,3.0097947,12.188262,0.45476487,9.299206,-444.9421,0.024511416,0.309255,-0.0,0.04433674,-5.9188223,73.46429,4506.9424,-505.16135,0.44434822,-4390.3066,0.77059615,0.78396827,55.709225,-3.130935,3.0097947,38.38723,15.500959,-5451.611999999999,-0.0,87.00282
85,0.10818681,0.026493507000000003,-0.608599,-0.0,0.0,-2.778771,13.895206,-17380.596,4.2639656,-650.5575,0.0061612804,0.65147406,-1.7973616,0.0561432,-30.01211,218.95454,283.17035,-305.79318,-0.010526316,-10358.302,0.11895948,0.11531073,1.0136061,-2.4811637,-2.778771,39.83782,-24.41626,-4346.612,-4455.486,47.050495
86,0.8476096,0.03948052,7.2743616,0.007556875,2.524413,2.4239333,9.918303,0.58701074,2.8409445,-149.92085,0.021216033,0.40405467,-0.0,0.071504645,-5.9188223,72.6,170.77238,-804.9237,0.57791984,-8817.209,0.84005636,0.8511349,63.80669,-3.8770685,2.4239333,70.75225999999998,46.50288,-5303.7407,-0.0,87.21993
87,1.2084246,0.027692309,-7.473659,-0.010777837,-5.890297,-6.163849400000001,16.425097,13480.683,0.63670075,345.4396,0.0067926086,-2.4471679,1.5427198,0.14144024,-164.63398999999995,174.10843,50.57629,-196.35144,0.5850549,13363.775,1.2173359,1.2147816,53.70904,-1.4685141000000002,-7.163849400000001,523.29193,-272.69385,-4780.644,-0.0,346.91083
88,1.2631044,0.02703419,-7.473659,-0.010777837,-2.524413,-3.5340571000000005,14.4250965,13480.672,1.4213219,345.43234,0.0061372602,-2.4350705,1.5635674,0.071504645,-23.541677,175.63414,118.29183,-196.35144,0.574871,13362.845,1.2738771,1.2694615,63.80669,-1.4855758999999995,-4.534057,224.2554,-58.4344,-5303.7407,-0.0,346.91083
89,0.08705893,0.033594977000000005,-0.6401302,-0.0,0.0,0.057172775,12.134682000000002,-17380.016,3.0763896,-445.32578,0.030441854,0.4158047,-1.1965059999999998,0.059095565,-5.4966940000000015,173.51807,177.01701,-355.0786,0.5692874,-10357.549,0.09081607,0.091140844,53.70904,-3.1207967,0.057172775,78.55879,-9.7718525,-5116.128,-0.0,22.713089
90,1.082661,0.031539887,-7.473659,-0.021322012,-5.048826,-3.1217542000000003,13.394613,1400.9124,0.9627769,92.60719,-0.005268191,-2.289418,2.1995564,0.13119666,-122.73175,13.890244,59.148605,250.42387,8.214824,976.18475,1.1039728000000002,1.0768733,63.80669,-0.17206022,-4.121754,445.29605,-58.631115,5303.738,-0.0,258.61594
91,0.7768444,0.045826517,7.2743616,0.007556875,0.0,0.01767391,8.918303,0.5941694000000001,3.0997353,233.71571,0.024511416,-2.14472,0.0,0.047088467,-2.3982017000000004,71.75581,170.36746000000005,-446.3668,0.57804036,5644.0054,0.77059615,0.78320146,53.70904,-1.4786524,-0.9823261,221.04753,17.719807,-5116.128,-0.0,87.21993
92,1.082661,0.031539887,-7.1055255000000015,-0.0045440355,0.0,0.057172775,13.664573999999998,-17380.596,5.7763987,-650.5575,-0.0044636778,0.57763815,-1.7973616,0.05544683,-17.549908,218.95454,284.0118,-355.0786,-0.010526316,-10351.805,1.0872029,1.089785,1.0136061,-2.4811637,0.057172775,39.17434,-7.9714913,-4413.4824,-4397.3809999999985,257.97217
93,1.2084246,0.027692309,-7.1055255000000015,-0.010777837,-4.2073550000000015,-6.163849400000001,16.425097,13480.081,0.8913810999999999,505.073,0.0067926086,-4.540091,2.3174355,0.14525996,-164.63398999999995,215.68657,56.63407,-196.35144,-0.016393442,13363.407,1.2173359,1.2195191,1.0136061,-0.8026209,-7.163849400000001,373.6195,-136.47714,-4140.128,-41877.43,346.0473
94,0.8476096,0.04291361,6.916044,0.007556875,0.0,1.8615514,13.188262,13480.081,2.8409445,505.06256,0.021216033,-3.611021,2.3007631,0.10310883,-15.462148,209.43478,136.67152,-446.3668,-0.016129031999999998,13349.386,0.84005636,0.8587041999999999,1.0136061,-0.8416306999999998,0.8615514000000001,220.91554,59.65579,-4413.4824,-24757.324,87.00282
95,1.082661,0.031539887,-7.1055255000000015,-0.0045440355,-5.890297,-3.1217542000000003,15.664573999999998,13480.081,0.8251997999999999,505.07318,-0.0044636778,-4.0258910000000006,2.2861187000000003,0.17688294,-122.73175,218.95454,40.827953,-227.99786,-0.016393442,13363.407,1.0872029,1.0890181,-0.9865766,-0.82888114,-4.121754,519.5786,-65.0336,-4279.7407,-58221.664,258.61594
96,0.072599046,0.04291361,0.5923695999999999,0.0,0.0,0.9396126,10.658371,13480.081,4.261417,504.99588,0.02129907,-3.4984242999999995,2.3007631,0.07408996,6.134391,211.79411,262.66626,-385.3668,-0.016129031999999998,13354.778,0.06504580000000001,0.08369367,1.0136061,-0.8416306999999998,-0.060387373,147.40292,19.138174,-4346.612,-16504.883,-25.123123
97,1.2084246,0.030100334,-7.473659,-0.010777837,-1.6829419999999995,-4.8489532,15.4250965,13480.661,2.2284527,345.38672,0.0067926086,-2.3591413,1.5427198,0.07029614,-61.49955,174.10843,177.01701,-196.35144,0.5636846999999999,13363.775,1.2173359,1.2147816,53.70904,-1.4685141000000002,-5.8489532,149.43027,-58.4344,-5199.999,-0.0,346.91083
98,1.2631044,0.026493507000000003,-7.1055255000000015,-0.010777837,-1.6829419999999995,-6.163849400000001,16.425097,13480.081,2.1319828,504.99588,0.0061372602,-4.3771706,2.2556372,0.08791123,-164.63398999999995,218.95454,142.89784,-196.35144,-0.016393442,13363.407,1.2738771,1.2694615,-0.9865766,-0.8288796,-7.163849400000001,148.61588999999995,-117.70587,-4279.7407,-16750.973,346.91083
99,0.08705893,0.032923076,-0.6401302,-0.0,0.0,-0.5286888000000001,12.134682000000002,0.45806026,6.152779,-221.36324,0.030441854,0.32849106,-0.0,0.044780884000000014,-5.4966940000000015,73.75903000000002,354.03403,-411.14368,0.44896936,-8807.844000000001,0.09081607,0.09058422,53.70904,-3.8497448,-0.5286888000000001,24.296467,-4.8859262,-5199.999,-0.0,22.713089
100,1.2631044,0.02703419,-7.1055255000000015,-0.010777837,0.0,-2.0497365000000003,14.4250965,-8647.024,2.1319828,-323.93808,0.0061372602,0.8246372999999999,-3.516374,0.07317099,-23.541677,218.95454,142.89784,-354.07635,-0.009090909,-20814.396,1.2738771,1.2666297,-0.9865766,-3.2101119,-2.0497365000000003,49.47426,-37.814598,-4279.7407,-5550.9717,346.91083
101,1.2084246,0.027149322000000004,-7.473659,-0.050572928,-6.731767999999999,-6.163849400000001,14.155138,1401.0125,0.5571385,92.607216,0.018256707,-2.4471714,2.1995564,0.14143606,-164.63398999999995,13.722892000000002,44.256264,215.66469,8.314923,976.18475,1.2502396999999998,1.2026368,53.70904,-0.17082396,-7.163849400000001,597.2755,-479.95682,6038.705,-0.0,346.91083
102,0.7768444,0.04223228,7.2743616,0.007556875,0.0,1.8615514,13.188262,0.57564235,4.649603,345.38672,0.024511416,-2.0778446,0.0,0.058509447,-15.462148,72.6,328.39877,-385.3668,0.5592489,5644.0054,0.77059615,0.78320146,53.70904,-1.4786524,0.8615514000000001,147.27704,40.97125,-5199.999,-0.0,87.21993
103,1.5522488,0.021558441,-7.473659,-0.08326513,0.0,-1.5848376,12.005135,-892.8059699999999,0.9656886,-59.37053,0.0049940455,0.6089116,-0.24847451,0.035352762999999995,-12.252048,176.2317,177.43774,-197.09355,0.5637371,-20814.027,1.635474,1.5557741000000005,63.80669,-3.8668067,-1.5848376,52.41648,-27.739729,-5303.7407,-0.0,445.59335
104,0.8476096,0.03948052,6.916044,0.007556875,0.8414709999999999,3.0097947,12.188262,-17380.596,8.522834,-650.5575,0.021216033,0.52068627,-1.7603171000000002,0.05544683,-5.9188223,215.68657,3661.1707,-505.16135,-0.010526316,-10365.826,0.84005636,0.8516915,-0.9865766,-2.4939132,3.0097947,38.59452,13.256843,-4279.7407,-4332.4414,87.21993
105,1.082661,0.03090909,-7.1055255000000015,-0.0045440355,-2.524413,-2.0130095,13.664573999999998,13480.081,1.9254662,505.06256,-0.0044636778,-4.005989,2.349622,0.08836859,-17.549908,218.95454,94.6706,-227.99786,-0.016393442,13363.407,1.0872029,1.0937556,1.0136061,-0.82888114,-3.0130095,222.65816,-13.935771,-4413.4824,-24952.143,257.97217
106,0.8476096,0.03948052,7.2743616,0.035459183,1.6829419999999995,3.0097947,12.188262,-17380.027,4.261417,-263.3776,0.021216033,0.39145568,-1.2204431999999998,0.047280036,-5.9188223,172.03572,327.12344,-600.1614,0.55818063,-10366.185,0.8121674,0.85473347,65.80686999999999,-3.1481204,3.0097947,77.25803,23.62641,-5469.4824,-0.0,87.00282
107,0.072599046,0.04291361,0.62306005,0.0,0.8414709999999999,2.4239333,10.658371,0.44928575,8.522834,-221.36324,0.02129907,0.309255,-0.0,0.045320414,6.134391,73.75903000000002,4506.9424,-584.9237,0.44027674,-8809.106,0.06504580000000001,0.07875152,65.80686999999999,-3.8770685,2.4239333,23.720419,9.969328,-5386.611999999999,-0.0,-25.123123
108,0.13295245,0.35930738,-0.608599,-0.0,0.0,-3.749731,13.745203,-8647.024,0.9656886,-323.93808,0.005013591,1.653002,-3.516374,0.07408996,-18.18515,218.21213,142.47711,-197.09355,-0.009090909,-20819.443,0.15068896,0.13647774,-0.9865766,-3.2101119,-3.749731,52.494717,-70.91892,-4212.8696,-5870.646,75.14352
109,1.0164319,0.032923076,-7.473659,-0.0045440355,-1.6829419999999995,-2.5673819,14.664573999999998,13480.661,3.0763896,345.38672,-0.0045952564,-2.2070894,1.5427198,0.07029614,-45.846836,174.10843,177.01701,-227.99786,0.5634203000000001,13363.775,1.020189,1.022789,53.70904,-1.4685141000000002,-3.5673819,148.39266999999995,-24.63648,-5199.999,-0.0,258.61594
110,1.082661,0.03090909,-7.473659,-0.0045440355,-0.8414709999999999,-2.0130095,11.394613,0.45254147,5.7763987,233.37253,-0.0044636778,-1.7436287,0.0,0.04486556,-17.549908,75.256096,354.8755,-227.99786,0.43614802,5658.7534,1.0872029,1.0890181,63.80669,-1.4855758999999995,-3.0130095,74.17434,-8.21216,-5303.7407,-0.0,258.61594
111,0.8476096,0.03948052,6.916044,0.007556875,0.8414709999999999,3.0097947,12.188262,0.0,8.523221000000001,-650.5575,0.052131414,0.52068627,-0.0,0.0554462,-5.9188223,7.313432700000001,3640.4368,175.47711,0.030303031,-324.4748,0.84005636,0.82710135,1.0136061,-0.8619696,3.0097947,38.537685,9.569087,4145.996,-4332.2440000000015,87.00282
112,0.7768444,0.046822745,7.2743616,0.035459183,0.0,1.8615514,10.918303,1393.2881,4.649603,92.55434,0.024511416,-2.0778446,0.15824147,0.07029614,-15.462148,170.01176,328.39877,-385.3668,0.55951333,13349.027,0.7475257,0.78320146,53.70904,-1.4786524,0.8615514000000001,147.23303,40.97125,-5199.999,-0.0,87.21993
113,1.2631044,0.028184582000000007,-7.1055255000000015,-0.010777837,-5.890297,-4.8489532,13.155138,1392.7124,0.6091656,341.73038,0.0150802955,-4.540496,3.3041189,0.14739786,-61.49955,17.257576,40.57496,215.66469,0.015151516,975.81665,1.2738771,1.2530034,1.0136061,0.80306256,-5.8489532,523.3009999999998,-143.30100000000004,4145.996,-18843.988,346.0473
114,0.7768444,0.046822745,7.2743616,0.007556875,0.8414709999999999,3.0097947,12.188262,-17380.14,9.299206,-444.9421,0.024511416,0.309255,-1.2204431999999998,0.04433674,-5.9188223,171.45238,4506.9424,-505.16135,0.44434822,-10365.463,0.77059615,0.78396827,55.709225,-3.130935,3.0097947,38.539444,9.969328,-5451.611999999999,-0.0,87.00282
115,0.10350339,0.030100334,-0.6401302,-0.0,0.0,-1.4638748,10.625246,-1795.2413,4.4569054,-118.95163,0.006820766,0.35112166,-0.12528913,0.044780884000000014,-11.488464,174.10843,354.03403,-305.79318,0.4476436,-10358.2705,0.14531854,0.1075853,53.70904,-3.1207967,-1.4638748,39.85936,-22.107925,-5199.999,-0.0,47.4719
116,0.8476096,0.04291361,7.2743616,0.007556875,0.8414709999999999,3.0097947,12.188262,0.44928575,8.522834,-444.9421,0.021216033,0.309255,-0.0,0.04486556,-5.9188223,74.349396,4517.7217,-505.16135,0.4388691,-4390.3066,0.84005636,0.85473347,65.80686999999999,-3.1481204,3.0097947,38.539444,9.969328,-5469.4824,-0.0,87.00282
117,0.072599046,0.04291361,0.62306005,0.0,0.0,0.9396126,10.658371,0.5687069,4.261417,345.38672,0.02129907,-2.0778446,0.0,0.059807558,6.134391,72.88095,326.34293,-385.3668,0.5525779000000001,5649.7266,0.06504580000000001,0.08369367,65.80686999999999,-1.4958378,-0.060387373,147.4217,23.62641,-5386.611999999999,-0.0,-25.123123
118,0.7768444,0.046822745,7.2743616,0.007556875,0.0,0.9396126,12.188262,13480.536,9.299206,345.08917,0.024511416,-1.6415240000000002,1.5735834,0.04433674,-5.9188223,171.45238,4506.9424,-324.3668,0.43863583,13348.097,0.77059615,0.7879390000000001,55.709225,-1.4786524,-0.060387373,73.53944399999997,9.969328,-5451.611999999999,-0.0,87.00282
119,0.8476096,0.03948052,7.2743616,0.035459183,2.524413,3.0097947,9.918303,0.58701074,2.8409445,-119.394104,0.021216033,0.40405467,-0.0,0.071504645,-5.9188223,72.6,170.77238,-695.1614,0.57648444,-4390.3066,0.8121674,0.8516915,63.80669,-3.1481204,3.0097947,115.95954,40.97125,-5303.7407,-0.0,87.21993
120,1.082661,0.031539887,-7.1055255000000015,-0.0045440355,-4.2073550000000015,-2.5673819,14.664573999999998,13480.081,1.1552798,505.073,-0.0044636778,-4.0255322,2.3174355,0.13266088,-45.846836,218.95454,56.80236,-227.99786,-0.016393442,13363.407,1.0872029,1.0937556,1.0136061,-0.82888114,-3.5673819,371.17966,-59.786182,-4413.4824,-41586.906,257.97217
121,0.0716562,0.6666667,-0.608599,-0.0,0.0,-1.5848376,12.745203,0.0,3.5835190000000003,-323.659,0.013888889,1.3058928,-0.0,0.041217826,-7.3683,92.757576,283.17035,-197.58208,-0.009090909,-8807.875,0.06669796,0.07779346,1.0136061,-3.2642431,-1.5848376,26.652546,-19.894625,-4346.612,-2928.065,74.47646999999998
122,0.072599046,0.040286243,0.62306005,0.0,0.8414709999999999,1.5019946000000002,9.658371,0.44928575,8.522834,-221.36324,0.02129907,0.309255,-0.0,0.03327222,2.485546,73.75903000000002,4506.9424,-584.9237,0.44019485,-8809.106,0.06504580000000001,0.07875152,65.80686999999999,-3.8770685,1.5019946000000002,23.71086,5.9066024000000015,-5386.611999999999,-0.0,-25.123123
123,0.066537894,0.046822745,0.62306005,0.0,0.8414709999999999,3.0097947,10.658371,-17380.14,9.299206,-444.9421,0.024613021,0.309255,-1.2373938999999998,0.044780884000000014,6.134391,172.03572,4506.9424,-505.16135,0.44434822,-10359.533,0.060289655,0.07366181,55.709225,-3.130935,3.0097947,38.720417,9.969328,-5367.7407,-0.0,-25.123123
124,0.7768444,0.04223228,7.2743616,0.007556875,0.0,1.8615514,10.918303,1393.2881,4.649603,233.6701,0.024511416,-2.0778446,0.15824147,0.058509447,-15.462148,170.01176,328.39877,-385.3668,0.5592489,13349.027,0.77059615,0.78320146,53.70904,-1.4786524,0.8615514000000001,147.23619,24.37635,-5199.999,-0.0,87.21993
125,0.066537894,0.045826517,0.62306005,0.0,0.8414709999999999,4.853672,12.658371,0.45476487,9.299206,-444.9421,0.024613021,0.309255,-0.0,0.056685645,42.899628,73.46429,4506.9424,-505.16135,0.44434822,-4383.6553,0.060289655,0.07366181,55.709225,-3.130935,4.853672,38.733715,16.2509,-5367.7407,-0.0,-25.123123
126,0.7768444,0.04223228,6.916044,0.007556875,0.0,2.7834902,14.188262,13480.081,1.8598411,505.073,0.024511416,-3.6286373,2.2394094,0.13073383,-41.392094,200.70833,69.87491999999999,-568.36676,-0.016393442,13349.386,0.77059615,0.78320146,-0.9865766,-0.8151802,1.7834902,368.09158,114.129654,-4004.386,-41262.203,87.21993
127,0.066537894,0.043956045,0.5923695999999999,0.0,0.8414709999999999,3.0097947,10.658371,0.0,9.299206,-650.5575,0.024613021,0.52068627,-0.0,0.055317562,6.134391,90.75,3627.539,-505.16135,-0.010526316,-4383.6245,0.060289655,0.07366181,1.0136061,-2.4674628,3.0097947,38.739204,11.412965,-4343.7407,-4332.4414,-25.123123
128,1.082661,0.031539887,-7.1055255000000015,-0.0045440355,0.0,-0.5286888000000001,13.664573999999998,0.0,2.8881993,-323.93808,-0.0044636778,0.73117566,-0.0,0.07317099,-17.549908,92.757576,142.0059,-411.14368,-0.009090909,-8801.378,1.0872029,1.0888135,1.0136061,-3.2101119,-0.5286888000000001,48.381596,-11.508004,-4413.4824,-5434.762,257.97217
129,0.8476096,0.040286243,7.2743616,0.007556875,0.0,0.9396126,12.188262,13480.53,8.522834,345.08917,0.021216033,-1.6415240000000002,1.5735834,0.04486556,-5.9188223,173.51807,4517.7217,-324.3668,0.4328923,13348.097,0.84005636,0.8587041999999999,65.80686999999999,-1.4958378,-0.060387373,73.59451999999997,13.657082999999998,-5469.4824,-0.0,87.00282
130,0.09273155,0.031539887,-0.6401302,-0.0,0.0,-0.5286888000000001,12.134682000000002,-8646.572,5.7763987,-221.36324,0.023389276,0.32849106,-2.5051956000000004,0.045320414,-5.4966940000000015,175.63414,351.8177,-411.14368,0.44345057,-20819.412,0.09727341,0.098884024,65.80686999999999,-3.8668067,-0.5286888000000001,24.300238,-5.994671,-5386.611999999999,-0.0,22.511465
131,0.7768444,0.046822745,6.916044,0.007556875,0.0,0.9396126,12.188262,0.0,4.649603,504.99588,0.024511416,-3.4984242999999995,0.0,0.07210810000000001,-5.9188223,88.72464000000002,262.66626,-385.3668,-0.016129031999999998,5643.4336,0.77059615,0.7879390000000001,1.0136061,-0.8151802,-0.060387373,147.23619,15.45042,-4343.7407,-16504.883,87.00282
132,0.09273155,0.031539887,-0.608599,-0.0,0.0,-0.5286888000000001,12.134682000000002,0.0,5.7763987,-323.659,0.023389276,0.57763815,-0.0,0.0561432,-5.4966940000000015,92.757576,283.17035,-411.14368,-0.009090909,-8807.875,0.09727341,0.098884024,1.0136061,-3.2101119,-0.5286888000000001,24.285645,-7.9714913,-4346.612,-2717.381,22.511465
133,1.0164319,0.032923076,-7.1055255000000015,-0.0045440355,-2.524413,-2.5673819,14.664573999999998,13480.081,2.0509264,505.06256,-0.0045952564,-4.005989,2.2556372,0.10161106,-45.846836,215.68657,94.98474,-227.99786,-0.016393442,13363.407,1.020189,1.022789,-0.9865766,-0.8026209,-3.5673819,222.655,-35.871708,-4140.128,-24952.143,258.61594
134,0.8476096,0.040286243,6.916044,0.007556875,0.8414709999999999,1.5019946000000002,11.188262,0.0,8.522834,-323.659,0.021216033,0.52068627,-0.0,0.040706582000000005,-2.3982017000000004,92.10448,3638.3186,-584.9237,-0.009090909,-8816.851,0.84005636,0.85376203,1.0136061,-3.2228613,1.5019946000000002,23.575525,5.7064824,-4413.4824,-2652.4414,87.00282
135,0.7768444,0.046822745,7.2743616,0.007556875,0.0,0.9396126,12.188262,0.45476487,9.299206,345.08917,0.024511416,-1.6415240000000002,0.0,0.04433674,-5.9188223,72.88095,4506.9424,-324.3668,0.43863583,5643.075,0.77059615,0.7879390000000001,55.709225,-1.4786524,-0.060387373,73.46854,11.813205,-5451.611999999999,-0.0,87.00282
136,0.8476096,0.040286243,7.2743616,0.007556875,1.6829419999999995,3.0097947,12.188262,0.5687069,4.261417,-445.32578,0.021216033,0.39145568,-0.0,0.059207305,-5.9188223,72.88095,329.17932,-600.1614,0.55818063,-4389.585,0.84005636,0.8516915,63.80669,-3.1481204,3.0097947,77.221954,19.938656,-5303.7407,-0.0,87.21993
137,1.2084246,0.027149322000000004,-7.473659,-0.050572928,-5.048826,-6.163849400000001,14.155138,1393.3138,0.7428176,92.60719,0.0067926086,-2.447142,0.15938814,0.11786674,-164.63398999999995,174.10843,59.005672,-196.35144,0.5850485,13363.775,1.2502396999999998,1.2147816,53.70904,-1.4685142,-7.163849400000001,447.74042,-359.96762,-4864.515,-0.0,346.91083
138,0.7768444,0.043076925,7.2743616,0.007556875,0.0,0.9396126,9.918303,1393.3091,2.3248014,233.72197000000003,0.024511416,-2.1539333,0.15824147,0.07071223,-5.9188223,166.10345,115.01851,-507.3668,0.5803284000000001,13349.027,0.77059615,0.78320146,53.70904,-1.4786524,-0.060387373,294.5824,62.003838,-5032.257000000001,-0.0,87.21993
139,0.7768444,0.046822745,7.2743616,0.007556875,0.0,1.8615514,13.188262,13480.536,9.299206,345.08917,0.024511416,-1.6415240000000002,1.5523188,0.05612343,-15.462148,172.03572,4535.3345,-324.3668,0.43863583,13349.027,0.77059615,0.78320146,53.70904,-1.4786524,0.8615514000000001,73.48926,12.188175,-5283.8696,-0.0,87.21993
140,0.8476096,0.04291361,7.2743616,0.035459183,0.0,0.9396126,9.918303,1393.1617,8.522834,92.25676,0.021216033,-1.6415240000000002,0.16483486,0.04486556,-5.9188223,173.51807,4517.7217,-324.3668,0.43315673,13348.097,0.8121674,0.8587041999999999,65.80686999999999,-1.4958378,-0.060387373,73.59451999999997,13.657082999999998,-5469.4824,-0.0,87.00282
141,0.7768444,0.043956045,6.916044,0.007556875,0.0,1.8615514,13.188262,13480.081,4.649603,504.99588,0.024511416,-3.4984242999999995,2.3007631,0.086634226,-15.462148,209.43478,262.66626,-385.3668,-0.016393442,13349.386,0.77059615,0.7879390000000001,1.0136061,-0.8151802,0.8615514000000001,147.17177,23.17563,-4343.7407,-16504.883,87.00282
142,0.7768444,0.046822745,7.2743616,0.035459183,0.0,1.8615514,10.918303,1393.2881,4.649603,92.55434,0.024511416,-2.0778446,0.15824147,0.07029614,-15.462148,169.43528999999995,328.39877,-385.3668,0.55951333,13348.097,0.7475257,0.78320146,53.70904,-1.4786524,0.8615514000000001,147.23303,40.97125,-5199.999,-0.0,87.21993
143,1.0164319,0.032923076,-7.1055255000000015,-0.0045440355,0.0,-0.49719954,14.664573999999998,-17380.596,3.0763896,-651.11847,-0.0045952564,0.73117566,-1.7973616,0.07210810000000001,-45.846836,215.68657,141.58517,-355.0786,-0.010526316,-10351.805,1.020189,1.0235559,1.0136061,-2.4549036,-0.49719954,78.39582,-13.935772,-4343.7407,-8794.761999999999,257.97217
144,1.0164319,0.032923076,-7.1055255000000015,-0.0045440355,-5.048826,-3.1217542000000003,15.664573999999998,13480.081,1.0254632,505.07315,-0.0045952564,-4.0258484,2.2861187000000003,0.15978722,-122.73175,215.68657,47.49237,-227.99786,-0.016393442,13363.407,1.020189,1.022789,-0.9865766,-0.8026209,-4.121754,445.3163,-55.743084,-3936.5151,-49904.285,258.61594
145,0.8476096,0.03948052,7.2743616,0.007556875,3.3658839999999994,3.0097947,9.918303,-1795.1099,2.1307085,-301.35037,0.021216033,0.4057904000000001,-0.12438777,0.083482906,-5.9188223,168.03488000000004,115.291885,-790.1613,0.5790061,-10366.185,0.84005636,0.8516915,63.80669,-3.1481204,3.0097947,154.58698,39.87731,-5303.7407,-0.0,87.21993
146,1.2631044,0.02703419,-7.473659,-0.010777837,-2.524413,-4.8489532,15.4250965,13480.672,1.4213219,345.43234,0.0061372602,-2.4350705,1.6069999,0.08343192,-61.49955,176.2317,117.55305,-196.35144,0.574871,13363.775,1.2738771,1.274199,65.80686999999999,-1.4855758999999995,-5.8489532,224.2114,-87.651596,-5469.4824,-0.0,346.0473
147,0.8476096,0.03948052,6.916044,0.007556875,1.6829419999999995,2.087856,11.188262,0.0,4.261417,-651.11847,0.021216033,0.65908587,-0.0,0.058430746,-2.3982017000000004,90.75,263.4468,-600.1614,-0.010526316,-4389.948,0.84005636,0.85473347,1.0136061,-2.4939132,2.087856,77.32103000000002,13.256843,-4413.4824,-8664.883,87.00282
