,((chord_length_sin_radian*frequency_relu)*angle_of_attack_relu_adde),((angle_of_attack_zscore_square*suction_side_displacement_thickness_adde)+(suction_side_displacement_thickness_zscore_abs+suction_side_displacement_thickness_zscore)),((suction_side_displacement_thickness_zscore_negative+chord_length_sigmoid)/frequency_ln_square),(free_stream_velocity_ln_negative_negative-suction_side_displacement_thickness_tanh_mmnorm)
0,11.390198,3.5759741999999997,0.027312217000000003,4.227847
1,14.237748000000002,3.5759741999999997,0.025576169,4.227847
2,17.797186,3.5759741999999997,0.024000527,4.227847
3,22.780396,3.5759741999999997,0.022421282,4.227847
4,28.475496000000003,3.5759741999999997,0.02112414,4.227847
5,35.59437,3.5759741999999997,0.019936392,4.227847
6,44.848907000000004,3.5759741999999997,0.018808808,4.227847
7,56.950993000000004,3.5759741999999997,0.01774092,4.227847
8,71.18874,3.5759741999999997,0.016823502,4.227847
9,89.697815,3.5759741999999997,0.015946358,4.227847
10,113.90198500000001,3.5759741999999997,0.015109873999999999,4.227847
11,142.37749,3.5759741999999997,0.014386593,4.227847
12,177.97185,3.5759741999999997,0.01371403,4.227847
13,227.80397000000002,3.5759741999999997,0.013023503,4.227847
14,7.118874000000001,3.5761943,0.031269826,3.9744442
15,8.969781,3.5761943,0.029067662999999997,3.9744442
16,11.390198,3.5761943,0.027027167,3.9744442
17,14.237748000000002,3.5761943,0.025309237000000002,3.9744442
18,17.797186,3.5761943,0.023750043,3.9744442
19,22.780396,3.5761943,0.022187277999999998,3.9744442
20,28.475496000000003,3.5761943,0.020903673,3.9744442
21,35.59437,3.5761943,0.019728322,3.9744442
22,44.848907000000004,3.5761943,0.018612506,3.9744442
23,56.950993000000004,3.5761943,0.017555763999999998,3.9744442
24,71.18874,3.5761943,0.01664792,3.9744442
25,89.697815,3.5761943,0.015779931,3.9744442
26,113.90198500000001,3.5761943,0.014952176999999999,3.9744442
27,142.37749,3.5761943,0.014236445,3.9744442
28,177.97185,3.5761943,0.013570901000000002,3.9744442
29,2.8475493999999997,3.5765498,0.042287465,3.6322207000000004
30,3.5594370000000004,3.5765498,0.038938534,3.6322207000000004
31,4.4848905,3.5765498,0.035872646,3.6322207000000004
32,5.695099,3.5765498,0.033069044,3.6322207000000004
33,7.118874000000001,3.5765498,0.030736906,3.6322207000000004
34,8.969781,3.5765498,0.028572273999999998,3.6322207000000004
35,11.390198,3.5765498,0.026566554,3.6322207000000004
36,14.237748000000002,3.5765498,0.024877902,3.6322207000000004
37,17.797186,3.5765498,0.023345279,3.6322207000000004
38,22.780396,3.5765498,0.021809147999999997,3.6322207000000004
39,28.475496000000003,3.5765498,0.02054742,3.6322207000000004
40,35.59437,3.5765498,0.0193921,3.6322207000000004
41,44.848907000000004,3.5765498,0.0182953,3.6322207000000004
42,56.950993000000004,3.5765498,0.017256567,3.6322207000000004
43,71.18874,3.5765498,0.016364196,3.6322207000000004
44,89.697815,3.5765498,0.015511000000000002,3.6322207000000004
45,113.90198500000001,3.5765498,0.014697353,3.6322207000000004
46,142.37749,3.5765498,0.013993818,3.6322207000000004
47,177.97185,3.5765498,0.013339617,3.6322207000000004
48,2.8475493999999997,3.5768275000000003,0.04171494,3.4060620999999998
49,3.5594370000000004,3.5768275000000003,0.03841135,3.4060620999999998
50,4.4848905,3.5768275000000003,0.035386972,3.4060620999999998
51,5.695099,3.5768275000000003,0.032621324,3.4060620999999998
52,7.118874000000001,3.5768275000000003,0.030320762,3.4060620999999998
53,8.969781,3.5768275000000003,0.028185437,3.4060620999999998
54,11.390198,3.5768275000000003,0.026206873,3.4060620999999998
55,14.237748000000002,3.5768275000000003,0.024541082000000002,3.4060620999999998
56,17.797186,3.5768275000000003,0.02302921,3.4060620999999998
57,22.780396,3.5768275000000003,0.021513876,3.4060620999999998
58,28.475496000000003,3.5768275000000003,0.02026923,3.4060620999999998
59,35.59437,3.5768275000000003,0.019129552,3.4060620999999998
60,44.848907000000004,3.5768275000000003,0.018047601,3.4060620999999998
61,56.950993000000004,3.5768275000000003,0.017022932,3.4060620999999998
62,71.18874,3.5768275000000003,0.016142643999999998,3.4060620999999998
63,89.697815,3.5768275000000003,0.0153009975,3.4060620999999998
64,113.90198500000001,3.5768275000000003,0.014498367,3.4060620999999998
65,142.37749,3.5768275000000003,0.0138043575,3.4060620999999998
66,17.675528,2.169696,0.026113871,4.2156987
67,22.09441,2.169696,0.024453994,4.2156987
68,27.618013,2.169696,0.022947486,4.2156987
69,35.351055,2.169696,0.02143753,4.2156987
70,44.18882,2.169696,0.020197299999999998,4.2156987
71,55.236027,2.169696,0.019061666,4.2156987
72,69.59739,2.169696,0.017983556,4.2156987
73,88.37764,2.169696,0.016962523,4.2156987
74,110.47205,2.169696,0.016085358,4.2156987
75,139.19478,2.169696,0.015246698999999999,4.2156987
76,176.75528,2.169696,0.014446917,4.2156987
77,220.9441,2.169696,0.01375537,4.2156987
78,276.1801,2.169696,0.013112317,4.2156987
79,353.51056,2.169696,0.012452086000000001,4.2156987
80,6.959739,2.1701373999999998,0.0339884,3.618075
81,8.837764,2.1701373999999998,0.03133206,3.618075
82,11.047205,2.1701373999999998,0.02912242,3.618075
83,13.919478,2.1701373999999998,0.027071487,3.618075
84,17.675528,2.1701373999999998,0.025171122,3.618075
85,22.09441,2.1701373999999998,0.023571165,3.618075
86,27.618013,2.1701373999999998,0.022119045,3.618075
87,35.351055,2.1701373999999998,0.020663602,3.618075
88,44.18882,2.1701373999999998,0.019468146999999998,3.618075
89,55.236027,2.1701373999999998,0.01837351,3.618075
90,69.59739,2.1701373999999998,0.017334322,3.618075
91,88.37764,2.1701373999999998,0.01635015,3.618075
92,110.47205,2.1701373999999998,0.015504651000000001,3.618075
93,139.19478,2.1701373999999998,0.014696269,3.618075
94,176.75528,2.1701373999999998,0.013925360500000001,3.618075
95,220.9441,2.1701373999999998,0.013258778999999998,3.618075
96,276.1801,2.1701373999999998,0.012638941,3.618075
97,11.980428999999999,1.1127737,0.030619634,4.20034
98,14.975535999999998,1.1127737,0.028460236,4.20034
99,18.869177,1.1127737,0.026455937000000002,4.20034
100,23.960857,1.1127737,0.024598781,4.20034
101,29.951072999999997,1.1127737,0.023035206000000003,4.20034
102,37.438843,1.1127737,0.021616102999999998,4.20034
103,47.921715,1.1127737,0.020193753999999998,4.20034
104,59.902145,1.1127737,0.019025482,4.20034
105,74.877686,1.1127737,0.017955735,4.20034
106,94.34588000000001,1.1127737,0.016940175,4.20034
107,119.80429,1.1127737,0.015978381,4.20034
108,149.75537,1.1127737,0.015152107,4.20034
109,188.69176000000002,1.1127737,0.014362106000000001,4.20034
110,239.60858,1.1127737,0.013608727,4.20034
111,299.51074,1.1127737,0.012957303,4.20034
112,11.980428999999999,1.1128831,0.030052462999999998,3.9452078
113,14.975535999999998,1.1128831,0.027933062999999998,3.9452078
114,18.869177,1.1128831,0.025965892,3.9452078
115,23.960857,1.1128831,0.024143135,3.9452078
116,29.951072999999997,1.1128831,0.022608522000000002,3.9452078
117,37.438843,1.1128831,0.021215707,3.9452078
118,47.921715,1.1128831,0.019819703,3.9452078
119,59.902145,1.1128831,0.01867307,3.9452078
120,74.877686,1.1128831,0.017623138,3.9452078
121,94.34588000000001,1.1128831,0.01662639,3.9452078
122,119.80429,1.1128831,0.015682412,3.9452078
123,149.75537,1.1128831,0.014871443,3.9452078
124,188.69176000000002,1.1128831,0.014096075,3.9452078
125,239.60858,1.1128831,0.01335665,3.9452078
126,299.51074,1.1128831,0.012717293000000001,3.9452078
127,9.434588,1.1130598,0.031606145,3.6001902
128,11.980428999999999,1.1130598,0.029135988999999998,3.6001902
129,14.975535999999998,1.1130598,0.027081222999999998,3.6001902
130,18.869177,1.1130598,0.02517404,3.6001902
131,23.960857,1.1130598,0.02340687,3.6001902
132,29.951072999999997,1.1130598,0.021919057000000002,3.6001902
133,37.438843,1.1130598,0.020568715,3.6001902
134,47.921715,1.1130598,0.019215284,3.6001902
135,59.902145,1.1130598,0.01810362,3.6001902
136,74.877686,1.1130598,0.017085707,3.6001902
137,94.34588000000001,1.1130598,0.016119355,3.6001902
138,119.80429,1.1130598,0.015204163,3.6001902
139,149.75537,1.1130598,0.014417926000000001,3.6001902
140,188.69176000000002,1.1130598,0.013666204,3.6001902
141,239.60858,1.1130598,0.012949328999999999,3.6001902
142,9.434588,1.1131978,0.030829797000000003,3.3718492999999996
143,11.980428999999999,1.1131978,0.028420314,3.3718492999999996
144,14.975535999999998,1.1131978,0.02641602,3.3718492999999996
145,18.869177,1.1131978,0.024555683,3.3718492999999996
146,23.960857,1.1131978,0.022831922,3.3718492999999996
147,29.951072999999997,1.1131978,0.021380654,3.3718492999999996
148,37.438843,1.1131978,0.020063482,3.3718492999999996
149,47.921715,1.1131978,0.018743295,3.3718492999999996
150,59.902145,1.1131978,0.017658936,3.3718492999999996
151,74.877686,1.1131978,0.016666027,3.3718492999999996
152,94.34588000000001,1.1131978,0.015723411,3.3718492999999996
153,119.80429,1.1131978,0.014830700000000002,3.3718492999999996
154,149.75537,1.1131978,0.014063776000000002,3.3718492999999996
155,188.69176000000002,1.1131978,0.013330517,3.3718492999999996
156,8.797212,0.60230696,0.03425669,4.1879063
157,11.084487,0.60230696,0.031559434,4.1879063
158,14.075539000000001,0.60230696,0.029092927999999997,4.1879063
159,17.594423000000003,0.60230696,0.027041199,4.1879063
160,22.168974,0.60230696,0.025136834,4.1879063
161,28.151077,0.60230696,0.023372278,4.1879063
162,35.188846999999996,0.60230696,0.021886662,4.1879063
163,43.986059999999995,0.60230696,0.020538317,4.1879063
164,56.302155000000006,0.60230696,0.019186886,4.1879063
165,70.37769,0.60230696,0.018076863000000002,4.1879063
166,87.97211999999999,0.60230696,0.017060455,4.1879063
167,110.84487,0.60230696,0.016095532,4.1879063
168,140.75538999999998,0.60230696,0.015181693000000001,4.1879063
169,175.94423999999998,0.60230696,0.014396616999999999,4.1879063
170,221.68974,0.60230696,0.013646007,4.1879063
171,281.51077000000004,0.60230696,0.01293019,4.1879063
172,351.8885,0.60230696,0.012311246000000001,4.1879063
173,439.86057,0.60230696,0.011735705,4.1879063
174,8.797212,0.60248804,0.032214057000000004,3.5857120000000005
175,11.084487,0.60248804,0.029677631,3.5857120000000005
176,14.075539000000001,0.60248804,0.027358197,3.5857120000000005
177,17.594423000000003,0.60248804,0.025428806,3.5857120000000005
178,22.168974,0.60248804,0.023637993,3.5857120000000005
179,28.151077,0.60248804,0.021978652,3.5857120000000005
180,35.188846999999996,0.60248804,0.02058162,3.5857120000000005
181,43.986059999999995,0.60248804,0.019313673,3.5857120000000005
182,56.302155000000006,0.60248804,0.018042825,3.5857120000000005
183,70.37769,0.60248804,0.01699899,3.5857120000000005
184,87.97211999999999,0.60248804,0.016043186,3.5857120000000005
185,110.84487,0.60248804,0.015135798999999998,3.5857120000000005
186,140.75538999999998,0.60248804,0.014276450500000001,3.5857120000000005
187,175.94423999999998,0.60248804,0.013538186,3.5857120000000005
188,13.439060000000001,3.5752910000000004,0.024410306,4.2368197
189,17.201995999999998,3.5752910000000004,0.022804094,4.2368197
190,21.502495,3.5752910000000004,0.021484807,4.2368197
191,26.878120000000003,3.5752910000000004,0.02027678,4.2368197
192,33.866432,3.5752910000000004,0.019129943,4.2368197
193,43.00499,3.5752910000000004,0.018043824,4.2368197
194,53.756240000000005,3.5752910000000004,0.01711074,4.2368197
195,67.732864,3.5752910000000004,0.016218621000000003,4.2368197
196,86.00998,3.5752910000000004,0.015367855,4.2368197
197,107.51248000000001,3.5752910000000004,0.014632226000000002,4.2368197
198,134.3906,3.5752910000000004,0.01394818,4.2368197
199,172.01996,3.5752910000000004,0.013245861999999999,4.2368197
200,215.02496000000002,3.5752910000000004,0.01265568,4.2368197
201,3.386643,3.5754879,0.037164576,3.9837196
202,4.300498999999999,3.5754879,0.034260000000000006,3.9837196
203,5.3756237,3.5754879,0.031843875,3.9837196
204,6.773286,3.5754879,0.029601285,3.9837196
205,8.600997999999999,3.5754879,0.027523331,3.9837196
206,10.751247,3.5754879,0.025773862,3.9837196
207,13.439060000000001,3.5754879,0.024186042999999997,3.9837196
208,17.201995999999998,3.5754879,0.02259459,3.9837196
209,21.502495,3.5754879,0.02128742,3.9837196
210,26.878120000000003,3.5754879,0.020090491999999998,3.9837196
211,33.866432,3.5754879,0.018954193,3.9837196
212,43.00499,3.5754879,0.017878052,3.9837196
213,53.756240000000005,3.5754879,0.016953541000000003,3.9837196
214,67.732864,3.5754879,0.016069616999999998,3.9837196
215,3.386643,3.5758057,0.03660886,3.6419935
216,4.300498999999999,3.5758057,0.033747717999999996,3.6419935
217,5.3756237,3.5758057,0.03136772,3.6419935
218,6.773286,3.5758057,0.029158661000000002,3.6419935
219,8.600997999999999,3.5758057,0.027111778,3.6419935
220,10.751247,3.5758057,0.02538847,3.6419935
221,13.439060000000001,3.5758057,0.023824392000000003,3.6419935
222,17.201995999999998,3.5758057,0.022256736000000003,3.6419935
223,21.502495,3.5758057,0.020969113,3.6419935
224,26.878120000000003,3.5758057,0.019790081,3.6419935
225,33.866432,3.5758057,0.018670773,3.6419935
226,43.00499,3.5758057,0.017610723000000002,3.6419935
227,53.756240000000005,3.5758057,0.016700037,3.6419935
228,67.732864,3.5758057,0.01582933,3.6419935
229,3.386643,3.5760534,0.036175112999999995,3.4162245
230,4.300498999999999,3.5760534,0.03334787,3.4162245
231,5.3756237,3.5760534,0.030996071,3.4162245
232,6.773286,3.5760534,0.028813187,3.4162245
233,8.600997999999999,3.5760534,0.026790556,3.4162245
234,10.751247,3.5760534,0.025087664,3.4162245
235,13.439060000000001,3.5760534,0.02354212,3.4162245
236,17.201995999999998,3.5760534,0.021993037000000003,3.4162245
237,21.502495,3.5760534,0.02072067,3.4162245
238,26.878120000000003,3.5760534,0.019555608000000002,3.4162245
239,33.866432,3.5760534,0.01844956,3.4162245
240,43.00499,3.5760534,0.01740207,3.4162245
241,53.756240000000005,3.5760534,0.016502173999999998,3.4162245
242,67.732864,3.5760534,0.015641784,3.4162245
243,7.464629700000001,1.7781022000000002,0.03291026,4.2232404
244,9.330786999999999,1.7781022000000002,0.030589322000000002,4.2232404
245,11.756791,1.7781022000000002,0.028435082999999996,4.2232404
246,14.929259,1.7781022000000002,0.026438994,4.2232404
247,18.661573,1.7781022000000002,0.02475845,4.2232404
248,23.326967,1.7781022000000002,0.023233186,4.2232404
249,29.858519,1.7781022000000002,0.021704432000000003,4.2232404
250,37.323147,1.7781022000000002,0.020448761,4.2232404
251,46.653934,1.7781022000000002,0.019298987,4.2232404
252,58.78396,1.7781022000000002,0.018207455,4.2232404
253,74.64629000000001,1.7781022000000002,0.01717371,4.2232404
254,93.30787,1.7781022000000002,0.016285624,4.2232404
255,117.56792,1.7781022000000002,0.015436523,4.2232404
256,149.29259,1.7781022000000002,0.014626783,4.2232404
257,186.61574,1.7781022000000002,0.013926626999999999,4.2232404
258,7.464629700000001,1.7782360000000001,0.03247598,3.9691904
259,9.330786999999999,1.7782360000000001,0.030185668,3.9691904
260,11.756791,1.7782360000000001,0.028059855,3.9691904
261,14.929259,1.7782360000000001,0.026090107999999997,3.9691904
262,18.661573,1.7782360000000001,0.024431738999999997,3.9691904
263,23.326967,1.7782360000000001,0.022926602999999997,3.9691904
264,29.858519,1.7782360000000001,0.02141802,3.9691904
265,37.323147,1.7782360000000001,0.02017892,3.9691904
266,46.653934,1.7782360000000001,0.01904432,3.9691904
267,58.78396,1.7782360000000001,0.01796719,3.9691904
268,74.64629000000001,1.7782360000000001,0.016947087,3.9691904
269,93.30787,1.7782360000000001,0.01607072,3.9691904
270,117.56792,1.7782360000000001,0.015232823999999999,3.9691904
271,5.8783956,1.7784519,0.034469597000000005,3.6259327000000003
272,7.464629700000001,1.7784519,0.03177565,3.6259327000000003
273,9.330786999999999,1.7784519,0.029534724,3.6259327000000003
274,11.756791,1.7784519,0.027454753999999998,3.6259327000000003
275,14.929259,1.7784519,0.025527485,3.6259327000000003
276,18.661573,1.7784519,0.023904877,3.6259327000000003
277,23.326967,1.7784519,0.022432199,3.6259327000000003
278,29.858519,1.7784519,0.02095615,3.6259327000000003
279,37.323147,1.7784519,0.01974377,3.6259327000000003
280,46.653934,1.7784519,0.018633636000000002,3.6259327000000003
281,58.78396,1.7784519,0.017579734,3.6259327000000003
282,74.64629000000001,1.7784519,0.016581628,3.6259327000000003
283,93.30787,1.7784519,0.01572416,3.6259327000000003
284,117.56792,1.7784519,0.014904333,3.6259327000000003
285,5.8783956,1.7786205000000002,0.033876593999999996,3.3989682
286,7.464629700000001,1.7786205000000002,0.031228992999999997,3.3989682
287,9.330786999999999,1.7786205000000002,0.02902662,3.3989682
288,11.756791,1.7786205000000002,0.026982434,3.3989682
289,14.929259,1.7786205000000002,0.02508832,3.3989682
290,18.661573,1.7786205000000002,0.023493627000000003,3.3989682
291,23.326967,1.7786205000000002,0.022046285,3.3989682
292,29.858519,1.7786205000000002,0.020595629,3.3989682
293,37.323147,1.7786205000000002,0.019404106,3.3989682
294,46.653934,1.7786205000000002,0.01831307,3.3989682
295,58.78396,1.7786205000000002,0.0172773,3.3989682
296,74.64629000000001,1.7786205000000002,0.016296366,3.3989682
297,93.30787,1.7786205000000002,0.015453648,3.3989682
298,117.56792,1.7786205000000002,0.014647925,3.3989682
299,13.28595,0.6020920999999999,0.028470557,4.2046757
300,16.740295,0.6020920999999999,0.026465531,4.2046757
301,21.25752,0.6020920999999999,0.024607702999999998,4.2046757
302,26.5719,0.6020920999999999,0.02304356,4.2046757
303,33.214874,0.6020920999999999,0.021623943,4.2046757
304,42.51504,0.6020920999999999,0.020201078,4.2046757
305,53.1438,0.6020920999999999,0.019032381,4.2046757
306,66.42975,0.6020920999999999,0.017962247,4.2046757
307,83.70148499999999,0.6020920999999999,0.016946318000000002,4.2046757
308,106.2876,0.6020920999999999,0.015984176,4.2046757
309,132.8595,0.6020920999999999,0.015157603,4.2046757
310,167.40296999999998,0.6020920999999999,0.014367315,4.2046757
311,212.5752,0.6020920999999999,0.013613662,4.2046757
312,265.719,0.6020920999999999,0.012962001,4.2046757
313,332.14874,0.6020920999999999,0.012356037,4.2046757
314,425.1504,0.6020920999999999,0.011733888,4.2046757
315,531.438,0.6020920999999999,0.011211073,4.2046757
316,10.62876,0.602154,0.030037038,3.9493275000000003
317,13.28595,0.602154,0.027918726,3.9493275000000003
318,16.740295,0.602154,0.025952562999999998,3.9493275000000003
319,21.25752,0.602154,0.024130743,3.9493275000000003
320,26.5719,0.602154,0.022596917999999997,3.9493275000000003
321,33.214874,0.602154,0.021204816,3.9493275000000003
322,42.51504,0.602154,0.01980953,3.9493275000000003
323,53.1438,0.602154,0.018663486,3.9493275000000003
324,66.42975,0.602154,0.017614093,3.9493275000000003
325,83.70148499999999,0.602154,0.016617855,3.9493275000000003
326,106.2876,0.602154,0.015674362,3.9493275000000003
327,132.8595,0.602154,0.01486381,3.9493275000000003
328,167.40296999999998,0.602154,0.01408884,3.9493275000000003
329,212.5752,0.602154,0.013349795,3.9493275000000003
330,8.370148,0.602254,0.031545,3.6039765
331,10.62876,0.602254,0.029079622000000003,3.6039765
332,13.28595,0.602254,0.02702883,3.6039765
333,16.740295,0.602254,0.025125337999999997,3.6039765
334,21.25752,0.602254,0.023361588,3.6039765
335,26.5719,0.602254,0.021876652000000003,3.6039765
336,33.214874,0.602254,0.020528924,3.6039765
337,42.51504,0.602254,0.01917811,3.6039765
338,53.1438,0.602254,0.018068597,3.6039765
339,66.42975,0.602254,0.017052651999999998,3.6039765
340,83.70148499999999,0.602254,0.016088169,3.6039765
341,106.2876,0.602254,0.015174749,3.6039765
342,132.8595,0.602254,0.014390033,3.6039765
343,167.40296999999998,0.602254,0.013639765,3.6039765
344,212.5752,0.602254,0.012924276,3.6039765
345,6.642975,0.60233194,0.033361044,3.3753777
346,8.370148,0.60233194,0.03073431,3.3753777
347,10.62876,0.60233194,0.02833229,3.3753777
348,13.28595,0.60233194,0.026334202,3.3753777
349,16.740295,0.60233194,0.02447963,3.3753777
350,21.25752,0.60233194,0.022761205,3.3753777
351,26.5719,0.60233194,0.021314432999999997,3.3753777
352,33.214874,0.60233194,0.02000134,3.3753777
353,42.51504,0.60233194,0.018685242,3.3753777
354,53.1438,0.60233194,0.017604241,3.3753777
355,66.42975,0.60233194,0.016614407,3.3753777
356,83.70148499999999,0.60233194,0.015674712,3.3753777
357,106.2876,0.60233194,0.014784765,3.3753777
358,132.8595,0.60233194,0.014020217,3.3753777
359,167.40296999999998,0.60233194,0.01328923,3.3753777
360,12.685445,0.17096895,0.028112923999999997,4.1841707
361,15.856806,0.17096895,0.026130307000000002,4.1841707
362,19.979574,0.17096895,0.024290092000000003,4.1841707
363,25.37089,0.17096895,0.022584975,4.1841707
364,31.713612,0.17096895,0.021149402,4.1841707
365,39.642016999999996,0.17096895,0.019846477,4.1841707
366,50.74178,0.17096895,0.018540569,4.1841707
367,63.427223,0.17096895,0.017467938,4.1841707
368,79.284035,0.17096895,0.016485767,4.1841707
369,99.89788,0.17096895,0.015553349,4.1841707
370,126.85445,0.17096895,0.014670293000000001,4.1841707
371,158.56807,0.17096895,0.013911663000000001,4.1841707
372,199.79576,0.17096895,0.0131863365,4.1841707
373,253.7089,0.17096895,0.012494633,4.1841707
374,317.13614,0.17096895,0.011896539,4.1841707
375,7.928403,0.17102852,0.030734587,3.5797248
376,9.989787,0.17102852,0.02831465,3.5797248
377,12.685445,0.17102852,0.026101738,3.5797248
378,15.856806,0.17102852,0.024260957000000003,3.5797248
379,19.979574,0.17102852,0.02255239,3.5797248
380,25.37089,0.17102852,0.020969255,3.5797248
381,31.713612,0.17102852,0.019636385,3.5797248
382,39.642016999999996,0.17102852,0.01842667,3.5797248
383,50.74178,0.17102852,0.017214185,3.5797248
384,63.427223,0.17102852,0.01621829,3.5797248
385,79.284035,0.17102852,0.015306384,3.5797248
386,99.89788,0.17102852,0.014440669,3.5797248
387,126.85445,0.17102852,0.013620786000000001,3.5797248
388,158.56807,0.17102852,0.012916428999999998,3.5797248
389,199.79576,0.17102852,0.0122429915,3.5797248
390,7.9247875,0.020894542,0.021733682999999997,4.093637999999999
391,9.905985000000001,0.020894542,0.020012496,4.093637999999999
392,12.481539999999999,0.020894542,0.01843678,4.093637999999999
393,15.849575,0.020894542,0.016995866000000002,4.093637999999999
394,19.811970000000002,0.020894542,0.015797261,4.093637999999999
395,24.963079999999998,0.020894542,0.014684746,4.093637999999999
396,31.69915,0.020894542,0.013653905,4.093637999999999
397,39.623940000000005,0.020894542,0.0127860205,4.093637999999999
398,49.529926,0.020894542,0.011998327,4.093637999999999
399,63.3983,0.020894542,0.011208831,4.093637999999999
400,79.24788000000001,0.020894542,0.010560365,4.093637999999999
401,99.05985,0.020894542,0.009966588,4.093637999999999
402,124.81541399999999,0.020894542,0.009402886,4.093637999999999
403,158.49576000000002,0.020894542,0.008869029,4.093637999999999
404,198.1197,0.020894542,0.008410394,4.093637999999999
405,249.63082999999997,0.020894542,0.007971892,4.093637999999999
406,7.9247875,0.02557373,0.019754997,3.8305244
407,9.905985000000001,0.02557373,0.01819051,3.8305244
408,12.481539999999999,0.02557373,0.016758252,3.8305244
409,15.849575,0.02557373,0.015448522,3.8305244
410,19.811970000000002,0.02557373,0.014359041000000001,3.8305244
411,24.963079999999998,0.02557373,0.013347813,3.8305244
412,31.69915,0.02557373,0.012410821,3.8305244
413,39.623940000000005,0.02557373,0.011621951,3.8305244
414,49.529926,0.02557373,0.010905972,3.8305244
415,63.3983,0.02557373,0.010188353,3.8305244
416,79.24788000000001,0.02557373,0.009598925,3.8305244
417,99.05985,0.02557373,0.009059206,3.8305244
418,124.81541399999999,0.02557373,0.0085468255,3.8305244
419,158.49576000000002,0.02557373,0.008061572,3.8305244
420,198.1197,0.02557373,0.007644692,3.8305244
421,249.63082999999997,0.02557373,0.0072461125,3.8305244
422,7.9247875,0.2047266,0.016564224,3.4726519999999996
423,9.905985000000001,0.2047266,0.01525243,3.4726519999999996
424,12.481539999999999,0.2047266,0.014051505,3.4726519999999996
425,15.849575,0.2047266,0.012953319,3.4726519999999996
426,19.811970000000002,0.2047266,0.012039808999999999,3.4726519999999996
427,24.963079999999998,0.2047266,0.01119191,3.4726519999999996
428,31.69915,0.2047266,0.010406259000000001,3.4726519999999996
429,39.623940000000005,0.2047266,0.009744805,3.4726519999999996
430,49.529926,0.2047266,0.009144469,3.4726519999999996
431,63.3983,0.2047266,0.008542758000000001,3.4726519999999996
432,79.24788000000001,0.2047266,0.0080485325,3.4726519999999996
433,99.05985,0.2047266,0.0075959875,3.4726519999999996
434,124.81541399999999,0.2047266,0.0071663656,3.4726519999999996
435,158.49576000000002,0.2047266,0.0067594885,3.4726519999999996
436,198.1197,0.2047266,0.006409941999999999,3.4726519999999996
437,249.63082999999997,0.2047266,0.0060757403,3.4726519999999996
438,7.9247875,0.34456488,0.014073657,3.2342803
439,9.905985000000001,0.34456488,0.012959101,3.2342803
440,12.481539999999999,0.34456488,0.011938746,3.2342803
441,15.849575,0.34456488,0.011005681000000002,3.2342803
442,19.811970000000002,0.34456488,0.010229524,3.2342803
443,24.963079999999998,0.34456488,0.009509115,3.2342803
444,31.69915,0.34456488,0.008841593,3.2342803
445,39.623940000000005,0.34456488,0.008279594,3.2342803
446,49.529926,0.34456488,0.0077695227,3.2342803
447,63.3983,0.34456488,0.0072582843999999995,3.2342803
448,79.24788000000001,0.34456488,0.0068383696,3.2342803
449,99.05985,0.34456488,0.0064538684999999995,3.2342803
450,124.81541399999999,0.34456488,0.0060888436,3.2342803
451,158.49576000000002,0.34456488,0.005743144,3.2342803
452,198.1197,0.34456488,0.005446154599999999,3.2342803
453,249.63082999999997,0.34456488,0.0051622028000000006,3.2342803
454,5.761881400000001,3.5745752,0.028283312999999997,4.246219
455,7.202352,3.5745752,0.026485536,4.246219
456,9.002939999999999,3.5745752,0.024853873999999998,4.246219
457,11.523763,3.5745752,0.023218477,4.246219
458,14.404704,3.5745752,0.021875216,4.246219
459,18.005879999999998,3.5745752,0.020645237,4.246219
460,22.687407999999998,3.5745752,0.019477561,4.246219
461,28.809408,3.5745752,0.018371705,4.246219
462,36.011759999999995,3.5745752,0.017421667,4.246219
463,45.374817,3.5745752,0.016513336,4.246219
464,57.618816,3.5745752,0.015647111000000002,4.246219
465,72.02351999999999,3.5745752,0.014898113000000001,4.246219
466,90.0294,3.5745752,0.014201637,4.246219
467,115.23763000000001,3.5745752,0.013486558000000001,4.246219
468,3.601176,3.5747430000000002,0.032471277,3.9934992999999994
469,4.537482,3.5747430000000002,0.030184503999999997,3.9934992999999994
470,5.761881400000001,3.5747430000000002,0.028065609,3.9934992999999994
471,7.202352,3.5747430000000002,0.026281672000000002,3.9934992999999994
472,9.002939999999999,3.5747430000000002,0.02466257,3.9934992999999994
473,11.523763,3.5747430000000002,0.02303976,3.9934992999999994
474,14.404704,3.5747430000000002,0.021706836,3.9934992999999994
475,18.005879999999998,3.5747430000000002,0.020486325,3.9934992999999994
476,22.687407999999998,3.5747430000000002,0.019327636999999998,3.9934992999999994
477,28.809408,3.5747430000000002,0.018230293,3.9934992999999994
478,36.011759999999995,3.5747430000000002,0.01728757,3.9934992999999994
479,45.374817,3.5747430000000002,0.01638623,3.9934992999999994
480,57.618816,3.5747430000000002,0.015526672,3.9934992999999994
481,72.02351999999999,3.5747430000000002,0.014783438999999999,3.9934992999999994
482,90.0294,3.5747430000000002,0.014092324,3.9934992999999994
483,115.23763000000001,3.5747430000000002,0.013382749,3.9934992999999994
484,3.601176,3.575014,0.03206516,3.652387
485,4.537482,3.575014,0.029806986,3.652387
486,5.761881400000001,3.575014,0.027714593,3.652387
487,7.202352,3.575014,0.025952967,3.652387
488,9.002939999999999,3.575014,0.024354112999999997,3.652387
489,11.523763,3.575014,0.022751601,3.652387
490,14.404704,3.575014,0.02143535,3.652387
491,18.005879999999998,3.575014,0.020230103,3.652387
492,22.687407999999998,3.575014,0.019085906,3.652387
493,28.809408,3.575014,0.018002287,3.652387
494,36.011759999999995,3.575014,0.017071353,3.652387
495,45.374817,3.575014,0.016181286,3.652387
496,57.618816,3.575014,0.015332479,3.652387
497,72.02351999999999,3.575014,0.014598543,3.652387
498,3.601176,3.5752260000000002,0.031747700000000004,3.4270928
499,4.537482,3.5752260000000002,0.029511882000000003,3.4270928
500,5.761881400000001,3.5752260000000002,0.027440203,3.4270928
501,7.202352,3.5752260000000002,0.025696019,3.4270928
502,9.002939999999999,3.5752260000000002,0.024112996,3.4270928
503,11.523763,3.5752260000000002,0.022526347999999998,3.4270928
504,14.404704,3.5752260000000002,0.021223127999999997,3.4270928
505,18.005879999999998,3.5752260000000002,0.020029815,3.4270928
506,22.687407999999998,3.5752260000000002,0.018896947,3.4270928
507,28.809408,3.5752260000000002,0.017824056,3.4270928
508,36.011759999999995,3.5752260000000002,0.016902339,3.4270928
509,45.374817,3.5752260000000002,0.016021083999999998,3.4270928
510,57.618816,3.5752260000000002,0.01518068,3.4270928
511,9.044447,1.2954316000000001,0.028881202,4.2317276
512,11.485011,1.2954316000000001,0.026853796,4.2317276
513,14.356264999999999,1.2954316000000001,0.025146885,4.2317276
514,17.945332,1.2954316000000001,0.023597691,4.2317276
515,22.970022,1.2954316000000001,0.022044953,4.2317276
516,28.712529999999997,1.2954316000000001,0.020769583,4.2317276
517,35.890663,1.2954316000000001,0.01960177,4.2317276
518,45.222233,1.2954316000000001,0.018493112,4.2317276
519,57.425059999999995,1.2954316000000001,0.017443148000000002,4.2317276
520,71.78133000000001,1.2954316000000001,0.016541128999999998,4.2317276
521,90.444466,1.2954316000000001,0.015678708,4.2317276
522,114.85011999999999,1.2954316000000001,0.014856263,4.2317276
523,143.56265,1.2954316000000001,0.014145122,4.2317276
524,179.45331000000002,1.2954316000000001,0.0134838475,4.2317276
525,229.70023999999998,1.2954316000000001,0.012804911,4.2317276
526,7.178132499999999,1.2956742,0.030065656,3.6348672
527,9.044447,1.2956742,0.027948296,3.6348672
528,11.485011,1.2956742,0.025986379,3.6348672
529,14.356264999999999,1.2956742,0.024334604,3.6348672
530,17.945332,1.2956742,0.022835452000000003,3.6348672
531,22.970022,1.2956742,0.021332867000000002,3.6348672
532,28.712529999999997,1.2956742,0.020098694,3.6348672
533,35.890663,1.2956742,0.018968605,3.6348672
534,45.222233,1.2956742,0.017895756000000002,3.6348672
535,57.425059999999995,1.2956742,0.01687971,3.6348672
536,71.78133000000001,1.2956742,0.016006825,3.6348672
537,90.444466,1.2956742,0.015172261999999999,3.6348672
538,114.85011999999999,1.2956742,0.014376383999999999,3.6348672
539,143.56265,1.2956742,0.013688213999999999,3.6348672
540,179.45331000000002,1.2956742,0.0130483,3.6348672
541,8.604072,0.14861448,0.030092282,4.2045727
542,10.75509,0.14861448,0.027970076,4.2045727
543,13.551413,0.14861448,0.026000297000000002,4.2045727
544,17.208143,0.14861448,0.024175124,4.2045727
545,21.51018,0.14861448,0.02263848,4.2045727
546,26.887724,0.14861448,0.021243817999999998,4.2045727
547,34.416286,0.14861448,0.019845964,4.2045727
548,43.02036,0.14861448,0.018697811,4.2045727
549,53.775448,0.14861448,0.01764649,4.2045727
550,67.757065,0.14861448,0.01664842,4.2045727
551,86.04072,0.14861448,0.01570319,4.2045727
552,107.550896,0.14861448,0.014891148,4.2045727
553,135.51413,0.14861448,0.014114752,4.2045727
554,8.604072,0.14863199,0.029412294,3.9485219
555,10.75509,0.14863199,0.027338041,3.9485219
556,13.551413,0.14863199,0.025412772,3.9485219
557,17.208143,0.14863199,0.023628844,3.9485219
558,21.51018,0.14863199,0.022126922,3.9485219
559,26.887724,0.14863199,0.020763775,3.9485219
560,34.416286,0.14863199,0.019397508,3.9485219
561,43.02036,0.14863199,0.018275302,3.9485219
562,53.775448,0.14863199,0.017247735,3.9485219
563,67.757065,0.14863199,0.016272218999999997,3.9485219
564,86.04072,0.14863199,0.015348348999999999,3.9485219
565,107.550896,0.14863199,0.014554655,3.9485219
566,135.51413,0.14863199,0.013795803999999998,3.9485219
567,172.08144,0.14863199,0.01307213,3.9485219
568,6.7757062999999995,0.14866026,0.030716496,3.6020385999999998
569,8.604072,0.14866026,0.028315867999999998,3.6020385999999998
570,10.75509,0.14866026,0.02631894,3.6020385999999998
571,13.551413,0.14866026,0.02446544,3.6020385999999998
572,17.208143,0.14866026,0.022748014,3.6020385999999998
573,21.51018,0.14866026,0.021302078,3.6020385999999998
574,26.887724,0.14866026,0.019989748,3.6020385999999998
575,34.416286,0.14866026,0.018674413,3.6020385999999998
576,43.02036,0.14866026,0.01759404,3.6020385999999998
577,53.775448,0.14866026,0.016604777,3.6020385999999998
578,67.757065,0.14866026,0.015665626000000002,3.6020385999999998
579,86.04072,0.14866026,0.014776196,3.6020385999999998
580,107.550896,0.14866026,0.01401209,3.6020385999999998
581,135.51413,0.14866026,0.013281527,3.6020385999999998
582,6.7757062999999995,0.14868233,0.029786775,3.3725464
583,8.604072,0.14868233,0.027458807000000002,3.3725464
584,10.75509,0.14868233,0.025522323,3.3725464
585,13.551413,0.14868233,0.023724925,3.3725464
586,17.208143,0.14868233,0.02205948,3.3725464
587,21.51018,0.14868233,0.02065731,3.3725464
588,26.887724,0.14868233,0.0193847,3.3725464
589,34.416286,0.14868233,0.018109178,3.3725464
590,43.02036,0.14868233,0.017061505,3.3725464
591,53.775448,0.14868233,0.016102187,3.3725464
592,67.757065,0.14868233,0.015191462,3.3725464
593,86.04072,0.14868233,0.014328953,3.3725464
594,107.550896,0.14868233,0.013587975,3.3725464
595,135.51413,0.14868233,0.012879524,3.3725464
596,8.278027999999999,0.013587481,0.02457867,4.1440269999999995
597,10.511781,0.013587481,0.022657739,4.1440269999999995
598,13.139726999999999,0.013587481,0.02105984,4.1440269999999995
599,16.556054999999997,0.013587481,0.019576712,4.1440269999999995
600,21.023560999999997,0.013587481,0.018202463000000002,4.1440269999999995
601,26.279453000000004,0.013587481,0.017045459,4.1440269999999995
602,32.849315999999995,0.013587481,0.015995359,4.1440269999999995
603,42.047123,0.013587481,0.014942857,4.1440269999999995
604,52.558907,0.013587481,0.014078366,4.1440269999999995
605,65.69863000000001,0.013587481,0.013286781000000001,4.1440269999999995
606,82.78027,0.013587481,0.012535293000000001,4.1440269999999995
607,105.11781,0.013587481,0.01182359,4.1440269999999995
608,131.39726000000002,0.013587481,0.011212169,4.1440269999999995
609,165.56055,0.013587481,0.010627588,4.1440269999999995
610,210.23563,0.013587481,0.010070107,4.1440269999999995
611,262.79453,0.013587481,0.009588069,4.1440269999999995
612,6.5698633,0.013595315,0.022758472999999998,3.5288434
613,8.278027999999999,0.013595315,0.020966548,3.5288434
614,10.511781,0.013595315,0.019327922,3.5288434
615,13.139726999999999,0.013595315,0.017964853,3.5288434
616,16.556054999999997,0.013595315,0.016699687,3.5288434
617,21.023560999999997,0.013595315,0.0155274,3.5288434
618,26.279453000000004,0.013595315,0.01454043,3.5288434
619,32.849315999999995,0.013595315,0.013644655,3.5288434
620,42.047123,0.013595315,0.0127468305,3.5288434
621,52.558907,0.013595315,0.012009386,3.5288434
622,65.69863000000001,0.013595315,0.011334133,3.5288434
623,82.78027,0.013595315,0.010693085,3.5288434
624,105.11781,0.013595315,0.010085976,3.5288434
625,131.39726000000002,0.013595315,0.00956441,3.5288434
626,165.56055,0.013595315,0.009065741,3.5288434
627,210.23563,0.013595315,0.008590186999999999,3.5288434
628,262.79453,0.013595315,0.008178991,3.5288434
629,6.6866727,2.001737,-0.00294662,3.9407723
630,8.358341000000001,2.001737,-0.0027132642,3.9407723
631,10.531509,2.001737,-0.002499631,3.9407723
632,13.373345,2.001737,-0.002304274,3.9407723
633,16.716682000000002,2.001737,-0.002141769,3.9407723
634,21.063019,2.001737,-0.0019909358,3.9407723
635,26.74669,2.001737,-0.001851176,3.9407723
636,33.433365,2.001737,-0.0017335095000000002,3.9407723
637,41.791706,2.001737,-0.0016267153,3.9407723
638,53.49338,2.001737,-0.0015196766,3.9407723
639,66.86673,2.001737,-0.0014317585000000002,3.9407723
640,83.58341,2.001737,-0.001351255,3.9407723
641,105.31509399999999,2.001737,-0.0012748291,3.9407723
642,133.73346,2.001737,-0.0012024497,3.9407723
643,167.16682,2.001737,-0.0011402685,3.9407723
644,210.63019,2.001737,-0.0010808172,3.9407723
645,6.6866727,2.2370229999999998,-0.0071297190000000005,3.6636288
646,8.358341000000001,2.2370229999999998,-0.006565085,3.6636288
647,10.531509,2.2370229999999998,-0.0060481727,3.6636288
648,13.373345,2.2370229999999998,-0.005575482,3.6636288
649,16.716682000000002,2.2370229999999998,-0.00518228,3.6636288
650,21.063019,2.2370229999999998,-0.0048173205,3.6636288
651,26.74669,2.2370229999999998,-0.004479154,3.6636288
652,33.433365,2.2370229999999998,-0.004194445,3.6636288
653,41.791706,2.2370229999999998,-0.003936043,3.6636288
654,53.49338,2.2370229999999998,-0.0036770492,3.6636288
655,66.86673,2.2370229999999998,-0.0034643203999999996,3.6636288
656,83.58341,2.2370229999999998,-0.0032695318,3.6636288
657,105.31509399999999,2.2370229999999998,-0.0030846102000000003,3.6636288
658,133.73346,2.2370229999999998,-0.0029094785,3.6636288
659,167.16682,2.2370229999999998,-0.0027590238,3.6636288
660,210.63019,2.2370229999999998,-0.0026151736,3.6636288
661,6.6866727,2.6163887999999997,-0.01387438,3.2831407
662,8.358341000000001,2.6163887999999997,-0.0127756065,3.2831407
663,10.531509,2.6163887999999997,-0.011769699,3.2831407
664,13.373345,2.6163887999999997,-0.010849846000000002,3.2831407
665,16.716682000000002,2.6163887999999997,-0.010084678,3.2831407
666,21.063019,2.6163887999999997,-0.0093744695,3.2831407
667,26.74669,2.6163887999999997,-0.008716400000000001,3.2831407
668,33.433365,2.6163887999999997,-0.008162358,3.2831407
669,41.791706,2.6163887999999997,-0.00765951,3.2831407
670,53.49338,2.6163887999999997,-0.00715551,3.2831407
671,66.86673,2.6163887999999997,-0.0067415414,3.2831407
672,83.58341,2.6163887999999997,-0.0063624843,3.2831407
673,105.31509399999999,2.6163887999999997,-0.0060026281999999995,3.2831407
674,133.73346,2.6163887999999997,-0.0056618232999999995,3.2831407
675,167.16682,2.6163887999999997,-0.0053690393000000005,3.2831407
676,210.63019,2.6163887999999997,-0.0050891084,3.2831407
677,6.6866727,2.9129462000000004,-0.019146807,3.0270693
678,8.358341000000001,2.9129462000000004,-0.017630486,3.0270693
679,10.531509,2.9129462000000004,-0.016242322,3.0270693
680,13.373345,2.9129462000000004,-0.014972913999999999,3.0270693
681,16.716682000000002,2.9129462000000004,-0.013916975,3.0270693
682,21.063019,2.9129462000000004,-0.012936878,3.0270693
683,26.74669,2.9129462000000004,-0.012028734,3.0270693
684,33.433365,2.9129462000000004,-0.01126415,3.0270693
685,41.791706,2.9129462000000004,-0.010570213,3.0270693
686,53.49338,2.9129462000000004,-0.009874688000000001,3.0270693
687,66.86673,2.9129462000000004,-0.009303407,3.0270693
688,83.58341,2.9129462000000004,-0.008780303,3.0270693
689,105.31509399999999,2.9129462000000004,-0.008283697,3.0270693
690,133.73346,2.9129462000000004,-0.007813383,3.0270693
691,167.16682,2.9129462000000004,-0.0074093373999999995,3.0270693
692,210.63019,2.9129462000000004,-0.007023029,3.0270693
693,8.1174555,8.331205,-0.08157325,3.4406257000000005
694,10.14682,8.331205,-0.0751131,3.4406257000000005
695,12.784993,8.331205,-0.06919895,3.4406257000000005
696,16.234911,8.331205,-0.06379075,3.4406257000000005
697,20.29364,8.331205,-0.05929202,3.4406257000000005
698,25.569986,8.331205,-0.055116408,3.4406257000000005
699,32.469822,8.331205,-0.05124734,3.4406257000000005
700,40.58728,8.331205,-0.047989897000000004,3.4406257000000005
701,50.7341,8.331205,-0.045033444000000006,3.4406257000000005
702,64.939644,8.331205,-0.04207022,3.4406257000000005
703,81.17456,8.331205,-0.039636325,3.4406257000000005
704,101.4682,8.331205,-0.037407693,3.4406257000000005
705,127.84993,8.331205,-0.035291947000000004,3.4406257000000005
706,162.34912,8.331205,-0.033288213999999997,3.4406257000000005
707,202.9364,8.331205,-0.031566814,3.4406257000000005
708,255.69986,8.331205,-0.029920983999999998,3.4406257000000005
709,8.1174555,9.876873,-0.10892963,2.6788292
710,10.14682,9.876873,-0.10030301,2.6788292
711,12.784993,9.876873,-0.09240549,2.6788292
712,16.234911,9.876873,-0.0851836,2.6788292
713,20.29364,9.876873,-0.07917617,2.6788292
714,25.569986,9.876873,-0.073600225,2.6788292
715,32.469822,9.876873,-0.068433635,2.6788292
716,40.58728,9.876873,-0.06408378,2.6788292
717,50.7341,9.876873,-0.060135845,2.6788292
718,64.939644,9.876873,-0.05617888,2.6788292
719,81.17456,9.876873,-0.052928752999999995,2.6788292
720,101.4682,9.876873,-0.049952723,2.6788292
721,127.84993,9.876873,-0.047127444000000004,2.6788292
722,162.34912,9.876873,-0.04445174,2.6788292
723,202.9364,9.876873,-0.042153052999999996,2.6788292
724,255.69986,9.876873,-0.039955277000000004,2.6788292
725,1.9272529999999999,3.5734472000000004,0.029177658,4.261032
726,2.4090662,3.5734472000000004,0.027323036000000002,4.261032
727,3.011333,3.5734472000000004,0.025639778,4.261032
728,3.8545059999999998,3.5734472000000004,0.023952669,4.261032
729,4.8181324,3.5734472000000004,0.022566931000000002,4.261032
730,6.022666,3.5734472000000004,0.021298057999999998,4.261032
731,7.5885587,3.5734472000000004,0.02009346,4.261032
732,9.636265,3.5734472000000004,0.018952636000000002,4.261032
733,12.045332,3.5734472000000004,0.017972557,4.261032
734,15.177117,3.5734472000000004,0.017035503,4.261032
735,19.27253,3.5734472000000004,0.016141888,4.261032
736,24.090664,3.5734472000000004,0.015369207,4.261032
737,30.113327,3.5734472000000004,0.014650706999999999,4.261032
738,1.9272529999999999,3.5734754,0.029141136,4.010149
739,2.4090662,3.5734754,0.027288833999999998,4.010149
740,3.011333,3.5734754,0.025607685,4.010149
741,3.8545059999999998,3.5734754,0.023922686000000002,4.010149
742,4.8181324,3.5734754,0.022538682,4.010149
743,6.022666,3.5734754,0.021271400000000003,4.010149
744,7.5885587,3.5734754,0.020068308,4.010149
745,9.636265,3.5734754,0.018928912,4.010149
746,12.045332,3.5734754,0.01795006,4.010149
747,15.177117,3.5734754,0.01701418,4.010149
748,19.27253,3.5734754,0.016121682,4.010149
749,24.090664,3.5734754,0.015349968,4.010149
750,30.113327,3.5734754,0.014632368,4.010149
751,1.9272529999999999,3.5735144999999995,0.02909025,3.6720788
752,2.4090662,3.5735144999999995,0.027241183,3.6720788
753,3.011333,3.5735144999999995,0.025562968,3.6720788
754,3.8545059999999998,3.5735144999999995,0.023880912,3.6720788
755,4.8181324,3.5735144999999995,0.022499327000000003,3.6720788
756,6.022666,3.5735144999999995,0.021234255,3.6720788
757,7.5885587,3.5735144999999995,0.020033265,3.6720788
758,9.636265,3.5735144999999995,0.018895858999999997,3.6720788
759,12.045332,3.5735144999999995,0.017918717,3.6720788
760,15.177117,3.5735144999999995,0.01698447,3.6720788
761,19.27253,3.5735144999999995,0.016093532,3.6720788
762,24.090664,3.5735144999999995,0.015323163999999998,3.6720788
763,30.113327,3.5735144999999995,0.014606818,3.6720788
764,1.9272529999999999,3.5735412,0.029055621,3.4492154000000004
765,2.4090662,3.5735412,0.027208755,3.4492154000000004
766,3.011333,3.5735412,0.025532537999999997,3.4492154000000004
767,3.8545059999999998,3.5735412,0.023852484,3.4492154000000004
768,4.8181324,3.5735412,0.022472544,3.4492154000000004
769,6.022666,3.5735412,0.02120898,3.4492154000000004
770,7.5885587,3.5735412,0.020009419,3.4492154000000004
771,9.636265,3.5735412,0.018873366000000003,3.4492154000000004
772,12.045332,3.5735412,0.017897386,3.4492154000000004
773,15.177117,3.5735412,0.016964251,3.4492154000000004
774,19.27253,3.5735412,0.016074374,3.4492154000000004
775,24.090664,3.5735412,0.015304924,3.4492154000000004
776,30.113327,3.5735412,0.01458943,3.4492154000000004
777,9.810079,0.5181518,0.022992,4.249169
778,12.262597999999999,0.5181518,0.02166184,4.249169
779,15.328249,0.5181518,0.020443858999999998,4.249169
780,19.313593,0.5181518,0.019287573,4.249169
781,24.525195999999998,0.5181518,0.018192503999999998,4.249169
782,30.656498,0.5181518,0.017251733999999998,4.249169
783,38.627186,0.5181518,0.016352262,4.249169
784,49.050391999999995,0.5181518,0.015494486000000002,4.249169
785,61.312996,0.5181518,0.014752795,4.249169
786,76.641235,0.5181518,0.014063112,4.249169
787,6.131298999999999,0.51817065,0.026069352,3.659393
788,7.6641245,0.51817065,0.02446333,3.659393
789,9.810079,0.51817065,0.022853632000000002,3.659393
790,12.262597999999999,0.51817065,0.021531476,3.659393
791,15.328249,0.51817065,0.020320825,3.659393
792,19.313593,0.51817065,0.019171497,3.659393
793,24.525195999999998,0.51817065,0.018083017,3.659393
794,30.656498,0.51817065,0.01714791,3.659393
795,38.627186,0.51817065,0.016253851,3.659393
796,49.050391999999995,0.51817065,0.015401238000000001,3.659393
797,61.312996,0.51817065,0.01466401,3.659393
798,7.8828254,0.20363604,0.021423854,4.182429
799,9.853532000000001,0.20363604,0.020062087,4.182429
800,12.3169155,0.20363604,0.018826146000000002,4.182429
801,15.765651,0.20363604,0.017587377,4.182429
802,19.707064000000003,0.20363604,0.01656989,4.182429
803,24.633831,0.20363604,0.015638215,4.182429
804,31.038626,0.20363604,0.014753732,4.182429
805,39.414127,0.20363604,0.013916075,4.182429
806,49.267662,0.20363604,0.013196448000000001,4.182429
807,3.9414127,0.20364752,0.026342537000000003,3.9292684
808,4.926766000000001,0.20364752,0.024484773999999997,3.9292684
809,6.207725,0.20364752,0.022760447000000003,3.9292684
810,7.8828254,0.20364752,0.021162705,3.9292684
811,9.853532000000001,0.20364752,0.019817539,3.9292684
812,12.3169155,0.20364752,0.018596664,3.9292684
813,15.765651,0.20364752,0.017372994,3.9292684
814,19.707064000000003,0.20364752,0.016367912,3.9292684
815,24.633831,0.20364752,0.015447592,3.9292684
816,31.038626,0.20364752,0.014573891,3.9292684
817,39.414127,0.20364752,0.013746445,3.9292684
818,49.267662,0.20364752,0.013035588999999998,3.9292684
819,3.9414127,0.2036635,0.025889587000000002,3.5880256
820,4.926766000000001,0.2036635,0.024063768,3.5880256
821,6.207725,0.2036635,0.022369088999999998,3.5880256
822,7.8828254,0.2036635,0.020798821000000002,3.5880256
823,9.853532000000001,0.2036635,0.019476783,3.5880256
824,12.3169155,0.2036635,0.018276900000000002,3.5880256
825,15.765651,0.2036635,0.017074271999999998,3.5880256
826,19.707064000000003,0.2036635,0.016086472,3.5880256
827,24.633831,0.2036635,0.015181976000000002,3.5880256
828,31.038626,0.2036635,0.014323298,3.5880256
829,39.414127,0.2036635,0.013510079,3.5880256
830,3.9414127,0.20367439,0.025581326,3.3630028
831,4.926766000000001,0.20367439,0.023777246000000002,3.3630028
832,6.207725,0.20367439,0.022102745,3.3630028
833,7.8828254,0.20367439,0.020551175,3.3630028
834,9.853532000000001,0.20367439,0.019244878,3.3630028
835,12.3169155,0.20367439,0.018059282,3.3630028
836,15.765651,0.20367439,0.016870974,3.3630028
837,19.707064000000003,0.20367439,0.015894935,3.3630028
838,24.633831,0.20367439,0.015001208500000002,3.3630028
839,31.038626,0.20367439,0.014152753999999998,3.3630028
840,39.414127,0.20367439,0.013349218000000001,3.3630028
841,2.467004,1.969614,0.010318126,4.0309734
842,3.0837553,1.969614,0.009500988,4.0309734
843,3.8855313999999996,1.969614,0.008752912,4.0309734
844,4.934008,1.969614,0.008068834,4.0309734
845,6.167510500000001,1.969614,0.0074997935,4.0309734
846,7.771063000000001,1.969614,0.006971624,4.0309734
847,9.868016,1.969614,0.006482229,4.0309734
848,12.335021000000001,1.969614,0.0060701984999999995,4.0309734
849,15.418776500000002,1.969614,0.0056962394,4.0309734
850,19.736032,1.969614,0.005321424,4.0309734
851,24.670042000000002,1.969614,0.0050135627,4.0309734
852,30.837553000000003,1.969614,0.004731665,4.0309734
853,38.855315999999995,1.969614,0.004464046,4.0309734
854,49.340084000000004,1.969614,0.004210596,4.0309734
855,2.467004,2.1186156000000005,0.007673917299999999,3.4260695
856,3.0837553,2.1186156000000005,0.0070661856,3.4260695
857,3.8855313999999996,2.1186156000000005,0.0065098180000000005,3.4260695
858,4.934008,2.1186156000000005,0.006001048,3.4260695
859,6.167510500000001,2.1186156000000005,0.005577834,3.4260695
860,7.771063000000001,2.1186156000000005,0.005185018,3.4260695
861,9.868016,2.1186156000000005,0.0048210393,3.4260695
862,12.335021000000001,2.1186156000000005,0.004514599,3.4260695
863,15.418776500000002,2.1186156000000005,0.0042364737,3.4260695
864,19.736032,2.1186156000000005,0.003957711599999999,3.4260695
865,24.670042000000002,2.1186156000000005,0.0037287455,3.4260695
866,30.837553000000003,2.1186156000000005,0.0035190890000000004,3.4260695
867,38.855315999999995,2.1186156000000005,0.0033200525,3.4260695
868,49.340084000000004,2.1186156000000005,0.0031315534999999998,3.4260695
869,3.2114507999999997,8.149455,-0.023161015,3.817843
870,4.014313700000001,8.149455,-0.021326791,3.817843
871,5.058035,8.149455,-0.019647593,3.817843
872,6.422901599999999,8.149455,-0.018112048999999998,3.817843
873,8.028627,8.149455,-0.016834727,3.817843
874,10.11607,8.149455,-0.01564915,3.817843
875,12.845803,8.149455,-0.014550608999999999,3.817843
876,16.057254999999998,8.149455,-0.013625726000000001,3.817843
877,20.07157,8.149455,-0.012786303,3.817843
878,25.691607,8.149455,-0.011944958,3.817843
879,32.114509999999996,8.149455,-0.011253905,3.817843
880,40.14314,8.149455,-0.010621130500000001,3.817843
881,50.580353,8.149455,-0.010020409000000001,3.817843
882,64.22901999999999,8.149455,-0.009451491999999999,3.817843
883,80.28628,8.149455,-0.008962735999999999,3.817843
884,101.160706,8.149455,-0.008495437,3.817843
885,128.45803999999998,8.149455,-0.008049799,3.817843
886,3.2114507999999997,8.267557,-0.025235627000000004,3.5541267
887,4.014313700000001,8.267557,-0.023237105,3.5541267
888,5.058035,8.267557,-0.021407496,3.5541267
889,6.422901599999999,8.267557,-0.019734407,3.5541267
890,8.028627,8.267557,-0.018342672,3.5541267
891,10.11607,8.267557,-0.017050898000000002,3.5541267
892,12.845803,8.267557,-0.015853956000000002,3.5541267
893,16.057254999999998,8.267557,-0.01484623,3.5541267
894,20.07157,8.267557,-0.013931616,3.5541267
895,25.691607,8.267557,-0.013014909,3.5541267
896,32.114509999999996,8.267557,-0.012261956000000001,3.5541267
897,40.14314,8.267557,-0.011572502,3.5541267
898,50.580353,8.267557,-0.010917972,3.5541267
899,64.22901999999999,8.267557,-0.010298094,3.5541267
900,80.28628,8.267557,-0.009765559,3.5541267
901,101.160706,8.267557,-0.009256402,3.5541267
902,3.2114507999999997,8.432122999999999,-0.028126428,3.1981761000000004
903,4.014313700000001,8.432122999999999,-0.02589897,3.1981761000000004
904,5.058035,8.432122999999999,-0.023859772999999997,3.1981761000000004
905,6.422901599999999,8.432122999999999,-0.021995028,3.1981761000000004
906,8.028627,8.432122999999999,-0.020443866,3.1981761000000004
907,10.11607,8.432122999999999,-0.019004118,3.1981761000000004
908,12.845803,8.432122999999999,-0.017670065,3.1981761000000004
909,16.057254999999998,8.432122999999999,-0.016546900000000003,3.1981761000000004
910,20.07157,8.432122999999999,-0.015527515,3.1981761000000004
911,25.691607,8.432122999999999,-0.014505796999999999,3.1981761000000004
912,32.114509999999996,8.432122999999999,-0.013666591,3.1981761000000004
913,40.14314,8.432122999999999,-0.012898159,3.1981761000000004
914,50.580353,8.432122999999999,-0.012168650500000001,3.1981761000000004
915,64.22901999999999,8.432122999999999,-0.011477765,3.1981761000000004
916,80.28628,8.432122999999999,-0.010884226,3.1981761000000004
917,101.160706,8.432122999999999,-0.010316744000000001,3.1981761000000004
918,3.2114507999999997,8.544116,-0.03009373,2.9631445
919,4.014313700000001,8.544116,-0.027710473,2.9631445
920,5.058035,8.544116,-0.025528645,2.9631445
921,6.422901599999999,8.544116,-0.02353347,2.9631445
922,8.028627,8.544116,-0.021873813,2.9631445
923,10.11607,8.544116,-0.020333359,2.9631445
924,12.845803,8.544116,-0.018905997,2.9631445
925,16.057254999999998,8.544116,-0.017704273,2.9631445
926,20.07157,8.544116,-0.016613588000000002,2.9631445
927,25.691607,8.544116,-0.015520405,2.9631445
928,32.114509999999996,8.544116,-0.0146225,2.9631445
929,40.14314,8.544116,-0.01380032,2.9631445
930,50.580353,8.544116,-0.013019787,2.9631445
931,64.22901999999999,8.544116,-0.012280576999999999,2.9631445
932,80.28628,8.544116,-0.011645523999999999,2.9631445
933,101.160706,8.544116,-0.011038349,2.9631445
934,3.9736222999999997,16.617981,-0.04400306599999999,3.6852273999999996
935,4.9670277,16.617981,-0.040518265,3.6852273999999996
936,6.2584550000000005,16.617981,-0.037327997,3.6852273999999996
937,7.947244599999999,16.617981,-0.03441065,3.6852273999999996
938,9.934055,16.617981,-0.031983897000000004,3.6852273999999996
939,12.516910000000001,16.617981,-0.029731447,3.6852273999999996
940,15.894489000000002,16.617981,-0.027644357,3.6852273999999996
941,19.86811,16.617981,-0.025887195,3.6852273999999996
942,24.83514,16.617981,-0.024292395,3.6852273999999996
943,31.788978999999998,16.617981,-0.022693942999999998,3.6852273999999996
944,39.73622,16.617981,-0.021381026,3.6852273999999996
945,49.67028,16.617981,-0.020178834,3.6852273999999996
946,62.584553,16.617981,-0.019037537,3.6852273999999996
947,79.47244,16.617981,-0.017956665,3.6852273999999996
948,3.9736222999999997,16.989174,-0.05041361,3.056384
949,4.9670277,16.989174,-0.04642113,3.056384
950,6.2584550000000005,16.989174,-0.04276609,3.056384
951,7.947244599999999,16.989174,-0.039423734,3.056384
952,9.934055,16.989174,-0.03664344,3.056384
953,12.516910000000001,16.989174,-0.034062844,3.056384
954,15.894489000000002,16.989174,-0.0316717,3.056384
955,19.86811,16.989174,-0.029658547,3.056384
956,24.83514,16.989174,-0.027831407000000002,3.056384
957,31.788978999999998,16.989174,-0.026000087999999998,3.056384
958,39.73622,16.989174,-0.024495902000000003,3.056384
959,49.67028,16.989174,-0.023118569,3.056384
960,62.584553,16.989174,-0.021811003,3.056384
961,79.47244,16.989174,-0.020572663999999997,3.056384
962,3.0123045,3.5730007000000006,0.021616613,4.2668962
963,3.7955036,3.5730007000000006,0.020393997,4.2668962
964,4.8196874,3.5730007000000006,0.01923611,4.2668962
965,6.024609,3.5730007000000006,0.018241372,4.2668962
966,7.591007,3.5730007000000006,0.017290303,4.2668962
967,9.639375,3.5730007000000006,0.016383322,4.2668962
968,12.049218,3.5730007000000006,0.015599082,4.2668962
969,15.061523000000001,3.5730007000000006,0.014869837,4.2668962
970,19.27875,3.5730007000000006,0.014121112,4.2668962
971,24.098436,3.5730007000000006,0.013491933000000001,4.2668962
972,2.4098437,3.5730157,0.022889178,4.016183
973,3.0123045,3.5730157,0.021602187000000002,4.016183
974,3.7955036,3.5730157,0.020380387,4.016183
975,4.8196874,3.5730157,0.019223271,4.016183
976,6.024609,3.5730157,0.018229198000000002,4.016183
977,7.591007,3.5730157,0.017278764,4.016183
978,9.639375,3.5730157,0.016372388,4.016183
979,12.049218,3.5730157,0.015588673,4.016183
980,15.061523000000001,3.5730157,0.014859913,4.016183
981,19.27875,3.5730157,0.014111688,4.016183
982,24.098436,3.5730157,0.013482929,4.016183
983,1.9278747999999999,3.5730370000000002,0.024272101,3.6783497000000005
984,2.4098437,3.5730370000000002,0.022867883999999998,3.6783497000000005
985,3.0123045,3.5730370000000002,0.02158209,3.6783497000000005
986,3.7955036,3.5730370000000002,0.020361426999999998,3.6783497000000005
987,4.8196874,3.5730370000000002,0.019205388,3.6783497000000005
988,6.024609,3.5730370000000002,0.01821224,3.6783497000000005
989,7.591007,3.5730370000000002,0.01726269,3.6783497000000005
990,9.639375,3.5730370000000002,0.016357156,3.6783497000000005
991,12.049218,3.5730370000000002,0.01557417,3.6783497000000005
992,15.061523000000001,3.5730370000000002,0.014846088,3.6783497000000005
993,19.27875,3.5730370000000002,0.0140985595,3.6783497000000005
994,1.2049218000000002,3.5730515,0.027669866,3.4556472
995,1.5061523,3.5730515,0.025965242000000003,3.4556472
996,1.9278747999999999,3.5730515,0.024256716,3.4556472
997,2.4098437,3.5730515,0.022853388,3.4556472
998,3.0123045,3.5730515,0.02156841,3.4556472
999,3.7955036,3.5730515,0.020348521,3.4556472
1000,4.8196874,3.5730515,0.019193215,3.4556472
1001,6.024609,3.5730515,0.018200696000000002,3.4556472
1002,7.591007,3.5730515,0.017251746999999998,3.4556472
1003,9.639375,3.5730515,0.016346788,3.4556472
1004,12.049218,3.5730515,0.015564298,3.4556472
1005,15.061523000000001,3.5730515,0.014836678,3.4556472
1006,19.27875,3.5730515,0.0140896235,3.4556472
1007,6.6651974,0.3052741,0.022314652999999997,4.2591660000000005
1008,8.331496000000001,0.3052741,0.021059966,4.2591660000000005
1009,10.497685,0.3052741,0.019868834,4.2591660000000005
1010,13.330395000000001,0.3052741,0.018740762,4.2591660000000005
1011,16.662992000000003,0.3052741,0.01777164,4.2591660000000005
1012,20.99537,0.3052741,0.016845062,4.2591660000000005
1013,26.660790000000002,0.3052741,0.015961437,4.2591660000000005
1014,33.325984999999996,0.3052741,0.015197393,4.2591660000000005
1015,41.657482,0.3052741,0.014486926,4.2591660000000005
1016,53.321580000000004,0.3052741,0.013757481,4.2591660000000005
1017,66.65196999999999,0.3052741,0.013144504,4.2591660000000005
1018,5.3321575999999995,0.30527687,0.023650542000000004,4.0082283
1019,6.6651974,0.30527687,0.022282284,4.0082283
1020,8.331496000000001,0.30527687,0.021029416000000002,4.0082283
1021,10.497685,0.30527687,0.019840011,4.0082283
1022,13.330395000000001,0.30527687,0.018713577,4.0082283
1023,16.662992000000003,0.30527687,0.017745862,4.0082283
1024,20.99537,0.30527687,0.016820626,4.0082283
1025,26.660790000000002,0.30527687,0.015938281999999998,4.0082283
1026,33.325984999999996,0.30527687,0.015175346999999999,4.0082283
1027,41.657482,0.30527687,0.01446591,4.0082283
1028,53.321580000000004,0.30527687,0.013737524,4.0082283
1029,66.65196999999999,0.30527687,0.013125436,4.0082283
1030,1.6662993000000001,0.30528072,0.033264615,3.670083
1031,2.0995371,0.30528072,0.030921971,3.670083
1032,2.6660787999999997,0.30528072,0.028751308,3.670083
1033,3.3325987,0.30528072,0.026923785,3.670083
1034,4.165748000000001,0.30528072,0.025265124,3.670083
1035,5.3321575999999995,0.30528072,0.023602666,3.670083
1036,6.6651974,0.30528072,0.022237178,3.670083
1037,8.331496000000001,0.30528072,0.020986848,3.670083
1038,10.497685,0.30528072,0.019799848999999998,3.670083
1039,13.330395000000001,0.30528072,0.018675696000000002,3.670083
1040,16.662992000000003,0.30528072,0.017709938999999997,3.670083
1041,20.99537,0.30528072,0.016786577,3.670083
1042,26.660790000000002,0.30528072,0.01590602,3.670083
1043,33.325984999999996,0.30528072,0.015144628,3.670083
1044,1.6662993000000001,0.30528334,0.033218697,3.447168
1045,2.0995371,0.30528334,0.030879285,3.447168
1046,2.6660787999999997,0.30528334,0.028711619,3.447168
1047,3.3325987,0.30528334,0.026886617999999998,3.447168
1048,4.165748000000001,0.30528334,0.025230247999999997,3.447168
1049,5.3321575999999995,0.30528334,0.023570085,3.447168
1050,6.6651974,0.30528334,0.022206482000000003,3.447168
1051,8.331496000000001,0.30528334,0.020957876,3.447168
1052,10.497685,0.30528334,0.019772517,3.447168
1053,13.330395000000001,0.30528334,0.018649915,3.447168
1054,16.662992000000003,0.30528334,0.017685492,3.447168
1055,20.99537,0.30528334,0.016763404,3.447168
1056,26.660790000000002,0.30528334,0.015884062,3.447168
1057,3.4120476,0.5744983,0.024881665,4.201215299999999
1058,4.332758999999999,0.5744983,0.02313502,4.201215299999999
1059,5.4159484,0.5744983,0.021664485,4.201215299999999
1060,6.7699356,0.5744983,0.020329826999999998,4.201215299999999
1061,8.665517999999999,0.5744983,0.018992115,4.201215299999999
1062,10.831897,0.5744983,0.01789336,4.201215299999999
1063,13.539871,0.5744983,0.01688727,4.201215299999999
1064,17.060238000000002,0.5744983,0.01593214,4.201215299999999
1065,21.663794,0.5744983,0.01502758,4.201215299999999
1066,27.079742,0.5744983,0.014250473999999999,4.201215299999999
1067,34.120476000000004,0.5744983,0.013507483,4.201215299999999
1068,2.1663794999999997,0.5745239999999999,0.028539365,3.9485992999999997
1069,2.7079742,0.5745239999999999,0.026526675,3.9485992999999997
1070,3.4120476,0.5745239999999999,0.024658546,3.9485992999999997
1071,4.332758999999999,0.5745239999999999,0.022927563999999998,3.9485992999999997
1072,5.4159484,0.5745239999999999,0.021470215,3.9485992999999997
1073,6.7699356,0.5745239999999999,0.020147527,3.9485992999999997
1074,8.665517999999999,0.5745239999999999,0.01882181,3.9485992999999997
1075,10.831897,0.5745239999999999,0.017732908999999998,3.9485992999999997
1076,13.539871,0.5745239999999999,0.016735839,3.9485992999999997
1077,17.060238000000002,0.5745239999999999,0.015789276,3.9485992999999997
1078,21.663794,0.5745239999999999,0.014892825,3.9485992999999997
1079,27.079742,0.5745239999999999,0.014122687,3.9485992999999997
1080,34.120476000000004,0.5745239999999999,0.0133863585,3.9485992999999997
1081,1.0831897,0.5745598000000001,0.036034937999999996,3.6081147000000002
1082,1.3539871,0.5745598000000001,0.03318117,3.6081147000000002
1083,1.7060238,0.5745598000000001,0.030568598,3.6081147000000002
1084,2.1663794999999997,0.5745598000000001,0.028179528,3.6081147000000002
1085,2.7079742,0.5745598000000001,0.026192216,3.6081147000000002
1086,3.4120476,0.5745598000000001,0.02434764,3.6081147000000002
1087,4.332758999999999,0.5745598000000001,0.022638482999999997,3.6081147000000002
1088,5.4159484,0.5745598000000001,0.02119951,3.6081147000000002
1089,6.7699356,0.5745598000000001,0.019893497,3.6081147000000002
1090,8.665517999999999,0.5745598000000001,0.018584495,3.6081147000000002
1091,10.831897,0.5745598000000001,0.017509324,3.6081147000000002
1092,13.539871,0.5745598000000001,0.016524827,3.6081147000000002
1093,17.060238000000002,0.5745598000000001,0.015590197,3.6081147000000002
1094,21.663794,0.5745598000000001,0.01470505,3.6081147000000002
1095,27.079742,0.5745598000000001,0.013944623,3.6081147000000002
1096,34.120476000000004,0.5745598000000001,0.013217578,3.6081147000000002
1097,1.0831897,0.5745842,0.035721794,3.3836079
1098,1.3539871,0.5745842,0.032892827,3.3836079
1099,1.7060238,0.5745842,0.030302957000000002,3.3836079
1100,2.1663794999999997,0.5745842,0.027934648,3.3836079
1101,2.7079742,0.5745842,0.025964605,3.3836079
1102,3.4120476,0.5745842,0.02413606,3.3836079
1103,4.332758999999999,0.5745842,0.022441753999999998,3.3836079
1104,5.4159484,0.5745842,0.021015286,3.3836079
1105,6.7699356,0.5745842,0.019720623,3.3836079
1106,8.665517999999999,0.5745842,0.018422997,3.3836079
1107,10.831897,0.5745842,0.017357169,3.3836079
1108,13.539871,0.5745842,0.016381226000000002,3.3836079
1109,17.060238000000002,0.5745842,0.015454718999999999,3.3836079
1110,21.663794,0.5745842,0.014577263,3.3836079
1111,27.079742,0.5745842,0.013823443999999999,3.3836079
1112,34.120476000000004,0.5745842,0.013102717,3.3836079
1113,1.7085999,2.8902478,0.014011675500000001,4.063606
1114,2.1528357999999996,2.8902478,0.012908444,4.063606
1115,2.7337596,2.8902478,0.011899591999999999,4.063606
1116,3.4171998999999995,2.8902478,0.011060394,4.063606
1117,4.3056717,2.8902478,0.010281471,4.063606
1118,5.4675193,2.8902478,0.009559731,4.063606
1119,6.8343997000000005,2.8902478,0.008952085,4.063606
1120,8.542999,2.8902478,0.008400585,4.063606
1121,10.935039,2.8902478,0.007847821999999999,4.063606
1122,13.668799,2.8902478,0.007393801,4.063606
1123,17.085998999999997,2.8902478,0.006978069399999999,4.063606
1124,21.528357999999997,2.8902478,0.006583396,4.063606
1125,27.337598999999997,2.8902478,0.006209618,4.063606
1126,34.171997,2.8902478,0.0058885063,4.063606
1127,43.056717,2.8902478,0.005581491,4.063606
1128,54.675197999999995,2.8902478,0.0052887080000000005,4.063606
1129,68.343994,2.8902478,0.0050355475,4.063606
1130,1.7085999,3.0195743999999998,0.01190449,3.4609667999999996
1131,2.1528357999999996,3.0195743999999998,0.010967171999999999,3.4609667999999996
1132,2.7337596,3.0195743999999998,0.010110039,3.4609667999999996
1133,3.4171998999999995,3.0195743999999998,0.009397046,3.4609667999999996
1134,4.3056717,3.0195743999999998,0.008735264,3.4609667999999996
1135,5.4675193,3.0195743999999998,0.008122065,3.4609667999999996
1136,6.8343997000000005,3.0195743999999998,0.007605801,3.4609667999999996
1137,8.542999,3.0195743999999998,0.007137239399999999,3.4609667999999996
1138,10.935039,3.0195743999999998,0.0066676056,3.4609667999999996
1139,13.668799,3.0195743999999998,0.006281864,3.4609667999999996
1140,17.085998999999997,3.0195743999999998,0.005928653000000001,3.4609667999999996
1141,21.528357999999997,3.0195743999999998,0.005593334,3.4609667999999996
1142,27.337598999999997,3.0195743999999998,0.0052757672999999995,3.4609667999999996
1143,34.171997,3.0195743999999998,0.005002947,3.4609667999999996
1144,43.056717,3.0195743999999998,0.004742103,3.4609667999999996
1145,54.675197999999995,3.0195743999999998,0.004493351,3.4609667999999996
1146,68.343994,3.0195743999999998,0.0042782626,3.4609667999999996
1147,1.7835499,9.562497,0.004585723,3.995913
1148,2.2294376000000002,9.562497,0.0042225592999999995,3.995913
1149,2.8090912999999995,9.562497,0.0038900895,3.995913
1150,3.5670998,9.562497,0.003586062,3.995913
1151,4.458875,9.562497,0.0033331611,3.995913
1152,5.6181827,9.562497,0.0030984247999999996,3.995913
1153,7.1341996,9.562497,0.0028809214,3.995913
1154,8.91775,9.562497,0.0026978009999999997,3.995913
1155,11.147186999999999,9.562497,0.0025316009,3.995913
1156,14.268398999999999,9.562497,0.0023650203,3.995913
1157,17.8355,9.562497,0.0022281962,3.995913
1158,22.294373999999998,9.562497,0.0021029115,3.995913
1159,28.090912,9.562497,0.0019839727,3.995913
1160,35.671,9.562497,0.0018713307999999999,3.995913
1161,44.58875,9.562497,0.0017745607000000001,3.995913
1162,56.181824,9.562497,0.0016820385,3.995913
1163,71.342,9.562497,0.0015938054000000001,3.995913
1164,1.7835499,9.634988,0.003321337,3.7373495
1165,2.2294376000000002,9.634988,0.0030583055,3.7373495
1166,2.8090912999999995,9.634988,0.002817505,3.7373495
1167,3.5670998,9.634988,0.0025973048,3.7373495
1168,4.458875,9.634988,0.0024141342999999997,3.7373495
1169,5.6181827,9.634988,0.00224412,3.7373495
1170,7.1341996,9.634988,0.002086587,3.7373495
1171,8.91775,9.634988,0.0019539571,3.7373495
1172,11.147186999999999,9.634988,0.0018335820999999999,3.7373495
1173,14.268398999999999,9.634988,0.0017129314000000001,3.7373495
1174,17.8355,9.634988,0.0016138329,3.7373495
1175,22.294373999999998,9.634988,0.0015230918,3.7373495
1176,28.090912,9.634988,0.0014369470999999999,3.7373495
1177,35.671,9.634988,0.0013553632000000001,3.7373495
1178,44.58875,9.634988,0.0012852747000000001,3.7373495
1179,56.181824,9.634988,0.001218263,3.7373495
1180,1.7835499,9.735971000000001,0.0015599764000000002,3.388581
1181,2.2294376000000002,9.735971000000001,0.0014364349,3.388581
1182,2.8090912999999995,9.735971000000001,0.001323335,3.388581
1183,3.5670998,9.735971000000001,0.0012199106,3.388581
1184,4.458875,9.735971000000001,0.0011338785,3.388581
1185,5.6181827,9.735971000000001,0.0010540255999999999,3.388581
1186,7.1341996,9.735971000000001,0.000980035,3.388581
1187,8.91775,9.735971000000001,0.0009177409,3.388581
1188,11.147186999999999,9.735971000000001,0.0008612028,3.388581
1189,14.268398999999999,9.735971000000001,0.00080453523,3.388581
1190,17.8355,9.735971000000001,0.0007579902999999999,3.388581
1191,22.294373999999998,9.735971000000001,0.00071537076,3.388581
1192,28.090912,9.735971000000001,0.00067491,3.388581
1193,35.671,9.735971000000001,0.0006365914,3.388581
1194,44.58875,9.735971000000001,0.000603672,3.388581
1195,1.7835499,9.804719,0.00036089236000000005,3.1584343999999995
1196,2.2294376000000002,9.804719,0.0003323117,3.1584343999999995
1197,2.8090912999999995,9.804719,0.0003061466,3.1584343999999995
1198,3.5670998,9.804719,0.00028221993,3.1584343999999995
1199,4.458875,9.804719,0.00026231683999999996,3.1584343999999995
1200,5.6181827,9.804719,0.0002438433,3.1584343999999995
1201,7.1341996,9.804719,0.00022672597000000002,3.1584343999999995
1202,8.91775,9.804719,0.00021231455,3.1584343999999995
1203,11.147186999999999,9.804719,0.00019923475,3.1584343999999995
1204,14.268398999999999,9.804719,0.000186125,3.1584343999999995
1205,17.8355,9.804719,0.00017535708,3.1584343999999995
1206,22.294373999999998,9.804719,0.00016549727,3.1584343999999995
1207,28.090912,9.804719,0.0001561369,3.1584343999999995
1208,35.671,9.804719,0.00014727209,3.1584343999999995
1209,44.58875,9.804719,0.00013965636000000002,3.1584343999999995
1210,3.4793093,20.170076,-0.008324871999999999,3.9042401
1211,4.4181705000000004,20.170076,-0.0076742469999999995,3.9042401
1212,5.5227129999999995,20.170076,-0.007133034,3.9042401
1213,6.9586186,20.170076,-0.0066306936,3.9042401
1214,8.836341000000001,20.170076,-0.0061652316,3.9042401
1215,11.045425999999999,20.170076,-0.00577335,3.9042401
1216,13.806783,20.170076,-0.005417678,3.9042401
1217,17.672682000000002,20.170076,-0.0050611924,3.9042401
1218,22.090853,20.170076,-0.0047683865,3.9042401
1219,27.613565,20.170076,-0.004500274,3.9042401
1220,34.79309,20.170076,-0.0042457427,3.9042401
1221,44.181705,20.170076,-0.004004687,3.9042401
1222,55.22713,20.170076,-0.0037975965999999996,3.9042401
1223,69.58618,20.170076,-0.0035995974,3.9042401
1224,88.36341,20.170076,-0.0034107765999999997,3.9042401
1225,2.2090852,20.406088,-0.013837573,3.2905576
1226,2.7613566,20.406088,-0.012741715,3.2905576
1227,3.4793093,20.406088,-0.011738475,3.2905576
1228,4.4181705000000004,20.406088,-0.010821062,3.2905576
1229,5.5227129999999995,20.406088,-0.010057925,3.2905576
1230,6.9586186,20.406088,-0.009349600000000001,3.2905576
1231,8.836341000000001,20.406088,-0.008693277,3.2905576
1232,11.045425999999999,20.406088,-0.008140705,3.2905576
1233,13.806783,20.406088,-0.00763919,3.2905576
1234,17.672682000000002,20.406088,-0.0071365280000000005,3.2905576
1235,22.090853,20.406088,-0.0067236573,3.2905576
1236,27.613565,20.406088,-0.0063456055,3.2905576
1237,34.79309,20.406088,-0.005986704,3.2905576
1238,44.181705,20.406088,-0.0056468034,3.2905576
1239,55.22713,20.406088,-0.005354795999999999,3.2905576
1240,3.0315072999999995,3.574065,0.030824749,4.252917
1241,3.849533,3.574065,0.02866091,4.252917
1242,4.811917,3.574065,0.026839132999999998,4.252917
1243,6.014896,3.574065,0.025185687000000002,4.252917
1244,7.699066,3.574065,0.023528457000000003,4.252917
1245,9.623834,3.574065,0.022167262000000004,4.252917
1246,12.029792,3.574065,0.020920862,4.252917
1247,15.157537,3.574065,0.019737598000000002,4.252917
1248,19.247667,3.574065,0.018616978,4.252917
1249,24.059584,3.574065,0.017654257,4.252917
1250,30.315075,3.574065,0.0167338,4.252917
1251,38.495335,3.574065,0.015856009,4.252917
1252,48.119167,3.574065,0.015097012,4.252917
1253,60.148956000000005,3.574065,0.014391237,4.252917
1254,3.0315072999999995,3.5742085,0.030624982000000002,4.0005207
1255,3.849533,3.5742085,0.028475165,4.0005207
1256,4.811917,3.5742085,0.026665196000000002,4.0005207
1257,6.014896,3.5742085,0.025022466,4.0005207
1258,7.699066,3.5742085,0.023375975,4.0005207
1259,9.623834,3.5742085,0.022023601,4.0005207
1260,12.029792,3.5742085,0.02078528,4.0005207
1261,15.157537,3.5742085,0.019609682,4.0005207
1262,19.247667,3.5742085,0.018496325,4.0005207
1263,24.059584,3.5742085,0.017539844,4.0005207
1264,30.315075,3.5742085,0.01662535,4.0005207
1265,38.495335,3.5742085,0.01575325,4.0005207
1266,48.119167,3.5742085,0.014999172,4.0005207
1267,60.148956000000005,3.5742085,0.0142979715,4.0005207
1268,3.0315072999999995,3.5743970000000003,0.030362261,3.6604902999999998
1269,3.849533,3.5743970000000003,0.028230889,3.6604902999999998
1270,4.811917,3.5743970000000003,0.026436446000000002,3.6604902999999998
1271,6.014896,3.5743970000000003,0.024807807,3.6604902999999998
1272,7.699066,3.5743970000000003,0.023175442999999997,3.6604902999999998
1273,9.623834,3.5743970000000003,0.02183467,3.6604902999999998
1274,12.029792,3.5743970000000003,0.02060697,3.6604902999999998
1275,15.157537,3.5743970000000003,0.01944146,3.6604902999999998
1276,19.247667,3.5743970000000003,0.018337652,3.6604902999999998
1277,24.059584,3.5743970000000003,0.017389376,3.6604902999999998
1278,30.315075,3.5743970000000003,0.016482728000000002,3.6604902999999998
1279,38.495335,3.5743970000000003,0.015618109,3.6604902999999998
1280,48.119167,3.5743970000000003,0.014870500000000002,3.6604902999999998
1281,3.0315072999999995,3.5744464,0.030293418,3.4373288
1282,3.849533,3.5744464,0.028166877000000003,3.4373288
1283,4.811917,3.5744464,0.026376503,3.4373288
1284,6.014896,3.5744464,0.024751557,3.4373288
1285,7.699066,3.5744464,0.023122893999999998,3.4373288
1286,9.623834,3.5744464,0.02178516,3.4373288
1287,12.029792,3.5744464,0.020560246,3.4373288
1288,15.157537,3.5744464,0.019397376,3.4373288
1289,19.247667,3.5744464,0.018296072,3.4373288
1290,24.059584,3.5744464,0.017349947,3.4373288
1291,30.315075,3.5744464,0.016445355,3.4373288
1292,38.495335,3.5744464,0.015582696000000002,3.4373288
1293,48.119167,3.5744464,0.014836782,3.4373288
1294,8.522875,0.9424789000000001,0.027269209,4.238808000000001
1295,10.653594,0.9424789000000001,0.025535892999999997,4.238808000000001
1296,13.316994000000001,0.9424789000000001,0.023962734,4.238808000000001
1297,17.04575,0.9424789000000001,0.022385975,4.238808000000001
1298,21.307188,0.9424789000000001,0.021090876,4.238808000000001
1299,26.633987,0.9424789000000001,0.019904997,4.238808000000001
1300,33.558823,0.9424789000000001,0.01877919,4.238808000000001
1301,42.614376,0.9424789000000001,0.017712983999999998,4.238808000000001
1302,53.267975,0.9424789000000001,0.01679701,4.238808000000001
1303,67.117645,0.9424789000000001,0.015921248,4.238808000000001
1304,85.22875,0.9424789000000001,0.015086081000000001,4.238808000000001
1305,106.53595,0.9424789000000001,0.014363939,4.238808000000001
1306,6.711764,0.94254225,0.028993322999999998,3.9851407999999995
1307,8.522875,0.94254225,0.026958048,3.9851407999999995
1308,10.653594,0.94254225,0.02524451,3.9851407999999995
1309,13.316994000000001,0.94254225,0.023689302000000002,3.9851407999999995
1310,17.04575,0.94254225,0.022130534,3.9851407999999995
1311,21.307188,0.94254225,0.020850213,3.9851407999999995
1312,26.633987,0.94254225,0.019677866000000002,3.9851407999999995
1313,33.558823,0.94254225,0.018564904,3.9851407999999995
1314,42.614376,0.94254225,0.017510865,3.9851407999999995
1315,53.267975,0.94254225,0.016605343999999998,3.9851407999999995
1316,67.117645,0.94254225,0.015739573,3.9851407999999995
1317,85.22875,0.94254225,0.014913938,3.9851407999999995
1318,106.53595,0.94254225,0.014200035500000001,3.9851407999999995
1319,6.711764,0.9426254999999999,0.028553207999999997,3.6434383
1320,8.522875,0.9426254999999999,0.026548827,3.6434383
1321,10.653594,0.9426254999999999,0.0248613,3.6434383
1322,13.316994000000001,0.9426254999999999,0.023329701,3.6434383
1323,17.04575,0.9426254999999999,0.021794595,3.6434383
1324,21.307188,0.9426254999999999,0.020533709,3.6434383
1325,26.633987,0.9426254999999999,0.01937916,3.6434383
1326,33.558823,0.9426254999999999,0.018283091,3.6434383
1327,42.614376,0.9426254999999999,0.017245052,3.6434383
1328,53.267975,0.9426254999999999,0.016353276,3.6434383
1329,67.117645,0.9426254999999999,0.015500648999999998,3.6434383
1330,85.22875,0.9426254999999999,0.014687546000000001,3.6434383
1331,106.53595,0.9426254999999999,0.013984481000000002,3.6434383
1332,6.711764,0.9426473,0.028437916,3.4198391000000004
1333,8.522875,0.9426473,0.026441628,3.4198391000000004
1334,10.653594,0.9426473,0.024760915,3.4198391000000004
1335,13.316994000000001,0.9426473,0.0232355,3.4198391000000004
1336,17.04575,0.9426473,0.021706592,3.4198391000000004
1337,21.307188,0.9426473,0.020450799,3.4198391000000004
1338,26.633987,0.9426473,0.01930091,3.4198391000000004
1339,33.558823,0.9426473,0.018209267,3.4198391000000004
1340,42.614376,0.9426473,0.017175421,3.4198391000000004
1341,53.267975,0.9426473,0.016287245,3.4198391000000004
1342,67.117645,0.9426473,0.01543806,3.4198391000000004
1343,85.22875,0.9426473,0.01462824,3.4198391000000004
1344,10.503542999999999,0.00052698905,0.024284427999999997,4.191269
1345,13.337832,0.00052698905,0.022579709,4.191269
1346,16.67229,0.00052698905,0.021144472,4.191269
1347,20.840364,0.00052698905,0.01984185,4.191269
1348,26.675665000000002,0.00052698905,0.018536245,4.191269
1349,33.34458,0.00052698905,0.017463867,4.191269
1350,41.68073,0.00052698905,0.016481925,4.191269
1351,52.51772,0.00052698905,0.015549721,4.191269
1352,8.336145,0.00052707247,0.025275267999999997,3.9333177000000004
1353,10.503542999999999,0.00052707247,0.02349527,3.9333177000000004
1354,13.337832,0.00052707247,0.021845946,3.9333177000000004
1355,16.67229,0.00052707247,0.02045735,3.9333177000000004
1356,20.840364,0.00052707247,0.019197058,3.9333177000000004
1357,26.675665000000002,0.00052707247,0.017933883,3.9333177000000004
1358,33.34458,0.00052707247,0.01689635,3.9333177000000004
1359,41.68073,0.00052707247,0.01594632,3.9333177000000004
1360,6.668916,0.0005271822,0.025991792000000003,3.5859811
1361,8.336145,0.0005271822,0.024158765,3.5859811
1362,10.503542999999999,0.0005271822,0.022457395,3.5859811
1363,13.337832,0.0005271822,0.020880928,3.5859811
1364,16.67229,0.0005271822,0.019553673,3.5859811
1365,20.840364,0.0005271822,0.018349053,3.5859811
1366,26.675665000000002,0.0005271822,0.017141676,3.5859811
1367,33.34458,0.0005271822,0.016149975,3.5859811
1368,5.251771499999999,0.0005272108999999999,0.027854001,3.3609056000000006
1369,6.668916,0.0005272108999999999,0.02567709,3.3609056000000006
1370,8.336145,0.0005272108999999999,0.023866257000000002,3.3609056000000006
1371,10.503542999999999,0.0005272108999999999,0.022185488,3.3609056000000006
1372,13.337832,0.0005272108999999999,0.020628108,3.3609056000000006
1373,16.67229,0.0005272108999999999,0.019316921,3.3609056000000006
1374,20.840364,0.0005272108999999999,0.018126888,3.3609056000000006
1375,26.675665000000002,0.0005272108999999999,0.016934128,3.3609056000000006
1376,33.34458,0.0005272108999999999,0.015954437,3.3609056000000006
1377,4.1133485,0.34961220000000004,0.020967318000000002,4.0959086000000005
1378,5.1416855,0.34961220000000004,0.019306824,4.0959086000000005
1379,6.4785237,0.34961220000000004,0.017786668999999998,4.0959086000000005
1380,8.226697,0.34961220000000004,0.016396564,4.0959086000000005
1381,10.283371,0.34961220000000004,0.015240223999999998,4.0959086000000005
1382,12.957047,0.34961220000000004,0.014166938,4.0959086000000005
1383,16.453394,0.34961220000000004,0.013172447,4.0959086000000005
1384,20.566742,0.34961220000000004,0.012335164499999999,4.0959086000000005
1385,25.70843,0.34961220000000004,0.011575247,4.0959086000000005
1386,32.906788,0.34961220000000004,0.01081359,4.0959086000000005
1387,41.133484,0.34961220000000004,0.01018799,4.0959086000000005
1388,51.41686,0.34961220000000004,0.009615149,4.0959086000000005
1389,64.78524,0.34961220000000004,0.009071325,4.0959086000000005
1390,82.26697,0.34961220000000004,0.008556292,4.0959086000000005
1391,102.83372,0.34961220000000004,0.008113829,4.0959086000000005
1392,129.57048,0.34961220000000004,0.0076907906000000005,4.0959086000000005
1393,4.1133485,0.55066884,0.015139108500000002,3.470728
1394,5.1416855,0.55066884,0.013940176,3.470728
1395,6.4785237,0.55066884,0.012842573999999999,3.470728
1396,8.226697,0.55066884,0.011838871,3.470728
1397,10.283371,0.55066884,0.011003954,3.470728
1398,12.957047,0.55066884,0.010229006,3.470728
1399,16.453394,0.55066884,0.009510949,3.470728
1400,20.566742,0.55066884,0.008906404,3.470728
1401,25.70843,0.55066884,0.008357718,3.470728
1402,32.906788,0.55066884,0.007807776,3.470728
1403,41.133484,0.55066884,0.0073560714,3.470728
1404,51.41686,0.55066884,0.0069424612,3.470728
1405,64.78524,0.55066884,0.0065498019999999995,3.470728
1406,82.26697,0.55066884,0.006177930999999999,3.470728
1407,102.83372,0.55066884,0.005858458,3.470728
1408,129.57048,0.55066884,0.005553009499999999,3.470728
1409,5.317088,5.838162400000001,-0.042632453,3.6910727
1410,6.646360400000001,5.838162400000001,-0.0392562,3.6910727
1411,8.3744135,5.838162400000001,-0.036165300000000004,3.6910727
1412,10.634176,5.838162400000001,-0.033338826,3.6910727
1413,13.292720999999998,5.838162400000001,-0.030987663,3.6910727
1414,16.748827,5.838162400000001,-0.028805371,3.6910727
1415,21.268353,5.838162400000001,-0.02678329,3.6910727
1416,26.585441999999997,5.838162400000001,-0.02508086,3.6910727
1417,33.231804,5.838162400000001,-0.023535734,3.6910727
1418,42.536705,5.838162400000001,-0.021987071,3.6910727
1419,53.170882999999996,5.838162400000001,-0.020715049,3.6910727
1420,66.46361,5.838162400000001,-0.019550303,3.6910727
1421,83.74414,5.838162400000001,-0.018444555,3.6910727
1422,106.34177,5.838162400000001,-0.01739735,3.6910727
1423,132.92722,5.838162400000001,-0.016497698,3.6910727
1424,167.48828,5.838162400000001,-0.015637541,3.6910727
1425,5.317088,6.303937,-0.05088131,3.3880901
1426,6.646360400000001,6.303937,-0.046851795,3.3880901
1427,8.3744135,6.303937,-0.043162845,3.3880901
1428,10.634176,6.303937,-0.03978948,3.3880901
1429,13.292720999999998,6.303937,-0.036983397,3.3880901
1430,16.748827,6.303937,-0.034378856,3.3880901
1431,21.268353,6.303937,-0.031965528,3.3880901
1432,26.585441999999997,6.303937,-0.029933697999999998,3.3880901
1433,33.231804,6.303937,-0.028089608999999998,3.3880901
1434,42.536705,6.303937,-0.026241299,3.3880901
1435,53.170882999999996,6.303937,-0.024723157000000003,3.3880901
1436,66.46361,6.303937,-0.023333047000000003,3.3880901
1437,83.74414,6.303937,-0.022013351,3.3880901
1438,106.34177,6.303937,-0.020763524,3.3880901
1439,132.92722,6.303937,-0.0196898,3.3880901
1440,167.48828,6.303937,-0.018663213,3.3880901
1441,5.317088,6.9165087,-0.061729945,2.981548
1442,6.646360400000001,6.9165087,-0.05684128,2.981548
1443,8.3744135,6.9165087,-0.05236579,2.981548
1444,10.634176,6.9165087,-0.048273175999999994,2.981548
1445,13.292720999999998,6.9165087,-0.044868793,2.981548
1446,16.748827,6.9165087,-0.041708928,2.981548
1447,21.268353,6.9165087,-0.038781043,2.981548
1448,26.585441999999997,6.9165087,-0.036315996,2.981548
1449,33.231804,6.9165087,-0.03407872,2.981548
1450,42.536705,6.9165087,-0.031836327000000005,2.981548
1451,53.170882999999996,6.9165087,-0.029994492999999997,2.981548
1452,66.46361,6.9165087,-0.028307991,2.981548
1453,83.74414,6.9165087,-0.026706917,2.981548
1454,106.34177,6.9165087,-0.025190609,2.981548
1455,132.92722,6.9165087,-0.02388795,2.981548
1456,167.48828,6.9165087,-0.02264248,2.981548
1457,5.317088,7.0769844,-0.06457197,2.7409662999999997
1458,6.646360400000001,7.0769844,-0.05945823,2.7409662999999997
1459,8.3744135,7.0769844,-0.05477669,2.7409662999999997
1460,10.634176,7.0769844,-0.050495654,2.7409662999999997
1461,13.292720999999998,7.0769844,-0.04693453400000001,2.7409662999999997
1462,16.748827,7.0769844,-0.04362919,2.7409662999999997
1463,21.268353,7.0769844,-0.040566508,2.7409662999999997
1464,26.585441999999997,7.0769844,-0.037987974,2.7409662999999997
1465,33.231804,7.0769844,-0.035647694,2.7409662999999997
1466,42.536705,7.0769844,-0.033302057999999995,2.7409662999999997
1467,53.170882999999996,7.0769844,-0.03137543,2.7409662999999997
1468,66.46361,7.0769844,-0.02961128,2.7409662999999997
1469,83.74414,7.0769844,-0.027936494,2.7409662999999997
1470,106.34177,7.0769844,-0.026350373,2.7409662999999997
1471,132.92722,7.0769844,-0.024987744,2.7409662999999997
1472,167.48828,7.0769844,-0.023684932000000002,2.7409662999999997
1473,6.485424,11.093191000000001,-0.06958588,3.519672
1474,8.10678,11.093191000000001,-0.06407507,3.519672
1475,10.214542,11.093191000000001,-0.059030015,3.519672
1476,12.970848,11.093191000000001,-0.054416563,3.519672
1477,16.21356,11.093191000000001,-0.050578925999999996,3.519672
1478,20.429085,11.093191000000001,-0.04701693,3.519672
1479,25.941696,11.093191000000001,-0.04371643,3.519672
1480,32.42712,11.093191000000001,-0.040937677,3.519672
1481,40.5339,11.093191000000001,-0.03841568,3.519672
1482,51.883392,11.093191000000001,-0.035887912,3.519672
1483,64.85424,11.093191000000001,-0.03381168,3.519672
1484,81.0678,11.093191000000001,-0.03191055,3.519672
1485,102.14543,11.093191000000001,-0.030105717,3.519672
1486,129.70848,11.093191000000001,-0.028396439,3.519672
1487,6.485424,12.501392,-0.09430673,2.7745316000000004
1488,8.10678,12.501392,-0.08683816,2.7745316000000004
1489,10.214542,12.501392,-0.08000082,2.7745316000000004
1490,12.970848,12.501392,-0.07374841,2.7745316000000004
1491,16.21356,12.501392,-0.06854743,2.7745316000000004
1492,20.429085,12.501392,-0.06372001,2.7745316000000004
1493,25.941696,12.501392,-0.059246982999999996,2.7745316000000004
1494,32.42712,12.501392,-0.05548106,2.7745316000000004
1495,40.5339,12.501392,-0.052063107000000004,2.7745316000000004
1496,51.883392,12.501392,-0.04863733,2.7745316000000004
1497,64.85424,12.501392,-0.045823507,2.7745316000000004
1498,81.0678,12.501392,-0.043246984,2.7745316000000004
1499,102.14543,12.501392,-0.040800974,2.7745316000000004
1500,129.70848,12.501392,-0.03848446,2.7745316000000004
1501,162.1356,12.501392,-0.036494356,2.7745316000000004
1502,204.29086,12.501392,-0.03459161,2.7745316000000004
