,((6_adde_negative-(6+148))+(33.6*50)_radian_negative),((148_mmnorm_negative*((148*33.6)+33.6))+(33.6*0.627)_radian_zscore),((((72/50)+148_adde)-50)*(33.6*50)),((50_cos_recip-148_adde)*((72/50)-33.6_adde))
0,-104.11027,-977.5923,48525.504,2355.2712
1,-214.73145,-3942.4846,116103.55,4431.8423
2,-104.01746999999999,-1131.8989,43585.465,2588.8704
3,-164.5421,-4088.2388,153509.4,9592.017
4,-142.1224,-1746.7491,70030.05,2901.4656
5,-100.78564,-960.51465,45652.94,2517.306
6,-155.5852,-2367.1772,90820.91,4526.269
7,-231.93152,-5979.1353,239305.1,6405.255
8,-143.71828,-1.2040024,0.0,121.25363
9,-140.4056,-2307.6597,96765.42,3957.4387
10,-213.26792999999998,-5421.201999999999,179452.02,6625.210999999999
11,-188.67838,-2648.2427,133032.33,3995.316
12,-224.71357999999998,-5431.8843,237500.39,6138.139
13,-201.68332,-3594.1323,156751.3,4536.840999999999
14,-133.47345,-1522.6860000000001,67889.555,3321.5454
15,-145.49847,-3231.015,131229.22,5479.858
16,-139.73343,-1719.5007,74422.305,3251.2776
17,-132.65729,-2331.3887,105206.16,8166.474
18,-139.04256999999998,-2319.1953,97329.28,4093.423
19,-153.23796000000002,-3159.2427,111391.664,5121.668
20,-148.61061,-1761.2395,94514.97,3668.6782
21,-241.19856000000001,-7722.205,260946.69,8053.7886
22,-154.3965,-2081.6147,80296.08,3563.633
23,-200.2966,-3787.752,180241.53,5410.3184
24,-169.97296,-2462.1394,112751.48,4133.68
25,-193.28763999999998,-4307.885,183796.52,5968.569
26,-110.62645,-1108.5610000000001,41198.613,2308.2908
27,-195.80368,-2362.4585,116615.31,3442.2861
28,-152.33426,-2366.0603,109027.74,4081.9617
29,-159.41738999999998,-2168.718,114411.49,4225.2324
30,-182.16095,-3988.3315,119830.73,5112.1720000000005
31,-106.2408,-976.7364,38931.094,2282.1277
32,-116.44326000000001,-856.5126,39006.227,1851.2312
33,-166.39526,-2081.3374,101162.91,3510.6516
34,-127.54128999999999,-1291.2976,59032.883,4507.8623
35,-182.99901,-3200.3308,125367.84,4786.142
36,-149.1321,-1736.4214,91364.66,3635.4658
37,-114.71961,-1571.858,70379.44,3691.8037
38,-157.97925,-2314.9114,122586.695,4336.6963
39,-204.14699,-5566.9185,140714.95,6206.379
40,-175.6783,-3599.2476,150210.36,5463.571999999999
41,-141.7354,-1294.5743,68247.05,2591.7683
42,-234.50677000000002,-6708.729,298495.34,8060.7207
43,-194.84708999999998,-3503.3704,135156.84,4654.6875
44,-201.04424,-6871.1914,168376.19,7646.019
45,-165.7508,-3203.022,104776.555,4574.766
46,-88.46951,-719.2022,33818.46,2057.4783
47,-140.87341,-2104.876,93146.63,4152.4907
48,-121.71828500000001,-1.2040024,0.0,286.4003
49,-115.16735,-1044.7474,37282.96,1972.3594
50,-116.6999,-1253.0184,50110.348,2553.8225
51,-113.494095,-960.8594400000001,46056.184,2099.0005
52,-228.83248999999998,-5275.468000000001,238988.97,5938.738
53,-192.15471000000002,-3948.7861,163651.02,5564.09
54,-86.148224,-625.1114,27578.932,1809.6699
55,-230.69582999999997,-6660.665,232437.45,7392.689
56,-128.03951999999998,-2372.9734,108167.28,4743.815
57,-179.82003999999998,-4363.4795,189928.97,6108.8306
58,-123.65314,-2321.725,80916.79,4491.066
59,-90.718285,-1.2040024,0.0,240.68756000000002
60,-174.1126,-2946.9631,126468.04,4456.8384
61,-72.42625,-248.80458,11196.452,1417.6431
62,-158.3578,-2555.3928,74453.46,3633.2004
63,-154.76193,-2161.389,105096.7,4047.0884
64,-127.91493999999999,-1443.4589,66844.57,2955.8562
65,-133.2731,-1957.2052,93902.08,3641.3596
66,-155.96208000000001,-2571.1220000000003,137015.22,4936.429
67,-108.2704,-898.94525,36925.56,1903.0752
68,-170.33708000000001,-3117.6216,97433.27,4331.4834
69,-122.79626,-1668.7811,71001.88,3451.0803
70,-164.69655,-2797.0522,87878.51,4044.9216
71,-186.53214,-3489.1165,161976.08,5770.384
72,-153.80832,-2958.4973,90786.87,4552.8047
73,-96.0054,-1016.4983,44441.67,2589.8435
74,-14.202401,-0.93463147,-9292.086,93.837265
75,-102.04635999999999,-640.0885,34244.652,2196.4602
76,-125.48398999999999,-1727.8761,74698.54,3818.2478
77,-153.32181,-3754.137,120989.18,6069.1333
78,-129.19026000000002,-1590.5558,56080.973,2805.4556
79,-130.31927,-1450.9938,47169.97,2698.3271
80,-80.718285,-1.2040024,0.0,211.2603
81,-118.12801,-1025.984,54728.24,2792.111
82,-113.16401,-1274.2634,45824.937999999995,2551.3296
83,-181.23193,-4636.5864,190738.52,6726.7246
84,-131.98641999999998,-1987.4022,77383.96,3760.37
85,-163.46385,-2086.7124,107579.2,4028.8665
86,-124.189026,-1954.2524,79413.01,3905.5518
87,-196.56151,-3474.3655,155296.38,5228.9053
88,-122.81858000000001,-1539.7277,56318.832,2832.7087
89,-91.7188,-622.7699,25805.705,1623.1803
90,-152.70746,-2452.6826,102349.5,4107.056
91,-131.95117,-1558.955,85468.836,4100.644
92,-169.64157,-2164.218,111267.3,3488.0547
93,-157.7713,-2520.1328,66198.07,3445.765
94,-182.38495,-3557.4753,147150.78,5160.6846
95,-111.95486499999998,-1359.5253,55591.95,2931.065
96,-83.55131999999999,-524.735,24190.365,1564.3375
97,-119.239204,-1261.1889999999999,49436.34,2854.1057
98,-153.60858000000002,-3747.6753,148864.77,6121.303000000001
99,-190.18066000000002,-5236.4263,173616.42,9529.787
100,-165.73996,-3011.1277,77198.64,4036.7576
101,-135.96497,-1781.5236,52584.39,2674.676
102,-96.860466,-888.4428,40039.355,2141.2761
103,-110.37933999999998,-1452.9884,67493.99,3637.5293
104,-141.23738,-2307.2395,66529.01,3753.3506
105,-111.27403000000001,-1049.0276,46108.015999999996,2104.087
106,-173.76854,-3095.8208,121468.5,4456.975
107,-106.68448000000001,-1202.0127,54055.33,2939.2709999999997
108,-113.38436000000002,-1714.4945,69348.53,3487.9746
109,-193.66695,-4922.3945,122052.44,5658.0380000000005
110,-201.01523,-4131.022,176835.38,5660.409000000001
111,-106.24277,-1256.5765,51683.44,2865.3125
112,-101.55358000000001,-1000.0076,47768.543,2660.6367
113,-197.47897,-3947.9475,148809.89,5060.532
114,-189.93538,-3364.7908,169815.83,4945.5425
115,-159.26793,-2648.8625,117140.016,4369.7036
116,-105.42268,-1043.0017,48560.254,2749.8379999999997
117,-118.54631,-1347.3123,49908.426,2839.3509999999997
118,-118.22153,-1154.9718,41089.15,2308.9521
119,-187.93115,-7057.3516,189868.5,8656.671999999999
120,-140.04395,-2137.0662,75829.57,3814.2866
121,-127.20618999999999,-1951.3104,69502.29,3693.895
122,-176.9929,-2365.141,123670.24,3791.9092
123,-129.08575,-2156.114,73543.73,3846.9963
124,-117.67648999999999,-2163.702,94197.15,5043.992
125,-151.18066000000002,-3129.8845,122331.44,5031.242
126,-136.08575,-2350.2686,76773.83,4106.51
127,-145.80383,-2393.6233,113047.23,4244.8345
128,-137.909,-1560.0306,81427.08,3108.7585
129,-200.82425,-4492.979,141957.19,7605.714
130,-161.8977,-2509.3684,102654.02,6865.5645
131,-196.78243999999998,-5040.021,149921.42,5832.3584
132,-128.78826999999998,-1374.0215,74111.0,3245.7764
133,-112.29316000000001,-987.49335,41328.055,2060.3386
134,-150.00583,-2676.098,103369.41,4379.05
135,-114.00707,-1562.9878,55011.387,3155.6553
136,-106.7383,-1260.7955,48267.727,2774.9463
137,-147.51001000000002,-2628.7617,95435.5,4145.9507
138,-135.75101999999998,-2064.5513,85021.734,4029.1094
139,-156.97281999999998,-1751.5334,89516.86,1915.749
140,-144.91568,-2251.6252,109387.15,4313.3516
141,-127.19738999999998,-1922.9618,65123.574,3670.4658
142,-154.46872,-1917.1648,95650.24,3798.12
143,-177.88504,-3934.9497,102910.66,5205.505999999999
144,-104.718285,-1.2040024,0.0,-90.897675
145,-101.18947,-545.86725,27796.346,2038.5647
146,-130.81735,-1736.2245,79434.86,3443.7163
147,-197.9497,-3684.9395,188203.98,5335.4355
148,-107.20073000000001,-1124.5759,44384.4,2515.0679999999998
149,-156.38435,-3501.7341,105738.73,5050.1147
150,-138.86068999999998,-1443.2256,66019.23,2638.49
151,-201.8615,-4219.512,171094.16,5637.9130000000005
152,-174.01616,-4806.1523,127261.52,6264.8853
153,-242.66682000000003,-8553.37,307991.53,9219.96
154,-200.1342,-5843.108,218092.89,8171.156999999999
155,-114.73466,-1223.8025,42978.27,2572.2498
156,-123.83421000000001,-1517.9004,52832.32,2894.7993
157,-105.853485,-1142.0334,45988.27,2600.6404
158,-233.26873999999998,-5492.766,231156.97,7016.8916
159,-180.37933,-3426.0237,128537.39,4832.7896
160,-147.93509,-1964.5485,102721.21,3935.1128
161,-137.54703999999998,-2912.4983,110605.8,5280.8496
162,-117.60390500000001,-1507.7396,52868.496,3070.5269
163,-151.36705,-2745.2405,105638.32,4183.415
164,-140.11427,-1640.2659,82776.65,3319.5623
165,-169.19738999999998,-3602.013,94178.57,4888.1035
166,-148.28326,-2159.328,91298.88,3756.3364
167,-136.86432,-1957.315,79553.19,3688.8171
168,-134.09282,-1774.3239999999998,72329.98,3223.2488
169,-136.0705,-1626.8263,78720.43,3515.5874
170,-166.63583,-3217.7297,113061.586,4929.186
171,-106.32828500000001,-1111.315,46758.96,2804.8390000000004
172,-101.180305,-1380.4142,61357.645,3645.5454
173,-98.82426,-851.05145,45729.19,4664.4259999999995
174,-218.2643,-5293.815,173893.97,6333.8667
175,-122.58908000000001,-1146.3661,62342.835999999996,2892.5040000000004
176,-162.1673,-5654.144,191817.11,8537.69
177,-192.63199,-4657.0205,212299.16,6758.01
178,-167.96796,-3344.3877,141681.83,5204.1777
179,-114.67561,-893.61096,44706.055,2072.976
180,-135.72804,-2503.6147,81474.766,4305.5166
181,-14.870861999999999,-0.5588286,-8584.676,122.20853000000001
182,-98.34749000000001,-728.15,36860.55,2160.2458
183,-170.98671000000002,-2777.6,116547.38,4134.0977
184,-236.40777999999997,-6823.7285,231642.94,7308.0913
185,-231.23892,-4982.447,225482.0,5854.371999999999
186,-151.14896000000002,-2653.1072,106326.5,6541.4126
187,-142.81363000000002,-1680.8229999999999,71933.64,3115.9402
188,-165.50638,-3090.446,94735.44,4378.635
189,-128.00162,-1412.8295,45405.297,2584.2458
190,-166.82643000000002,-2537.1301,115808.01,4334.0874
191,-194.81915,-3886.6086,139592.48,5303.831
192,-196.23056,-4824.115,204426.64,7659.5166
193,-121.60441599999999,-897.24695,48194.094000000005,2328.4243
194,-190.66042,-4973.8955,153810.9,6356.08
195,-118.6247,-1359.9404,45661.74,2657.1404
196,-124.91093400000001,-1329.8055,47094.324,2558.052
197,-135.51003,-2095.4944,79785.1,3862.2886
198,-174.35817,-3424.9973,110925.75,4797.2334
199,-127.080376,-2005.8372,64141.605,3515.595
200,-162.31483,-3865.7842,129848.27,5654.6504
201,-125.96548500000002,-1614.4832,70624.695,3054.8599
202,-115.33156000000001,-1015.7049,42582.83,2158.098
203,-153.90768,-2029.6113,107878.76,2367.0498
204,-134.9809,-1493.5356,57680.105,2805.7236
205,-252.02469,-7275.566999999999,305772.8,7683.938
206,-208.93372,-5003.3047,224893.72,6563.9014
207,-112.88672,-1554.0164,56309.992,3304.948
208,-226.12155,-6072.6846,215074.95,6790.14
209,-99.80469000000001,-925.1179,42324.414000000004,2317.3757
210,-167.6463,-4679.1333,132775.81,6185.706
211,-231.53243999999998,-5538.0737,253014.89,6458.1064
212,-160.56253,-4225.5225,124146.555,5980.765
213,-154.20677,-2175.5625,99722.36,4244.605
214,-205.44109,-4819.861,186732.9,6515.4243
215,-137.33899,-2156.7654,79832.47,3989.7769
216,-156.47343,-2374.4915,93929.56,3870.6484
217,-113.91493999999999,-1063.7153,53852.566,2544.1753
218,-151.7674,-2404.4395,116743.39,4502.927
219,-192.39983999999998,-5476.2417,117400.7,6256.2119999999995
220,-201.11887,-3988.4448,200388.44,5329.3804
221,-151.99173000000002,-1809.1152,78991.33,3361.6907
222,-189.38022,-2938.4207,148804.27,4537.23
223,-115.42763000000001,-1197.7687,48631.94,2405.864
224,-105.00373,-1332.0754,54245.957,3063.8140000000003
225,-119.91843,-1848.8010000000002,74851.31,3626.6338
226,-186.30058,-4935.5109999999995,127567.69,6129.3813
227,-227.57488999999998,-7188.115,194519.8,7380.951
228,-138.65161,-3136.7258,107451.2,5232.525
229,-169.61307,-4488.762,122575.29,6238.0830000000005
230,-185.81001,-4200.137,196490.48,6559.418000000001
231,-93.47118,-806.7239,35402.574,2025.1033
232,-150.43336000000002,-2639.3759999999997,99534.055,4459.003
233,-94.640625,-828.84265,38714.562000000005,2315.5483
234,-201.50333,-6443.6133,170592.62,7497.948
235,-229.67351000000002,-5942.3687,246009.5,6742.473000000001
236,-199.42116000000001,-7139.058000000001,164956.94,7877.188
237,-201.92023999999998,-4187.3906,135365.53,5113.4424
238,-115.38908400000001,-1010.0582,41002.44,2015.9679
239,-106.42065,-1229.2216,46459.655999999995,2758.4187
240,-114.42777,-1392.5826,54542.25,3091.2708
241,-157.54797,-2503.7996,68807.734,3691.2292
242,-149.32675,-1943.085,80695.76,5576.7905
243,-172.05303999999998,-4120.0664,135527.12,5746.7480000000005
244,-230.37462000000002,-5130.0273,204995.88,5682.1269999999995
245,-167.04453,-2353.2764,109214.04,4056.0537
246,-188.71284,-7197.9414,178788.61,8667.194
247,-165.72507,-2757.7129999999997,114073.74,4611.887
248,-127.8012,-1881.287,65392.867,3361.406
249,-149.58908,-1778.5236,89050.05,3634.6375
250,-148.91296,-2360.1826,81519.02,3730.8691
251,-106.938934,-1004.93164,42193.426,2149.2266
252,-104.33898,-1346.5483,59462.265999999996,3139.8459999999995
253,-139.91356000000002,-1185.8745,63303.484000000004,2709.3154
254,-130.03333,-2174.834,68983.625,3910.7666
255,-135.4786,-1880.3163,77283.21,3319.1079999999997
256,-133.24103,-1891.7369,67759.47,3320.6614
257,-208.56725,-4872.9863,108035.07,5130.8184
258,-209.3592,-4043.8953,183770.42,5399.186
259,-218.0547,-5694.78,169901.22,6162.3
260,-163.85544,-3017.8174,94541.805,4814.210999999999
261,-119.1643,-1470.7892,59039.562000000005,3042.1628
262,-186.34393,-3306.802,169395.34,4864.156
263,-153.26596,-2453.2236,103588.484,4178.48
264,-133.9348,-1570.8718,82988.18,3353.066
265,-156.55714,-3497.5935,105014.336,5451.22
266,-151.47343,-3316.7683,105009.55,5141.056
267,-113.917915,-1326.1802,45433.11,2700.048
268,-166.15732,-2966.5442,92953.07,4525.403
269,-153.96135,-2357.8276,117798.24,4728.5366
270,-123.95456999999999,-1491.6785,49041.316,2809.7625
271,-146.7753,-1735.1106,79734.82,2999.9770000000003
272,-87.88672,-852.9689,39344.79,2432.8188
273,-165.75722,-1949.7634,103261.8,4085.587
274,-124.38973999999999,-2054.5957,81524.766,4110.9194
275,-136.13113,-1510.9597,62853.5,2987.92
276,-117.87791999999999,-1525.7283,55308.668,3011.9565
277,-151.48975,-1640.1576,86600.76,3042.7808
278,-124.43278500000001,-1496.109,50949.195,2815.3127
279,-167.23972,-4087.7046,130759.24,5708.4844
280,-176.15463,-3025.7627,132543.27,4692.5283
281,-170.64128,-2902.215,121194.664,4400.629
282,-202.65555,-3985.199,169381.47,5154.0283
283,-139.2227,-1597.8654,84600.47,3292.9133
284,-175.86133999999998,-2434.225,118238.43,3745.7322
285,-190.68332,-4701.6797,166039.31,6188.661
286,-146.79852,-3270.535,126532.25,5580.887
287,-116.15703,-973.96765,40490.848,2076.0354
288,-141.51039,-2135.988,95184.984,6815.771
289,-94.24284,-1142.5586,49522.9,2924.353
290,-125.68805,-2124.4204,79786.43,4004.6677
291,-158.14583000000002,-3589.8872,137229.23,5638.9697
292,-149.68288,-3359.7524,105674.164,5290.8105
293,-188.56303,-2871.1009999999997,141620.45,3946.9275
294,-183.06685,-4093.7424,127164.96,5571.8745
295,-166.89035,-3020.2478,99171.234,4247.232
296,-141.57787,-2468.6108,79735.234,3780.4973
297,-160.10265,-1857.6173,98345.71,3951.5854
298,-154.60834,-1500.5724,79335.19,2666.3677
299,-186.63052,-4552.906,135387.02,5716.221
300,-164.50638,-3315.7834,97990.24,4662.4507
301,-111.58726000000001,-1081.2452,58967.61,2923.8735
302,-153.5701,-3546.5034,138074.94,6189.418000000001
303,-172.27948,-2391.0667,91509.09,3280.2192
304,-146.81226,-2897.2427,110915.06,4937.0933
305,-204.63605,-3342.7222,141620.86,4409.9575
306,-148.80795,-2357.0522,63514.88,3436.7144
307,-144.02641,-2528.6328,82684.19,3955.9136
308,-147.94467,-2561.5244,97698.16,4010.0437
309,-113.46661,-853.7109,46542.984000000004,2286.573
310,-123.8468,-2244.9492,77925.414,4272.0435
311,-174.25323,-3232.4075,95850.266,4282.7397
312,-134.59009,-1909.4087,68379.734,3466.3213
313,-152.66093,-2161.0723,108952.42,4040.3032
314,-134.19236999999998,-2169.0586,80976.43,3870.8274
315,-117.82373999999999,-960.9278,43068.887,1842.9579999999999
316,-206.15572,-5105.0728,139989.81,5705.6685
317,-142.33746000000002,-2554.799,98226.055,4567.534000000001
318,-232.91727000000003,-4468.3296,192779.39,4929.8345
319,-154.59721000000002,-2317.5374,87512.336,3694.4424
320,-134.50638,-2010.4155,73215.84,3565.732
321,-143.9342,-2134.8325,91402.516,3790.3109999999997
322,-200.83145,-3131.6418,131156.14,4193.7837
323,-131.80302,-2271.2407,72938.09,4061.1917
324,-172.44156999999998,-3192.0823,85228.516,3984.1047
325,-145.0966,-2646.0986,101984.75,4219.2227
326,-224.38487,-5683.682,190402.62,6481.544
327,-126.983154,-2402.8796,89431.18,4741.2570000000005
328,-139.60806000000002,-1723.5444,82746.555,3365.4211
329,-155.26414,-1628.5491,81058.84,2983.9067
330,-107.98635,-1258.8274,54803.797,2936.1292
331,-215.70311,-7089.2676,251592.45,8454.989
332,-150.84178,-1346.0336,69091.47,2639.105
333,-108.895226,-1096.0365,41246.67,2358.4805
334,-189.4546,-6593.1074,180136.34,7925.630999999999
335,-145.67481999999998,-2343.6885,112608.23,4335.3820000000005
336,-151.67816000000002,-2091.868,103571.664,3757.2742
337,-192.41606000000002,-3995.585,140038.84,7948.8794
338,-223.27011000000002,-6388.5864,231916.73,7372.74
339,-144.66316,-2216.719,64900.277,3401.3213
340,-115.99173,-1186.8210000000001,59462.727,2803.2444
341,-17.0054,-0.23432933,-11398.33,117.60071599999999
342,-154.70404,-2617.0442,108010.81,6963.7646
343,-150.32831000000002,-1686.3263,88060.27,3695.7131
344,-177.64392,-3096.0215,153776.52,4943.23
345,-154.73828,-2806.2847,76910.33,4185.5537
346,-134.1518,-1603.5853,51735.734000000004,3161.795
347,-117.61081000000001,-1085.2528,44268.723,2217.1846
348,-39.194927,-0.09894279,-48725.367,58.6689
349,-124.07762,-1814.8129999999999,83802.04,4049.6494
350,-164.05456999999998,-2964.7485,105317.11,4146.055
351,-97.33637,-654.3257,30858.213,2333.2903
352,-106.11178999999998,-1119.4122,46545.703,2470.0073
353,-114.36865,-1756.6963,67640.39,3942.8628
354,-211.7167,-4184.69,179517.94,5149.130999999999
355,-145.99173000000002,-2634.261,94642.32,4407.687
356,-188.35928,-3361.8628,153998.22,5570.982
357,-144.29113999999998,-1389.4589999999998,74994.055,3366.0776
358,-219.19258,-7080.816999999999,182420.8,7321.5337
359,-217.51001000000002,-5629.898,149224.3,6122.044
360,-203.48508,-3762.7112,185542.3,5015.85
361,-160.18927,-2110.3752,107983.79,4327.4473
362,-201.73904,-4151.8403,213795.31,6034.1357
363,-175.99188,-3815.657,127927.625,5034.954000000001
364,-129.52065,-1691.3397,74988.66,3325.4553
365,-152.6879,-2150.1619,80200.92,3564.4805
366,-111.41518400000001,-1087.9374,37822.766,2181.6646
367,-100.27753,-918.4128,39704.56,2228.8704
368,-163.47933999999998,-2938.1013,137245.77,4449.554
369,-198.47343,-5803.439,147838.36,6610.7036
370,-120.71828500000001,-1.2040024,0.0,-40.35832
371,-99.83967,-1284.1665,51698.207,3140.7144
372,-126.94628,-1952.5371,74195.91,3766.659
373,-146.40894,-2728.6377,99916.055,4660.7026
374,-206.40008999999998,-3888.0742,195829.88,5440.8716
375,-110.39439399999999,-1229.212,45707.82,2460.669
376,-106.00206000000001,-1430.9009,57652.645,3373.906
377,-193.69409,-5944.8486,199478.27,7667.1904
378,-122.229836,-1904.299,96571.07,4188.754
379,-124.61976000000001,-1787.8010000000002,65580.555,3276.4666
380,-115.39773600000001,-1119.4293,39076.047,2133.855
381,-123.02787,-1529.7120000000002,49913.13,2868.2509999999997
382,-105.67023,-1031.7349,44049.426,2323.759
383,-140.32115,-1924.0269,64102.355,3068.684
384,-133.05928,-1601.069,53503.02,2717.64
385,-148.44922,-2202.4358,97033.73,3942.7166
386,-157.72603,-2422.1516,126536.58,4634.266
387,-189.11158999999998,-3357.6653,167285.11,4606.9307
388,-124.16096,-1602.6871,68259.54,3308.7852
389,-128.1755,-1624.2179,83717.375,3487.6577
390,-200.25388999999998,-6366.3022,178339.39,7850.24
391,-144.40479,-2059.885,57616.69,3167.7529999999997
392,-140.98984,-1507.6494,68412.24,2685.4824
393,-186.51889,-4152.482,134865.88,5283.9336
394,-145.80469,-2260.5212,74124.016,3616.513
395,-121.531044,-1155.1987,58909.83,2467.4937
396,-146.88853,-2981.1606,86566.41,4582.8857
397,-99.9249,-722.2059,32978.4,1759.4282
398,-216.94627000000003,-6567.0103,151394.7,6779.446999999999
399,-123.03195,-1467.3352,68232.54,3155.1726
400,-174.94861,-2300.0413,114236.22,2439.591
401,-170.09856000000002,-3277.4092,129994.88,4938.373
402,-113.6762,-835.13586,46556.12,2377.0505
403,-204.26102,-4694.812,177082.58,5848.6987
404,-148.82265,-3226.1782,111172.43,5335.9565
405,-148.92068,-1937.6741,97423.086,3607.3340000000003
406,-113.27396399999999,-1134.3684,44456.062000000005,2273.81
407,-233.34784,-5075.4614,164258.12,5236.429
408,-197.43883,-6338.857,177067.16,7503.021
409,-134.1646,-1884.0743,79900.6,3723.0735
410,-131.72812,-2187.56,79634.53,3893.2148
411,-163.9987,-4385.090999999999,118966.01,6059.482
412,-157.32108,-2711.789,70558.8,3746.8018
413,-153.39983999999998,-3334.9263,89063.3,4912.228
414,-195.42609,-5400.695,123729.13,6114.4717
415,-112.16233999999999,-1298.1965,48356.227,2702.008
416,-179.58049,-4039.1404,159450.69,5671.36
417,-96.29483,-637.95953,30091.766,1640.1791
418,-150.61975,-2225.5173,78358.16,3562.2146
419,-144.27477,-3250.0876,116723.38,5363.7390000000005
420,-110.24778,-1166.8014,43110.184,2510.9197
421,-119.59896,-2143.0703,73976.61,4290.5977
422,-133.00708,-2064.8772,64528.585999999996,3642.585
423,-196.67314,-4947.4233,185150.31,7018.869000000001
424,-214.7372,-6329.4883,181494.86,6905.6523
425,-96.718285,-1.2040024,0.0,260.16516
426,-208.33426,-5645.1675,191004.12,6417.9834
427,-156.14197,-3746.115,121746.21,5406.441999999999
428,-125.98548999999998,-1604.5887,85221.016,3434.9072
429,-114.62993999999999,-1105.4393,40193.555,2581.4106
430,-117.880325,-1223.5372,64304.957,2826.3054
431,-96.23746,-976.8568,42294.07,2457.5217
432,-158.6756,-2504.2683,85602.055,3681.1040000000003
433,-110.11209,-1007.3487,51691.523,2546.44
434,-165.17885,-4266.521,141057.61,6544.6357
435,-193.48116000000002,-3710.4226,159153.8,5468.2656
436,-174.33016999999998,-3269.0593,104145.05,4513.6245
437,-108.38893,-870.38855,31360.13,1785.646
438,-141.629,-2136.1086,93040.21,3984.3213
439,-216.26285,-6189.5537,215522.31,6645.6943
440,-102.0822,-1128.0901,47263.234000000004,2767.9
441,-141.62506000000002,-2303.9216,78393.13,3902.4355
442,-144.28502,-1803.1864,80358.45,5785.2344
443,-143.26917,-2060.8184,81780.39,3436.8765
444,-208.63641,-9714.891,238844.83,10720.542
445,-117.0822,-1283.9777,54752.027,2640.2925
446,-114.28146000000001,-1673.0295,70980.65,3475.8047
447,-119.61976000000001,-1843.648,64774.15,3598.7817
448,-136.55875,-2225.9539,78954.6,3680.2666
449,-95.22851,-725.5799599999999,31450.635,1830.2446
450,-152.31949,-2627.1245,77611.54,3960.3259999999996
451,-111.127945,-1678.6268,71259.695,3698.946
452,-150.34837,-1406.4061,70162.445,2739.6172
453,-122.55191,-1918.2302,73454.42,3840.6348
454,-228.00263999999999,-5201.0503,180475.48,6128.142
455,-168.61046000000002,-2463.1519,126785.84,3889.1006
456,-111.36843,-1135.8069,48961.418,2598.1597
457,-204.1867,-4164.880999999999,194378.17,5776.353
458,-191.33354,-2354.703,118807.95,3752.0688
459,-158.14365,-1517.6847,76096.336,2736.4414
460,-85.61081,-560.5056,28398.322,1597.442
461,-116.74623000000001,-983.7628,54397.758,2643.1477
462,-118.54158999999999,-1086.8966,57009.914000000004,2522.3225
463,-151.96016,-1608.1376,70666.125,2834.014
464,-134.7084,-1698.4264,49618.63,2808.8940000000002
465,-87.392715,-775.9480599999999,34911.305,2188.1316
466,-115.775314,-1757.3774,71096.02,3648.13
467,-158.61504,-2189.721,96578.84,3980.8738
468,-190.44238,-5528.8364,165056.12,7355.193
469,-168.90126,-4332.6377,140672.42,6071.2974
470,-152.46616,-3154.9314,88305.44,4606.62
471,-136.61641,-2784.6619,87680.33,4726.899
472,-178.81094,-2800.196,135324.83,4243.122
473,-136.82388,-1904.8346,66159.0,3310.9297
474,-167.83029,-2594.3499,132306.11,4032.265
475,-128.77539,-1884.1666,79627.38,3670.7568
476,-143.59532,-1568.2697,65051.75,2782.7104
477,-162.34784,-2083.5496,92541.02,3339.2490000000003
478,-173.50589,-2470.481,128919.05,3924.64
479,-188.40399,-4481.816,158689.95,5861.0176
480,-143.5346,-2698.5051,101827.625,4432.164000000001
481,-109.303925,-1021.7373,48097.11,2524.861
482,-102.05275,-1371.1036,59115.285,3309.2966
483,-171.63278,-4701.1147,159927.39,6879.3965
484,-155.43686,-3902.6543,118323.19,5710.1875
485,-158.6356,-3979.5151,105701.31,5808.6367
486,-222.78981000000002,-7030.89,321113.22,8010.5513
487,-122.228806,-1274.1855,54684.465,2645.673
488,-243.23885,-4961.707,228926.36,5487.548000000001
489,-105.13303,-1288.6953,56901.59,3068.506
490,-120.27507,-1348.8591,72968.63,3210.5312
491,-128.60973,-1632.5923,76611.08,5923.2773
492,-158.41629,-2285.9402,109598.125,3782.3328
493,-88.718285,-1.2040024,0.0,227.56999
494,-211.35927999999998,-3706.1277,182300.61,4785.5684
495,-136.33185,-1595.8889,66288.266,2810.097
496,-100.85188000000001,-1004.56573,46352.707,2476.1777
497,-235.81255,-4821.5986,198779.58,4048.8376
498,-188.66216,-3513.8162,136684.86,4607.5234
499,-132.95456000000001,-1748.8871,54509.72,2872.397
500,-110.89763,-1335.1439,63839.363,3277.4526
501,-42.626095,1.0046368,-58560.465,149.46712
502,-134.54727,-1493.6062,78203.37,3367.5508
503,-130.75859,-1745.9274,90517.08,3815.1145
504,-119.80368,-954.34094,52990.12,2596.118
505,-205.01486,-5976.0396,191995.1,6736.6016
506,-145.20073,-2447.19,68814.01,3829.2754
507,-101.860466,-1089.6453,43474.55,2721.6062
508,-166.64354,-1824.5281,95899.26,3184.3516
509,-134.56297,-1066.1349,57767.723,2746.9146
510,-149.81833999999998,-2161.9836,57395.55,3138.7188
511,-136.21573,-1018.9294,51779.793,2196.8337
512,-108.20073000000001,-1148.6082,44766.6,2576.3477
513,-118.44158999999999,-1274.4647,49132.515999999996,2590.165
514,-187.16095,-4245.4253,124065.13,5305.9253
515,-193.74652,-3222.7559,154774.45,4666.2837
516,-175.1867,-2976.1929,150348.58,4881.9595
517,-128.18947,-965.29486,52691.55,2715.2324
518,-164.24335,-1652.0342,86104.695,2764.0066
519,-85.626595,-590.28705,30323.93,1737.0387
520,-147.78396999999998,-2586.3452,89596.03,4110.835
521,-128.71828,-1.2040024,0.0,313.07132
522,-177.57889,-2926.2309999999998,137392.44,4625.9634
523,-146.95485,-2501.8374,80492.75,3999.212
524,-103.708405,-839.1474599999999,32767.229,1982.9473
525,-108.38893,-870.17303,31250.932,1814.6587
526,-135.7348,-1794.6711,61732.38,3017.8108
527,-131.54463,-2136.8289999999997,68246.71,3684.1155
528,-127.02816999999999,-1536.7595,64679.965,2840.5745
529,-140.16066,-2246.669,69130.1,3745.2756
530,-128.6935,-2629.37,96635.71,4815.304
531,-111.62208999999999,-1551.0508,74250.39,3759.1165
532,-121.84163999999998,-1253.7375,57939.152,3012.0083
533,-95.666954,-1002.9830000000001,46394.85,2605.894
534,-155.92519,-2902.9043,84537.22,4865.2803
535,-131.48268000000002,-1656.2675,86699.61,3340.7698
536,-85.09362,-360.46506,-9284.891,1450.1696
537,-144.29002,-2964.2207,92003.08,4676.89
538,-158.04787,-3065.9368,119500.66,4730.4575
539,-148.28766000000002,-1998.8739,104090.33,4076.7732
540,-151.98641999999998,-2688.2043,93065.555,4353.102
541,-146.82901,-1435.2979,74728.73,3304.8590000000004
542,-111.95341499999999,-1417.9509,64501.805,3309.9502
543,-108.91493999999999,-1259.7113,59770.566,2948.3975
544,-226.9974,-6030.113,196773.38,6519.278
545,-240.04935,-7700.2124,319242.16,8564.254
546,-157.89398,-2876.9983,100230.49,4499.5015
547,-197.34167,-4460.4727,194107.58,5613.0205
548,-218.12277000000003,-5142.584,166285.42,5378.2397
549,-130.76091,-1869.4761,58145.098,3228.765
550,-106.63728,-1144.2881,51389.53,2733.9832
551,-160.74158,-1832.1162,95504.31,3435.612
552,-104.72091999999999,-1176.9889,48423.668,2770.6873
553,-106.75103,-1323.7998,63029.335999999996,3276.1992
554,-157.18546,-1987.0652,86434.21,3301.64
555,-121.6674,-1820.55,82355.0,3588.1582
556,-156.85997,-1706.4094,90340.56,3047.1943
557,-161.58466,-2487.6572,126780.56,5118.646
558,-128.10533,-1106.1841,57766.117,2727.278
559,-171.57402,-2676.011,137119.4,4526.638
560,-220.90126,-8176.9890000000005,202457.22,8405.431999999999
561,-107.46813,-1446.5903,61860.98,3274.7144
562,-128.74208000000002,-1338.4037,61627.5,2788.7427
563,-108.98643,-1362.7665,60957.155999999995,3123.6099
564,-111.73997,-1195.8239999999998,44886.84,2602.584
565,-117.86591999999999,-1920.2667,68209.44,3923.2522
566,-132.40953000000002,-1376.8313,73697.31,3238.0068
567,-184.93094,-3754.8066,140899.34,4984.419
568,-143.47366,-2545.0664,104947.83,6969.9663
569,-108.84033000000001,-1006.8772,55152.92,2572.5312
570,-145.00162,-1934.7925,55191.094000000005,2791.3647
571,-131.04547,-1843.1505,61236.164000000004,3393.5879999999997
572,-118.04213,-1692.4246,62175.54,3528.7112
573,-159.8012,-3113.782,87546.47,4291.9385
574,-139.20808,-2547.8667,87399.48,4400.858
575,-137.37904,-1419.4229,64659.36,2847.1882
576,-140.44196000000002,-3026.033,93268.2,5123.4126
577,-172.68288,-2418.749,98762.164,3994.4358
578,-241.26729,-6801.1990000000005,298716.12,7193.745
579,-169.14873,-4855.661,121125.234,6304.597
580,-135.49925,-1507.0842,58684.84,2935.6497
581,-176.39404,-1966.4634,103470.14,3417.6758
582,-147.08687,-1964.8021,101632.7,4167.5693
583,-168.76556000000002,-2235.0955,113690.77,3979.8613
584,-106.357666,-988.89026,37750.55,2192.8777
585,-186.6922,-3612.2140000000004,152144.78,5283.5703
586,-130.01762,-1308.7809,55667.17,2648.8015
587,-214.9404,-5211.0825,222289.16,6352.389
588,-84.9249,-573.41675,26753.895,1779.45
589,-172.47491000000002,-2921.5383,148651.9,5328.1504
590,-135.22212,-2506.4277,88856.414,4367.271
591,-167.13558999999998,-3034.9326,140063.19,4720.2637
592,-101.153755,-972.1607,44031.277,2439.1484
593,-157.65691999999999,-2574.4973,107198.16,4339.948
594,-203.0054,-5713.1924,121401.67,5941.5444
595,-106.087456,-1037.639,52866.97,3339.8503
596,-103.90751999999999,-1118.9783,41952.535,2747.8948
597,-202.12497,-5567.5522,195308.45,6562.5576
598,-124.20073000000001,-1392.2758,52360.207,2683.4434
599,-124.06991000000001,-1603.4813,58786.37,2833.8098
600,-122.30028999999999,-1109.8704,46928.655999999995,2635.4120000000003
601,-143.27432,-2166.3142,82720.25,3372.796
602,-199.8935,-4005.739,190389.3,5614.203
603,-211.56252999999998,-4806.1855,153071.95,6022.414000000001
604,-141.83966,-2788.2124,81627.0,4584.0254
605,-201.07718,-6618.7919999999995,145432.08,7235.9385
606,-105.22676000000001,-838.8739,35196.664,1849.6627
607,-174.27469,-4850.2,146511.33,6512.456
608,-125.3525,-1500.2828,51564.496,2776.897
609,-127.661644,-1761.6456,64495.68,3336.3552
610,-203.38995,-5033.88,168574.94,6275.445
611,-211.3869,-5448.9854,203099.12,6667.972
612,-134.46631000000002,-1816.6948,71651.945,3412.5283
613,-194.22146999999998,-3479.3872,166417.88,5215.485
614,-126.87625,-1471.2582,58782.555,2899.034
615,-146.74556,-1991.9696,80002.64,3195.3074
616,-82.78694,-474.7172,23306.365,1460.8033
617,-157.32742,-1791.8512,93565.18,3328.413
618,-135.28996,-2325.833,75985.74,4191.7456
619,-137.48407,-2442.631,96541.91,4404.1943
620,-110.54463,-1038.4816,47047.51,2317.7053
621,-229.76252999999997,-6900.166,262193.94,7615.33
622,-112.66186499999999,-1952.0634,72213.66,4226.0547
623,-126.00707,-1822.8229999999999,60000.99,3429.2903
624,-119.79997,-1551.7137,72980.805,3516.1362
625,-136.7713,-1955.707,57034.375,3132.3984
626,-146.59349,-2858.5759999999996,79901.12,4288.0273
627,-167.89305,-2871.7466,136231.34,4578.138
628,-113.77131000000001,-1109.3162,40880.574,2396.8901
629,-146.97777,-1804.7368,78813.95,3328.9238
630,-119.16961,-1821.9563,69525.74,3477.02
631,-128.23564,-1637.2799,56238.844000000005,3041.2578
632,-143.27753,-2282.7668,68029.56,3489.3513
633,-128.73154,-1114.4369,52765.207,2492.139
634,-153.4109,-1712.1542,83718.8,3383.9678
635,-140.84572,-1581.2426,83303.34,3245.8809
636,-113.40333600000001,-1417.6367,55980.047,3057.8203
637,-136.56116,-1952.1747,91738.09,4063.27
638,-114.24778,-990.67615,42239.184,2031.0898
639,-118.52558,-1546.481,64002.734000000004,3118.0488
640,-153.08583000000002,-2846.4326,90251.484,4377.3096
641,-187.46188,-3225.9307,149444.47,4552.3859999999995
642,-115.86774399999999,-1152.2354,53571.473,2814.565
643,-124.72448,-1485.3191,60648.066,3017.9338
644,-184.34807,-4912.1320000000005,156242.6,6076.0293
645,-185.19571000000002,-3299.4363,107305.46,5850.491
646,-196.23244,-6120.0444,134711.7,6988.1630000000005
647,-181.46326000000002,-2650.3071,117336.54,4097.914000000001
648,-120.315926,-1533.9878,54239.344000000005,2958.3386
649,-105.83421000000001,-1060.9174,42349.12,2444.409
650,-137.64616,-2344.9155,86642.7,4223.2617
651,-152.38268,-2614.0232,95824.81,4331.9785
652,-139.34749,-1955.7114,70708.945,3471.192
653,-123.85014,-1950.0538,67640.836,3701.508
654,-178.60433999999998,-4702.8223,130417.336,6164.678000000001
655,-116.08888,-1129.5015,40456.484,2291.4375
656,-152.55453,-2836.0144,133444.48,4908.0493
657,-186.43288,-3186.4758,160704.66,5088.601
658,-104.83465600000001,-1111.4102,54254.668,2918.575
659,-210.82492000000002,-3676.4204,167939.2,4789.022
660,-220.19069,-8576.546999999999,172878.52,8547.362
661,-213.93675,-5301.7534,208863.7,6356.1836
662,-192.17746,-4031.1975,166332.9,5762.53
663,-153.24532,-2259.6462,106786.25,4162.8765
664,-131.29527,-2213.8257,78551.91,3841.0476
665,-195.42451,-3458.0209999999997,179474.1,4975.583
666,-152.9169,-1718.892,83015.11,3280.0490000000004
667,-138.235,-1657.6934,86356.13,3498.6338
668,-198.98708,-3707.2566,157754.47,4936.2583
669,-208.45337,-4624.1953,197742.56,5742.2812
670,-113.02787,-1263.7317,44528.33,2625.5007
671,-119.8391,-837.43097,43336.957,2579.4797
672,-153.7199,-4388.932,136477.27,7029.4233
673,-151.96921,-1497.2806,65178.01,3393.7913
674,-226.43677999999997,-5935.0776,161862.44,6166.205
675,-199.65887,-3053.0288,141088.89,4138.311
676,-111.12082,-1551.1974,64526.887,3373.3862
677,-145.42623999999998,-2671.3606,90718.46,4495.8623
678,-117.43278500000001,-1252.8525,46331.4,2576.154
679,-72.010414,-388.75097999999997,20904.014,1455.5043
680,-187.22603999999998,-6581.393,182660.69,8059.938
681,-114.84345,-2043.9122,77149.17,4384.0005
682,-150.9393,-2556.2625,90420.414,4203.7764
683,-148.71828,-1.2040024,0.0,210.6817
684,-150.20451,-2797.4849,91032.98,4307.957
685,-147.58803999999998,-1977.4883,57745.43,3063.3787
686,-126.0422,-1644.1958,67660.49,3253.2632
687,-154.39264,-2390.2727,68143.24,3412.5715
688,-185.72972,-4837.026,217363.36,7009.8267
689,-140.31622,-1428.0942,65298.777,2768.575
690,-219.20235,-5340.36,222058.25,6776.4204
691,-143.41403,-2898.9785,93312.95,4869.923
692,-174.6122,-3244.3347,149491.1,5149.499
693,-106.97209,-968.0151400000001,41194.492,2184.3606
694,-181.53322,-3102.9229,135702.12,4434.0317
695,-193.89574,-4317.298,132644.38,5158.198
696,-111.3176,-1244.4298,43845.055,2847.1753
697,-154.57816,-2817.8481,101295.85,4455.6045
698,-148.91173999999998,-3138.1155,112704.055,5306.2715
699,-145.00919,-2706.9658,94872.055,4396.668
700,-163.32211,-2184.4114,108611.41,3573.3264
701,-204.48328,-4992.3047,219147.27,6371.3228
702,-163.2683,-3244.7395,143198.8,5470.9478
703,-134.10147,-1743.4756,67887.18,3287.2017
704,-114.16823600000001,-1296.6553,64162.055,3321.903
705,-137.71828,-1.2040024,0.0,302.36908
706,-146.92693,-2810.815,83103.6,4578.7197
707,-210.47933999999998,-4460.965999999999,182214.58,5568.2554
708,-114.97246000000001,-1668.5355,65987.78,3702.3337
709,-179.78731000000002,-3939.2131,104371.45,4949.0303
710,-159.38298,-2380.3887,107351.234,3954.4868
711,-179.04315,-3471.7688,149279.73,5525.6553
712,-146.39438,-2400.3594,65685.41,3651.5176
713,-127.19418999999999,-1558.348,70829.06,3095.8333
714,-223.83495,-5987.909000000001,181175.89,6709.5796
715,-200.00583,-5111.4517,154272.2,5937.6284
716,-139.29587,-1036.7314,54336.37,2343.995
717,-127.588486,-2100.0867,76013.98,3870.461
718,-142.02782,-1700.7267,91041.69,3901.4185
719,-111.105255,-1027.0111,54041.55,2562.4863
720,-132.68266,-2510.351,79098.8,4466.1953
721,-175.1963,-3291.1357,137011.7,4688.12
722,-158.38007,-2713.0754,130991.57,4860.7056
723,-141.47933999999998,-2049.6204,104511.39,3737.897
724,-148.84935,-2506.2405,117935.83,4554.3125
725,-136.46988000000002,-2461.8652,87396.55,4202.0234
726,-156.15898,-3259.9746,89482.39,4529.698
727,-190.51125,-3544.9440000000004,80466.06,3863.5833
728,-110.275856,-1295.0222,49719.25,2915.0676
729,-155.57118,-2430.9014,97537.56,3859.4614
730,-149.6231,-2072.8320000000003,65371.18,3366.2754
731,-199.3584,-6808.1353,167019.12,7593.6934
732,-123.853485,-1653.0958,56950.265999999996,3200.7937
733,-133.27135,-1303.3485,69319.1,2677.0056
734,-123.01799,-1622.7727,71228.77,3552.8298
735,-138.7609,-2203.395,64337.496,3397.152
736,-107.17551,-689.5576,36869.375,2317.4868
737,-119.13288999999999,-1820.7164,64236.07,3775.3320000000003
738,-135.6733,-2085.6643,106972.63,4337.667
739,-180.15544,-3085.0293,155092.0,5387.7573
740,-124.69488,-1626.2985,64392.8,3283.5652
741,-124.6615,-1717.8785,57906.363,3221.7058
742,-186.4008,-3243.0427,146866.23,4693.2676
743,-209.35381999999998,-4804.6123,188384.5,6240.088000000001
744,-150.80383,-1522.6768,80791.234,3244.6733
745,-174.95035,-5389.6323,167984.48,7432.9890000000005
746,-111.57708000000001,-1542.6008,80052.01,3854.1404
747,-218.58907000000002,-6430.592,203980.44,7343.0596
748,-197.92403000000002,-3225.3179999999998,140889.31,4219.44
749,-158.69821000000002,-2919.5295,82299.43,4294.4473
750,-144.77728000000002,-2893.4666,107566.37,4857.1157
751,-128.06293,-1538.8026,57328.887,2878.5864
752,-203.36719,-7168.236999999999,181369.62,7766.68
753,-198.16518,-3886.4578,165412.47,5168.48
754,-156.28894,-3026.7815,129778.52,4767.5176
755,-175.49998,-3040.3901,128576.414,4406.8009999999995
756,-158.66312,-2782.6228,141764.23,4962.1343
757,-127.73524499999999,-2137.94,83500.33,3997.0203
758,-245.61133999999998,-6474.2793,300166.9,7133.5605
759,-105.6231,-1117.2421,44582.383,2612.3137
760,-223.7399,-6427.3604,248682.98,7690.8047
761,-122.67735,-906.6084,44993.324,3898.5806
762,-159.89372,-1703.9607,86897.2,3534.2424
763,-146.05988,-2775.208,99668.88,4731.706
764,-147.43657,-1944.2438,75548.98,3108.8806
765,-155.40945,-2420.7888,117412.85,4091.7769
766,-109.92163000000001,-1335.9192,52972.625,2935.1519
