,oz1_recip,(oz4_negative+oz2),(oz2_zscore+oz5_adde),((oz2_relu*oz2_negative)+oz4_negative),((oz2_sin+oz2_radian)*oz1_adde),(oz12_radian_exp-oz2_negative)
0,-0.7465440999999999,-0.43336308,1.302003,0.0053080125,-0.59617317,0.5405736999999999
1,-0.5657263000000001,-1.4001385,0.16146386,-0.03334472,-0.9536072,-0.3556298
2,-1.1782699,-1.2852128,0.27432382,0.17781213,-1.9064718,-0.48650146
3,1.3740138000000002,1.2738923,3.8800488,-1.4912854,3.3295891,2.2140646
4,13.414333,1.5538014,3.0775042,1.001949,1.0951711000000002,1.4119699
5,1.1133289,2.5527818,3.3661416,-0.93712103,3.6731517,2.462552
6,-1.7282495,0.54114306,1.5820153,1.0410031,-1.0442123,0.47610566
7,-0.934318,-2.1891525,1.4989762,-1.4113013,-1.1788452,0.21391898
8,-0.8374903,-1.1587535,0.63714874,-0.010342232,-1.4208298,-0.14297163
9,1.8140298,-0.26192933,4.0796843,-1.0040927,1.5845323,1.5198071000000002
10,3.1905935000000003,-1.8714236,3.1158352,-1.5831444,-0.87717545,0.7067025
11,0.964899,0.6969846,2.3497078,0.6414347,0.20148310000000005,1.0707235000000002
12,-1.3903275,-2.584027,1.60039,-1.7401348,-1.5231868,0.15228397
13,322.34628,1.4649091,2.037196,1.6146481,-0.41308856,0.8704972
14,-0.6365274000000001,-1.1067109,0.15341818,0.47038645,-1.1788136,-0.5815906999999999
15,0.63601977,1.7811172999999998,5.862742400000001,-2.8973150000000003,4.371688,2.7220917
16,-0.7038014,-0.7746759,0.5143379,0.5887043000000001,-1.3004906,-0.34942067
17,-0.50504315,-0.30251825,0.5211842999999999,1.2078743,-0.7563679,-0.50228214
18,3.1791406,0.5477854999999999,3.3677992999999997,-0.22762601,1.5146402,1.5257216999999998
19,-1.8666543,-1.4702895,2.2989576,-1.2242023000000002,-0.5410705,0.78218305
20,-6.021026999999999,-1.0730476,2.2391434,-0.8582859,-0.553477,0.76529765
21,1.3890041000000002,1.5621803,3.7318697,-0.5500148,3.0220284,2.0595703000000003
22,0.87621254,-1.0776207,4.6868668,-1.8196374,1.87022,1.5160418
23,0.87652093,1.282043,5.827667,-2.1732652000000003,3.9141414,2.4011674
24,-0.73401856,-1.7811823,0.3330871,-0.13160402,-1.3907504,-0.6285731999999999
25,-0.55507123,-1.0264838,0.25748825,0.68030983,-0.93555474,-0.7361065
26,-0.70133305,-1.2223219,0.7091923000000001,-0.11604888,-1.1804283000000002,-0.0902437
27,-1.4415461,1.1793618,1.7291906000000004,1.2606066,-0.16717672,0.920967
28,1.7221471000000002,1.1660248,4.6608562,-1.2412432,3.0488405,2.1016238
29,-0.39136797,-3.2828364000000003,0.09041667,-1.591062,-0.16676643,-0.6768854999999999
30,-1.2988845,-1.3650467,3.0016212,-1.3548539,-0.020205863,1.0139164
31,5.102509,1.0348992,4.0830910000000005,-0.723374,2.3601751,1.923673
32,0.90130305,0.86531454,5.7681923,-2.6387322,3.889887,2.4253583
33,-5.384784,1.1110003000000002,1.3260427,1.4164214,-0.7750315999999999,0.702707
34,4.2093805999999985,0.8284857,1.600024,1.2967412,-1.3582199,0.5224741
35,-1.6387726000000002,-1.5382024,2.8799024,-1.5736114,0.07341914599999999,1.0180005
36,-1.5171865,-1.4376566000000002,0.97673297,-0.40303412,-1.8073869,-0.014617443
37,0.44698665,1.653028,5.9761724,-3.2696395000000003,5.0066385,2.7826295
38,-1.9011691,-0.5534840999999999,1.0892613000000002,0.43024224,-1.8628685,0.039700806
39,-1.3278514,-2.3206224,0.55984175,-0.89895415,-1.9921356,-0.44176382
40,1.110363,0.5906372,2.9362211,0.55428505,0.12928315,1.0325153
41,1.5408454,1.0512372,3.2802207,0.59003747,1.1536746,1.32936
42,1.2595177,0.67204654,3.1097622000000005,-0.11030798,1.7647366999999998,1.5397956
43,1.3128566000000002,1.9041164,1.5803379,1.2151765,1.6013826999999998,1.4819448
44,-2.100019,0.18454969,3.1124187,-0.65645707,1.1827163,1.5683644
45,4.937029,-0.2960366,2.6795793,-0.81666684,1.0968395,1.3881357
46,-15.442816,-0.24880421,4.52221,-1.5331182,1.8208517,1.750047
47,3.2638679,-0.3288033,1.9850404,-0.14068621,-0.5755723,0.78592014
48,-2.1631866,-0.023294002,2.3975728,0.15065838,-0.39730987,0.79610324
49,-0.9618041,-2.1197197,0.054012775,-0.43501836,-1.7170476000000003,-0.7141359
50,-1.7233392,-0.08331145,1.9486444,0.23584788,-0.6827505,0.68224174
51,-0.5719363000000001,-2.0087273000000003,0.5396681999999999,-0.54185724,-0.989432,-0.44691598
52,6.5394063,-1.1520336000000002,4.398971,-1.858246,1.344357,1.4743651000000002
53,6.47825,-0.13314044,5.050464,-1.7645798,2.2424114,1.8911679
54,-1.0510371,-0.80186594,0.55066836,0.4785919,-1.7323787,-0.29370058
55,1.5656083,0.91059935,4.7109246,-1.0423183,2.853527,1.9873254
56,-1.9566092,-0.9373598,2.8565476000000003,-1.156972,0.4137562,1.1967598
57,-0.71610975,-1.1197224,1.042775,-0.22822712,-1.0489808,0.08871198
58,-0.7606699,-0.5714494999999999,0.71940124,1.0771235,-1.4397949,-0.6485065
59,-49.038975,2.0475566,2.3179111,1.4936858,1.0607982,1.416217
60,1.0584277,1.1380085,4.0989714,-0.25906060000000003,2.6350443,1.7790413
61,0.7489823,1.2466068,5.86508,-2.3396776000000004,4.131154,2.4615502
62,-9.465087,0.56540143,3.971211,-1.0578753,2.0342894,1.8626186
63,1.8331131,1.6471167000000002,4.0035067,-0.1167925,2.6473072,1.9238781000000005
64,1.4168499,1.719282,2.5060923,1.2953017,1.0994097,1.3464125
65,2.1539915,0.5725170999999999,3.1594398,-0.072698474,1.3980563999999998,1.4631348
66,-0.47367865,-2.1484058,-0.14307964,-0.4340485,-0.6190665,-0.74252105
67,-16.687604999999998,-0.222429,1.7477412,0.47436568,-1.7383641,0.3317291
68,1.1684886,1.647866,3.867824,-0.10785842,2.8925347,1.9317818
69,1.9377981,1.2429628,4.213703,0.10888228,2.06302,1.6675235000000002
70,-0.77865404,0.090272665,0.65809965,1.3774334,-1.4089328,-0.27194428
71,-0.45439047,-2.3824348,0.7290274,-0.9372435,-0.5265082,-0.45280915
72,-4.737882,-2.3261540000000003,1.8857678,-1.4985912,-1.8822381,0.15823668
73,2.3980014,0.7246206999999999,3.7318416,-0.4752798,2.0682013,1.7321599
74,-1.1452651000000005,0.62019825,2.0146358,0.8747860999999999,-0.47288612,0.7265826
75,1.0595888,0.11059058,6.9912114,-4.5343676,3.734813,2.7161603
76,0.71862555,1.5203698,2.7673502,0.7246756,2.0888143,1.5314956
77,-0.85183805,0.64612436,1.2773967,1.6355902,-1.3173337,-0.0015666485
78,0.90290475,0.020897985,4.77501,-1.2215784,2.5756724,1.7076513999999998
79,1.1765152,0.17118534,3.3594267,-0.037323985,0.6397866999999999,1.1596482
80,0.92885435,-0.11958492,5.8239694,-2.9207163,3.6799462,2.2704756
81,-3.7577498,1.2003229,1.7742741999999998,1.5494725,-0.853826,0.6609773
82,-2.2248013,-0.5310937,1.4097352,0.30891374,-1.7227228,0.17408997
83,0.6459621,0.3747537,7.709338000000002,-4.119246,4.3667874000000015,2.6710827
84,-0.8726654,-2.5929856,0.96622074,-1.5736888999999998,-1.3672202,-0.02986151
85,0.9977295,2.409254,2.6556237,0.44692045,3.1692646,1.963001
86,0.7477815,1.9261622,2.3693566,0.7738614,2.6117272,1.6766508999999998
87,0.86570066,0.54366094,5.9945707000000015,-3.3515851000000003,3.9749079,2.5362720000000003
88,-0.672845,-0.5894571,0.2807504,0.82918113,-1.2483263,-0.41287458
89,-110.55686,2.255526,3.713852,-0.79908377,2.6853476,2.2910814
90,2.2077572,0.47640282,2.579617,0.38192528,0.28011394,1.115598
91,0.69118494,2.150372,3.620305,0.10796547,3.6098187,2.037537
92,-3.57948,-0.50193536,0.6960036000000001,0.29280117,-1.7744296999999998,0.22246891
93,-1.5021924,-0.25371897,1.2909384,0.40833014,-1.2855139,0.34522040000000004
94,-1.782045,0.33012646,0.7045686,1.3094344,-1.8275279,0.016991079
95,6.8314276,1.0923986,2.7915316000000003,0.5628642,1.0894508,1.4075539
96,2.295807,1.4073803,4.9315124,-1.8378974,3.1656063,2.3406942
97,5.461069599999999,2.9440808,3.02657,0.14333951,2.8134162,2.2300107
98,-4.4368024,-1.4784431,2.2576008,-1.1229208000000002,-0.88319534,0.61809456
99,10.031559,-1.9654019,2.3330386,-1.5502096,-1.1570922,0.5631119000000001
100,-0.7942699000000001,0.68634915,1.1943445,1.6029181,-1.1812968,0.08909297
101,-8.719206,0.83036554,1.2384248,1.6518748,-1.9436147,0.19243753
102,-2.8247342,-1.957969,2.4501197,-1.6122382,-0.81547904,0.663187
103,1.3898685,1.997472,2.459482,1.6313235,0.9834924,1.3048058
104,-2.5451055,-1.286328,0.5145644,0.03435223,-2.3066142000000003,-0.29107046
105,5.847765,0.16010168,3.0086968,-0.47553965,1.2557404,1.4588642
106,-0.8455014999999999,-1.6106615,1.2170327,-0.7622675,-1.1747382,0.14099467
107,-1.066052,-2.6106873,0.74510455,-1.3790998,-1.7170665,-0.25915527
108,-1.7429526999999998,-1.1019999,0.4040985,0.16698895,-2.0951085,-0.29760146
109,-0.80627954,-1.9187667,0.96554375,-0.793198,-1.3629646,-0.1441871
110,0.77303475,0.0687418,6.2584167,-2.2888217,3.6800113,2.1225061000000003
111,-0.7338366,-0.042749524,1.0771446000000002,1.0302404,-1.2164428,-0.059795976
112,2.0708132,-1.5608041,2.4017072,-1.2881288999999998,-0.87734187,0.7412039
113,2.4375327,-0.8840607,3.1888082000000004,-1.0111588,0.36236852,1.1110836000000002
114,-4.20431,-0.43374985,4.12371,-1.4104295,1.4422864,1.5837128
115,1.1640824,-0.32913990000000004,5.881403400000001,-1.6700708999999998,2.515455,1.7861078
116,2.4316150000000003,1.3651321,2.0649955,1.2879858999999998,0.22895928,1.0939746
117,1.2900996999999998,2.3270688,5.799555000000002,-2.0693707,3.5818152000000003,2.627408
118,3.671001,0.017259777,2.6525488,-0.5778814,1.2395018,1.4476836000000002
119,0.8573964,2.1325915,3.8511043,-0.5924632,3.7374825,2.2008102000000003
120,15.622272,2.662284,2.8384464,0.32296646,2.5448854,2.0828648000000003
121,1.5367607,-0.63677996,5.4266086,-2.4011688,2.732991,1.9462056
122,0.651725,0.824991,5.2992945,-1.2374690000000002,3.7010002,2.046997
123,1.8609678,-0.31302470000000004,5.0225415,-1.8731805,2.4840684,1.8560715
124,0.83947253,0.28238124,4.1954656,-1.1474698,2.8481584,1.8002853
125,-0.59167403,-0.689763,0.4921528,0.5516229,-0.9951575,-0.24887276
126,-1.7495663,-2.2338576,1.7857506999999997,-1.6520913000000002,-1.2014161,0.4438492
127,6.2506495000000015,-0.63600516,4.0107713,-1.596555,1.6559381000000002,1.6009386
128,14.49294,1.0160055,1.7556456000000005,1.3788257,-1.0068902,0.650895
129,-1.3805162,-2.1191916,0.568004,-0.7597476,-1.9968559,-0.371634
130,2.3463764,0.6827293000000001,4.623349,-0.95491284,2.4592915,1.9007866
131,0.9365534,-0.09221673,6.531321,-3.2551715,3.780997,2.3507428
132,4.6266446,0.36642504,1.6193131,0.6802614,-0.92195797,0.6912488
133,0.8747644,1.0756013,5.7944937,-2.4576025,3.9283447,2.4435728
134,0.64030963,2.6430159,3.4299660000000003,-0.552415,4.2831497,2.3747137
135,2.9698057,0.06131685,2.8604772,0.079633415,-0.056930684,1.0075905
136,1.3904942,0.8035736,2.5149817000000003,0.43678063,0.98477805,1.3155885
137,-1.0411184000000002,0.38525653,1.9034963,0.79340345,-0.710199,0.59573466
138,-1.2874289,-2.3625705000000004,0.040561676,-0.80612135,-1.9940821,-0.5819433
139,-1.1247213,-1.3063357,1.9433823,-0.7395600999999999,-1.0002037,0.407717
140,-1.7924023999999998,1.1991711,1.6311243,1.1320225,0.13873875,1.0485177
141,3.742212,-0.023255536,2.7723992,-0.01660933,-0.02018844,0.9833415
142,0.6657767,0.64924765,3.94376,-0.9526691,3.264065,1.8677661
143,-1.0220975,-0.8976434999999999,1.5051968,-0.14880420000000005,-1.2072459999999998,0.2710579
144,1.1419045,2.36551,3.4525583,0.8857146,2.6671255,1.8331332
145,-1.8563942,1.5995947,2.1302927000000005,1.5054433,0.19190972,1.1057119
146,0.8507486999999999,-0.05884564,6.0935903,-2.3641493,3.5421662000000005,2.1170325
147,1.0415695,0.6755439000000001,2.3330953,0.5416966,0.44639298,1.1333941
148,6.7930565000000005,-0.93715245,3.9279878,-1.8537374,1.5995741,1.5948365
149,-2.9801626,-0.59812534,2.5265532000000004,-0.35703078,-0.57894033,0.73327535
150,28.09543,1.4260163,1.6062664,1.7057939999999998,-0.77390766,0.71767104
151,3.7722404,-0.3724268,3.2951858,-0.7402893,0.8566761999999999,1.2802438
152,7.4155235,-1.4046068,2.0204911,-0.86808944,-1.4850843,0.46446055
153,-0.8759514000000002,-2.1722822,1.3038108,-1.2382042,-1.2934238999999998,0.058632374
154,-0.7857457,-0.6888809,0.14512289,0.82314706,-1.4812589,-0.501313
155,0.95377004,-0.7322247,4.733733999999999,-1.2890229,1.4868426,1.3888958
156,0.5222498999999999,1.9473722,5.141642,-2.0690439,4.759602,2.5450125
157,-7.8234176999999985,0.083978176,1.2923975,0.6005522,-1.3027943000000002,0.49647737
158,-0.9798527,-2.0297356,0.31328535,-0.5026523,-1.7413471,-0.5568436
159,-1.6033446000000002,-1.2641098,2.067946,-0.98642313,-0.5843439,0.6992274
160,-0.87913275,-0.5819551,0.11963606,1.1716231,-1.6028454,-0.7591107
161,5.5549073,0.05508983,4.0169992,-1.5968263,2.2766407,1.8713557
162,-2.4778814,-2.9060798,0.5445770999999999,-1.614996,-2.2769084,-0.30432975
163,2.781459,2.3832195,3.6668873,-1.8180336,3.1619394,2.6115767999999995
164,-0.92715305,-1.9810302,0.35371912,-0.42793152,-1.6839015,-0.5708977
165,-0.6824312,0.11019373,0.8514116,1.4265434,-1.2413771,-0.32320106
166,4.849403400000001,0.82524776,4.2407303,-0.905017,2.3502033,1.9119248
167,4.4327354,-0.13584492,1.6794053,0.37348118,-1.4615709,0.49117362
168,-2.2282605,0.53220016,2.348279,0.57527786,-0.09944097,0.96448433
169,-3.1293426,0.50849116,3.089028,-0.22139649,1.1491851999999998,1.469745
170,3.0073955000000003,2.1248853,2.9795144,0.2991323,2.5151298,1.9114525
171,-7.116537599999999,-0.46197993,1.0919658,-0.04542699,-1.0617315,0.5885482
172,-0.7210475000000001,-0.25966823,0.25433517,1.4564537,-1.3572543,-0.6882951
173,1.6506927,-0.6664264,4.636507,-1.7250048999999998,2.0329547,1.6558381000000002
174,-2.6957977000000004,0.41376358,2.7066708,0.22958189,0.3779918,1.1741188
175,2.2578993,-0.84832174,2.8941913,-0.76734114,-0.2601817,0.89456344
176,1.2690731000000002,1.0663005,5.505349,-2.689912,3.5897448,2.4822624
177,0.52003676,3.0296788,4.5458183,-1.417771,4.7546654,2.6392255
178,-3.1931455,-0.70616716,2.288067,-0.5787825,-0.31089357,0.8596011
179,-1.0116992,-2.0101528,0.35617077,-0.32153812,-1.7688354,-0.71840876
180,-0.5156399,-1.8374372,0.44996,-0.5217427,-0.7716225,-0.3257386
181,0.46628678,2.8702512,3.7877653,-0.8658068000000001,4.9764870000000005,2.4869282000000004
182,0.72359246,1.7572199,4.6009216,-0.5743767,3.7458396,2.1114173
183,1.841322,-0.8668151,2.748982,-0.8831258,0.05326629,1.0013591
184,0.6153164000000001,0.75749,7.1762495,-3.4606547,4.461785,2.6177995
185,0.8401731,-0.6271399999999999,4.825996400000001,-2.094664,2.8876421000000003,1.8321853
186,-1.1345963,0.28052503,1.0714239,0.846533,-1.0032208,0.4407773
187,-1.3736719,0.23561296,1.7278242,0.387627,-0.30667114,0.87426054
188,-0.41930792,-0.14207089,0.33373070000000005,1.4117385,-0.34239292,-0.52589166
189,57.84911,0.41374156,2.1537123,0.561601,-0.41006678,0.85621154
190,-0.94883454,-0.81348276,0.7754845,-0.05143153,-1.17122,0.23029679
191,0.5714533,2.795353,1.9413128,0.48859525,4.0657463,2.106913
192,1.7499698,1.2477825,3.754589,0.4868265000000001,1.6219458999999998,1.4874178999999998
193,-4.813799,0.6354380999999999,2.706295,0.46067116,0.38614246,1.1774457
194,-1.0936333,-1.4384828,2.260935,-1.3842998,-0.09939867,0.95447814
195,2.7539136,1.7504585,2.469791,0.74123174,1.829257,1.6322982
196,0.73022246,2.0715635,3.9373002,0.23821950000000006,3.3765106,1.9352239
197,-13.197815,-1.1346123,2.950597,-1.304761,0.39699367,1.160373
198,0.85364586,1.200403,5.7855973,-2.8569598,3.996639,2.5542314
199,-15.612804999999998,-0.5264569,2.0504346,0.16620505,-1.7270482,0.30479616
200,19.92602,-0.289055,1.9118580000000005,0.3536861,-1.6904533,0.35952187
201,0.59141517,3.449017,4.3151608,-1.3186219,4.480069599999998,2.7695522
202,2.45121,1.838335,1.5542214,1.3667973,1.0893853999999998,1.3476788999999998
203,-9.803453,0.766908,1.5882857,1.2604219,-1.2619268,0.50749975
204,-3.1497178,0.5786085,2.0423882,0.7526684,-0.4230683,0.799273
205,-0.8748513000000001,0.008419036999999999,1.5376484,0.5408191,-0.8142284000000001,0.45054227
206,-2.2167766,7.748604e-05,1.3224382,0.6450286999999999,-1.388455,0.36158538
207,-2.0678675,-0.7949649999999999,2.1062493,-0.48970342,-0.68352634,0.67686343
208,-2.6998506,1.1575588,2.1565065,1.294343,-0.325759,0.8330228999999999
209,-0.6200144000000001,-0.47254264,0.32208633,1.2048566,-1.1315033,-0.6952512
210,-1.7856736,-1.8217798,1.1198276000000005,-0.38018999,-2.1945817,-0.41322005
211,0.48718768,0.8628693999999999,6.9211507,-2.8877678,4.883896400000001,2.5268831
212,1.6565692,2.2006838,4.7644796,-2.265698200000001,3.4019587,2.6861815
213,1.3196431,0.96931124,4.680253,-1.0781736000000002,3.015838,1.9886911
214,-1.3000315,-1.4089427,2.1344953,-0.986132,-0.8141354999999999,0.6057998
215,-1.7083526999999998,0.52495545,1.8203773,1.3580229,-1.609371,0.1378184
216,0.7256488,0.5481303000000001,4.3665977,-0.7229922,2.7943408,1.7628202000000002
217,-2.8722866,-2.5280564,1.019592,-1.5443358,-2.0139759,0.027218759
218,-1.5941958,-0.2466588,0.818956,0.5344825,-1.500765,0.23360705
219,3.2892942,0.95003176,1.0626433000000002,1.409433,-1.364355,0.5118526
220,0.7995634,-0.4640997,4.571576,-1.6365291000000002,2.5824974,1.6830801
221,0.89695466,1.0446432,3.8065841,-0.06610319,2.4144330000000003,1.6631223999999998
222,3.953808,1.1959872,5.268041,-2.2164187,3.0079463,2.387104
223,0.8650141,1.1114603,4.026283,-0.24259120000000006,2.7391715,1.7620587
224,0.48865452,-0.11076498,8.855167999999997,-4.282906,4.8955603,2.6264129
225,1.5205046,-1.0843318000000002,4.391408,-1.5217322,1.1104596000000002,1.3568627
226,-1.0713117,-1.2684417,0.63109493,0.44433343,-1.8202428,-0.7349977
227,1.5848111,0.3583255,4.233388,-1.0779238000000002,2.44593,1.7884656000000003
228,-0.6120275,-3.0930545,0.21913362,-1.4720938,-1.113682,-0.61811197
229,-1.2647058999999998,-1.8127308,2.1707954,-1.6554211,-0.30727074,0.8332357
230,-0.6735478,0.09872991,1.2566333,0.98789644,-0.9770972,0.09595996
231,-0.5774918000000001,-2.0207891,0.49171746,-0.6284983000000001,-0.99495345,-0.36630726
232,-1.3699516,-0.4559483,0.59559023,0.8722907,-1.9762181,-0.33704728
233,-0.61563027,-2.5380938,0.7616611999999999,-1.3912648,-1.0189741,-0.13308454
234,-0.85055596,-0.4373253,0.84000885,0.9296866,-1.5474648000000002,-0.361933
235,16.629856,1.0579584,3.6449416,0.48377782,1.1217827,1.404076
236,-2.3301816000000004,1.0084736,2.6430619,0.57239366,0.7512095,1.3312763
237,0.9529447,1.170272,5.636258,-2.1855083,3.8041146,2.3772838
238,-0.6637521,-2.127562,1.1105721000000002,-1.0273801,-1.1032383,-0.11205852
239,2.3114417,-0.27365685,2.1080563,0.016932333,-0.9187697,0.7286278
240,-2.0037553,0.6875311,1.9743111,0.8231616,-0.30532506,0.8800715
241,0.620005,2.4302738,3.6316636,0.019683361,4.0047593,2.160314
242,0.8027849,2.5720506000000003,3.8503528,-1.3400027,4.0686300000000015,2.5352812
243,-1.8028065,-2.7570112,0.84352255,-1.6905068,-1.9345334,-0.080605805
244,1.8190101000000003,1.3831419,4.4889517,-0.5078969,2.7381222000000003,1.9740624
245,1.399942,1.2274026000000002,3.7581825,-0.5406666,2.7873537999999995,1.9335566
246,-3.6878932,1.5931265,3.2321985,0.5679003,1.4671208999999998,1.6450281999999998
247,1.6105931999999998,0.032019257999999995,6.597411,-3.4242425,3.3868825,2.3957243
248,-1.3157418,0.046376646,0.5292566,1.045404,-1.680929,-0.004203737
249,-0.7912286000000001,-0.1706034,-0.073171735,1.4245354,-1.4944854,-0.6196273
250,-4.5306945,-0.34401792,2.3435907000000005,0.06360286,-1.0078686,0.59530425
251,-0.69878143,-1.3208599,1.2319913,-0.46730703,-0.98925084,0.15778959
252,-3.4164362,-0.23286107,3.4368389,-0.7888466,0.95641303,1.408326
253,187.48816,-1.0678983999999998,3.7144227,-1.5589707,0.97879374,1.3673527
254,2.2948685,1.7303723000000002,3.4762802,-0.3936956,2.778627,2.0472248
255,-0.58194196,-1.8679254,0.35698175,-0.5747985,-0.9841651,-0.26364732
256,1.4279677,2.2561266,4.3228784000000005,-2.4787061,3.4772656000000004,2.7159672
257,-7.3288,1.5250823,2.7156072,1.1823121,0.70060945,1.2566745
258,1.1522732,0.33384272,2.9441276000000003,0.2665183,0.23086919,1.0880063
259,1.1676621,0.8397392,3.108684,0.3965633,1.1877977,1.3533292
260,-0.57812047,-0.988385,0.07410312,0.6937435000000001,-1.0114405999999998,-0.6765635999999999
261,0.7160966,0.5679054,4.6585383,-0.9471463,3.0918772,1.8096088
262,8.261707000000001,1.9091009,3.1813002,0.61525565,1.956585,1.737427
263,0.7682198,2.5151718,3.4976735,-0.6114999,4.0050035,2.309721
264,-3.2021239,-1.8750106,1.3772596,-0.6829033,-2.2855844,-0.1801852
265,2.69123,0.57601064,5.128687,-2.0913339,2.9539065,2.1850362000000003
266,0.52965415,0.78179127,7.674884299999999,-3.743407,4.711666,2.6730893
267,1.3723987,1.7543866999999995,4.539289,-2.1437292,3.5373763999999994,2.5458007
268,1.6616377,1.297884,3.2697659,-0.25882632,2.5303545,1.84307
269,0.8431261999999998,2.7127028,3.1375551,0.36920023,3.5735404,2.0812817
270,-1.3648306,-1.9704998,1.9209844,-1.5125617,-0.89369833,0.55936486
271,-0.6074101,-0.111189485,0.29059470000000004,1.2633257,-1.0770805,-0.39703387
272,-1.6709627,-1.3979051000000002,2.3981025,-1.107099,-0.6185647,0.68260586
273,5.910414,-0.8644059000000001,2.4158864,-0.49724296,-1.0550171,0.6277057
274,0.59546566,1.7160567,5.397507,-1.4255742,4.385651599999999,2.326946
275,-1.1198326,0.9323614,1.2409267,1.5572721,-1.0877486,0.3873877
276,-0.7790071999999999,-2.7780275000000003,1.4178271,-1.6598468000000002,-1.3181393,-0.10641217
277,4.595421,-0.037019566,1.7541256999999997,0.18274328,-0.65127945,0.7625057
278,-1.5250508,-1.305741,0.39811373,0.2069701,-2.1135428,-0.49708533
279,0.7126906,0.22107625,6.70184,-3.5623307,4.221876,2.5136452
280,1.1918693,-0.8908366,4.2989388,-1.3091317,1.1302515,1.3412107
281,11.495974,-0.2738349,2.5798674,-0.3550467,0.21532175,1.0470157
282,-1.4646113,-0.7949978,2.0165875,-0.5143569,-0.57374746,0.68951726
283,0.8895987,0.17582071,6.133136,-2.7441144,3.7674081,2.2839355
284,0.44312426,0.45224035,7.7691636,-3.7561753,5.1107907,2.615635
285,2.5352645000000003,0.3633631,2.7289965,0.31106833,0.1576971,1.0455767
286,1.549827,2.7181666,2.9290419,0.39130342,3.0704582,2.1065054
287,-0.7796218,-1.892411,1.9439795,-1.3267955,-0.7835656999999999,0.40462774
288,-3.454024,-2.7496188,1.8811873,-1.6429346000000002,-2.2187603,-0.11041534
289,3.1891142999999995,0.6217265000000001,3.6594572,-0.30098745,1.6997671000000003,1.5861461
290,-3.5080178,1.3889354,1.9042535,1.6504095,-0.6401031,0.74836445
291,2.2875319,2.1092656,2.9237251,0.7475213,2.2379587000000005,1.757756
292,1.0719528,-0.029967874,3.599156,-0.59307134,1.4532185,1.4180535
293,-1.8266976,-2.102233,1.0003834,-0.9833673,-1.9952971,-0.1117084
294,1.1013142,0.79951006,7.0793203999999985,-3.3049803,3.7262526,2.569023
295,1.3630168,1.7003986,4.3025293,-1.1403722,3.3603065,2.262514
296,3.9912298,1.0957757,4.3958416,-1.3027778,2.7402117,2.1451092000000003
297,-0.81040573,-1.6865336,0.8333446,-0.4346279000000001,-1.44193,-0.24927998
298,0.83554596,-0.0074710846,4.759601,-1.6474767,3.0642219,1.8730122
299,-1.2544066,-2.6835098,0.93545353,-1.4776753,-1.8349948,-0.19009805
300,2.013144,3.0256543,3.9082165,-0.6017587,3.2808468,2.4461977000000004
301,2.0326045,-0.578599,3.3970594,-0.69493157,0.34316713,1.0916002
302,0.9780805,0.85186464,4.7413206,-1.0067549,3.1094794,1.9575778
303,-2.6566691,-0.07509065,1.1360612,0.6273556,-1.541763,0.31286657
304,36.57517,1.0935745,2.2956994,0.5913138000000001,1.0036229,1.3633211
305,-0.52345455,-2.31491,0.6561066,-0.88642853,-0.8198709000000001,-0.40836442
306,-5.454105,0.2787565,3.9165766,-0.8618726999999999,1.6225207,1.6582448
307,-0.74399143,-0.7878099000000001,1.5972556999999998,-0.12377353,-0.86283433,0.35374463
308,-1.4642903,0.39319146,0.17303789,1.7146419999999998,-2.0193546,-0.29924548
309,2.1777098,-0.6158051999999999,5.0627966,-2.2061405,2.4484496,1.8600416
310,-3.0133173,0.07835072,1.1478148,0.95902413,-1.8770124,0.1310153
311,-8.864101,-0.37472454,3.6132178,-0.99065816,1.1070378,1.4111097
312,-2.5333607,-1.7003262,2.5019913,-1.4311442,-0.6288479,0.75609815
313,1.1813573999999998,-0.6624905,5.1652260000000005,-1.9900894,2.492591,1.7837253
314,-1.3303683000000002,0.5001638,1.5512204,0.76605386,-0.5258889,0.76204354
315,-0.8557316999999999,-2.1648240000000003,1.3217089,-1.5946957,-0.85185105,0.41166168
316,1.1221164,1.577159,1.9464692,1.0178224,1.429538,1.4206108
317,1.1361798,0.34220988,4.689711,-1.9649417,3.2745166,2.0850308
318,-0.99175924,-2.230616,0.6562793,-0.97105205,-1.6654115000000005,-0.23054469
319,-0.9978961,-1.6839335,1.4111109,-0.81263375,-1.3392563,0.09937745
320,0.86186934,1.8679118,2.9895072,0.7193553,2.492864,1.6546413
321,-0.5945324000000001,0.37082875,0.7764840000000001,1.4196657,-0.9172695,-0.045473456
322,-0.96817666,-2.0918417,0.5961689,-0.8672455,-1.6214377,-0.19982266
323,2.010736,2.0327773,3.7208972,-0.03769338,2.8030338,2.0168386000000003
324,-0.508758,-0.40500963,0.6262691,0.9793987,-0.75786126,-0.40469503
325,-3.6629405,-1.2978545,0.713501,-0.07776645,-2.348503,-0.24717939
326,-1.7923683,-0.22649468,1.964736,-0.15300411,-0.16139428,0.9295241
327,-1.0555152,-0.14146736,2.1748054,-0.04116289,-0.18042937,0.8712302
328,-0.6000071,-0.6214276999999999,0.44437647,0.79612404,-1.0653291,-0.4268908
329,1.9669491,0.5726354,5.240507,-2.6856477,3.24112,2.3635464
330,0.9327268,1.6833246,4.7493615,-0.8796212,3.5784300000000004,2.163676
331,0.59665066,1.343044,4.582751,-0.60859734,3.734168,2.0051126
332,1.007126,-0.23475176,5.837829599999999,-2.0899644,3.0823648,1.9267831
333,20.997635,0.5340324000000001,1.3500845,1.070296,-1.4390656000000002,0.45073104
334,1.1537228000000002,2.4869517999999995,5.1028605,-1.9731038,3.6718297,2.6480894
335,-1.4694583,0.19947541,1.8737584,0.9790854,-1.4602761,0.2340923
336,-6.453176,-1.007448,1.0527540000000002,0.21173571,-2.461036,-0.22108585
337,-2.0143735,-0.7243519,3.5650062999999994,-1.5429487,1.151058,1.5521239
338,3.7184424,0.052210927,4.891401,-1.8386513,2.5027310000000003,1.9735048
339,-1.3251833999999998,-2.8397584,-0.30943203,-1.2869539,-2.0165699,-0.5692553000000001
340,-1.7052588,-2.852415,0.96071625,-1.5577985,-2.099242,-0.27292228
341,-19.821426,0.3280534,1.7585281000000004,1.038135,-1.7722107,0.31007904
342,2.0900528,-1.1641166,3.3363187000000005,-1.0990169,-0.21159211,0.90999794
343,-2.5289447,1.4245434,2.4979577,0.73965347,1.064489,1.4949787
344,-1.3829048000000002,-0.09178388,0.3713925,1.2263275,-1.9777085,-0.307243
345,-0.61770165,-0.7945694000000001,1.0933287,0.14859396,-0.9079549,0.042545438
346,1.0681088,0.5697378000000001,5.159568,-0.9252443,2.7267852,1.8023767
347,1.3545697,-1.3770858,4.5951233,-1.7781587,1.0627168,1.3321184
348,1.4455805,0.63818526,3.4762633000000003,0.16787432,1.1859223,1.3639194
349,1.7046858,-1.2725263,3.7367713,-1.6517537,0.9722093,1.2995934
350,-0.6702354,-1.3277974,1.0289608,-0.2084079,-1.1273962,-0.124584615
351,1.4841815,-0.122120254,2.5066402,-0.18259534,0.19731611,1.0757576000000002
352,-0.5488696999999999,-2.7161136000000003,0.16893208,-1.028617,-0.91665876,-0.6680509
353,-0.86574966,-3.3817987,0.72937465,-1.7248297,-1.6026205,-0.65000594
354,-2.2155144,-2.9556897,1.2269245,-1.6247764999999998,-2.2546656,-0.35869038
355,1.4204143,0.10827434,3.910826,-1.2872275,2.4603226,1.7715453999999995
356,-0.96255976,-1.6401668000000005,2.0249498,-1.0011327,-1.0203501,0.34314847
357,-1.172973,1.0056479,1.5946145,1.0687997,-0.119803555,0.90654516
358,1.6843467,0.9927183,2.707402,0.3673299,1.4227533,1.4372265
359,1.0452746,1.1548314,3.2932336,0.24066702,2.0479214,1.6019051000000002
360,2.7473202000000003,1.0749524,1.5200558000000002,1.0236993,0.15318508,1.0760758
361,1.4313534,1.3352828,3.5655867999999997,-0.17682165,2.5648942000000003,1.8230798
362,0.9308458,0.9726559,3.3064904000000004,0.35015976,1.6237806,1.4415847
363,0.58686274,1.9135145,6.24681,-2.8824122,4.4891005,2.7434642000000005
364,-0.4402245,0.2394687,0.6717907,1.6457275000000002,-0.4516443,-0.420268
365,4.438405,-0.66386104,2.4912062,-0.40523046,-0.7661302,0.755795
366,-1.2845567,-2.9072022,0.79860353,-1.3407803,-1.992817,-0.5633563
367,-2.4844458,1.4984465,3.0391388,0.8838713,0.98238504,1.420546
368,-1.3625593,-1.020294,0.7944709,0.31431022,-1.9754972,-0.3190403
369,-0.6278792,-3.174726,0.1735754,-1.4574527,-1.147302,-0.7106526
370,0.9979498,1.8213253,3.3693137,0.5843164000000001,2.4982514,1.7264106
371,1.0483076999999998,2.995493,2.8494751,-1.2733337,3.770854,2.6323805
372,1.6523005000000002,-1.6924043000000002,3.3663495,-1.5534886,-0.46826035,0.84804606
373,-1.1755221000000002,-1.0240433,1.3951657,-0.3658577,-1.1638298,0.32371974
374,-1.8405131,-0.8600042999999999,1.2876086000000002,0.11731609,-1.8401407,-0.0019423366
375,0.5791775,0.09933245,8.258821000000001,-4.091979,4.5665855,2.6068773
376,-1.2409523999999998,-0.13570249,1.1839695,0.6312059,-1.3526704,0.25490450000000003
377,-0.8987396000000001,-0.9385241,0.71851933,0.42966095,-1.6111097,-0.37873214
378,-0.56009346,-0.247715,0.36799157,1.2721221,-0.95639974,-0.5123439999999999
379,0.5182825,2.042268,4.6466265,-1.5608209,4.739389,2.4717293
380,-0.94146895,-2.8298178,0.5997722,-1.4139731000000002,-1.6771944,-0.44373405
381,1.0884676000000002,-0.0040723085,3.5149682,-0.7728381,1.805737,1.5198624
382,-7.4021797,1.0636842,2.5206077,0.6715388000000001,0.7802752,1.286185
383,5.0347295,-0.00055384636,2.3692212,0.33996382,-0.9915082,0.66267836
384,-0.7168575,-1.4463263000000002,0.27537525,0.28217632,-1.3468038999999998,-0.7347427
385,0.98685664,0.82809985,3.0522852000000005,0.35180926,1.3103003999999998,1.3673431
386,-0.9843471,0.23131227,1.2411137,0.87798977,-1.0449629,0.35842502
387,-1.7123355,-1.850014,1.4143783,-0.87583226,-1.8018588,0.055276394000000006
388,1.9300449,0.1811074,5.9550543,-3.0549843,3.246721,2.3529391
389,2.8942058,-0.29622346,2.5017412,-0.28359288,-0.039371923,1.0028095
390,-2.0112400000000004,-0.79449856,1.4760118999999998,-0.18585362,-1.2935084,0.38070673
391,-2.0727754000000003,-0.000105023384,1.5481120000000002,0.6566616,-1.3907398000000002,0.32600445
392,22.096037,-1.0559828000000002,4.461921,-1.8720584,1.4287243,1.519542
393,0.55379176,0.98558563,6.8831240000000005,-3.868896,4.5827800000000005,2.7292023
394,-0.7851045,0.34260142,1.0712273,1.1131516,-1.0256112,0.20344353
395,-0.67586005,0.38058448,0.64782906,1.5913945,-1.1854645,-0.1821475
396,-0.605316,-3.0826907,0.21163464,-1.3413072,-1.083182,-0.74744904
397,0.7141046999999999,1.0210965,3.740874,-0.9257246,3.496084,2.0123909
398,3.0482912,3.040954,4.42129,-1.0006038000000002,3.1298932999999995,2.6002316000000003
399,6.6736383,2.2422150000000003,2.820469,0.72542435,2.1564520000000003,1.8254906
400,8.791172,1.4362655,1.8994098,1.5244277,-0.25371268,0.89152455
401,-1.1562632,0.08526349,2.0606077000000003,0.34086305,-0.4768618,0.72947675
402,3.5476758000000004,1.086155,1.3408082,1.6495912,-1.6318696,0.4460703
403,-0.70727104,-0.29903054,0.37499022,1.0752319,-1.3105726,-0.38531655
404,0.8830428,0.2174654,5.768992400000001,-2.2552013,3.592179,2.169795
405,1.2926168,0.13667864,4.252171499999998,-1.457276,2.6938636,1.8326479
406,-11.98483,0.5992558000000001,4.1215134,-0.8670576999999999,1.9457839,1.8150755
407,-0.8273058000000001,0.17220718,1.1237549,1.0828305,-1.2163556,0.08891612
408,-1.0366657,-1.8799572,0.48810828,-0.50081813,-1.7637525,-0.36795545
409,0.79353046,0.32190132,7.322145,-4.387951,4.0499133999999986,2.7045593
410,-1.3330202,-1.6925093,2.6618278,-1.5634989,-0.2576339,0.8445870999999999
411,4.5406713,0.67208916,3.7205968,-0.68752277,2.0822933,1.7912107
412,-1.3410221000000002,-0.017052807,2.657976,-0.11989638,0.18839873,1.109255
413,0.556768,2.0400698,6.3737783,-1.6556726000000002,4.615403700000001,2.5005736
414,-3.0838118,-1.1919063,0.38916063,0.003512112,-2.2772593,-0.21367425
415,-5.8235765,-0.00011360925,2.2488236,0.014587111000000003,-0.038088392,0.95602334
416,-2.9678872000000003,-1.3319398999999998,1.0196836,-0.24475896,-2.1534343,-0.091303825
417,-26.425,0.35749048,3.2597873,-0.19225332,1.0481286,1.4095516
418,-1.298928,0.17853492,1.8956547,0.35623142,-0.35045034,0.81339884
419,-0.65290517,-0.7304381999999999,1.1532788,0.06646155,-0.8651994000000001,0.20363611
420,-1.8971518,0.2254653,0.8229704,1.3542418,-2.023749,-0.102966666
421,1.8046304,-0.70504045,5.534281,-2.7762332,2.8529634,2.0050957
422,-9.3734045,-2.2618737,1.2119323999999998,-1.3587154,-2.092018,0.08036768400000001
423,0.5858246,0.4575107,7.328539,-3.896086,4.540001,2.641529
424,1.7022766,1.1974129999999998,3.1905330000000003,0.09771487,2.0695863,1.6330231000000002
425,-1.512784,-0.32042348,0.71524644,0.88551176,-1.965127,-0.22329569
426,1.4168208999999998,0.79300624,2.4591372,0.8771344999999999,-0.2927505,0.91559106
427,-2.312843,-0.65026003,0.5723182,0.80629736,-2.3291252,-0.45440793
428,0.68517786,1.9925733,4.4834886,-0.7095318,4.0095167,2.2209597000000003
429,-0.7459207,-1.9602419,0.55354595,-0.49111363,-1.4058676,-0.45360625
430,-1.0105798,0.36744493,0.81115156,1.3116117,-1.4287908,0.025509536
431,-1.9275283,-0.8402238000000001,2.8466544,-1.0105368,0.3307162,1.1497045
432,-3.3374483999999995,0.043389443,2.4460723,0.09458173,-0.12592323,0.94337904
433,1.885867,2.3506365,2.6898197999999995,1.2167188999999998,2.0719047,1.6875546
434,-0.71702975,-0.73963875,0.68130887,0.7429045,-1.3527378,-0.5003482
435,0.9318059,-0.50609934,5.194895,-1.8648359,2.6857505,1.792886
436,0.57739884,1.6397194,4.999391,-1.9037353,4.5289435,2.46796
437,0.68897176,0.7886978,6.0624785,-2.5268447,4.2014809999999985,2.3702648
438,3.9563558,-0.916993,4.321713,-1.3075362,0.89453965,1.3277903
439,-3.023014,-0.58090633,2.1878607000000003,-0.09967122,-1.1251588,0.49222845
440,-0.51402384,0.017716646000000003,0.65568256,1.7098676,-0.78998774,-0.6726854
441,2.0128310000000003,0.5227037,2.9079568,-0.28355095,1.6486846999999998,1.5385536
442,0.8681138,1.2053646,5.178274,-1.743223,3.8040042,2.3020225
443,-4.522777,-1.0692527,2.5932884,-1.0623728,-0.017480183,0.98977345
444,3.2547238,-0.7213444999999999,3.773177,-1.3257641000000002,1.2680988000000002,1.4334561
445,7.1138309999999985,0.6865064999999999,3.4699092000000005,-0.53616303,1.9067541,1.6909771
446,2.0433402,1.6991651,1.9849186,1.6857547999999998,0.043193918,1.0415487
447,-1.3239201,-1.4817556,2.7396164,-1.4871508999999998,0.010717972,0.9967496
448,-2683.3806,-1.7737048999999998,1.4772601,-0.9611763,-2.0118227,0.20750141
449,2.3518727000000004,1.6124598999999995,1.7638993000000005,1.4606206,0.42702582,1.1052482
450,2.3623142,0.14517987,3.8334506,-0.33009934,1.1013452,1.3456821
451,-1.1899241000000005,-0.4792314,1.0545161,0.26302502,-1.2936935,0.22944891
452,-2.669781,-1.1182469,2.8312078,-1.1332645,0.035287812,1.0410563
453,-0.67822194,-0.07671648,1.2833645,0.704486,-0.89278764,0.22355098
454,1.3370084,1.986932,4.7868176,-1.6499071,3.5381706,2.4498258
455,-1.5209795,-1.8204775,1.927853,-1.1503499,-1.3040437,0.34835255
456,0.6806608000000001,-0.0004913807,7.322137,-3.4149122000000003,4.2396092,2.3863535
457,-0.99568117,-2.1686196,1.6239443,-1.474577,-1.1170859,0.28961408
458,-0.79103404,-0.9236598,0.7025838000000001,0.44461718,-1.4591213,-0.35492682
459,-0.98248196,-0.7815076999999999,-0.12772965,0.8425128000000001,-1.7462418000000002,-0.620417
460,1.424024,-0.66774786,5.314557,-2.4727173,2.8048587000000005,1.907281
461,-1.3072013999999998,-1.4668972,2.0442343000000003,-1.3009776000000002,-0.3282604,0.8483381999999999
462,-6.5430150000000005,-0.7263543,1.533123,-0.07767927,-1.5789111999999998,0.36606163
463,1.7357733,2.597982,2.8251703,0.83486897,2.671544,1.9007832
464,1.0838196000000002,1.8464462,1.9983109,0.8820460999999999,2.1000874,1.6279216
465,3.2652354,-1.3190438999999998,3.0476792,-1.3911797,0.2077799,1.0385592
466,-1.3163178,-1.4462729,1.6517582,-0.76463526,-1.257339,0.29184037
467,-2.497284,-1.9105347,2.6370027,-1.5970183999999998,-0.72751963,0.6927161000000001
468,8.314223,1.3089013,3.3647165,-0.53514916,2.3510218,1.9380505
469,-8.5478115,-0.6550876,4.679983,-2.1436653,1.9365149,1.7981302
470,0.9401847,1.1517051,5.2927456,-2.4858394,3.8604841,2.4953687
471,-0.9333421,-1.9469175,1.0584888,-0.9524829,-1.4093972,0.016408682
472,-0.57413065,-1.945692,0.25409472,-0.4344326,-1.0005448,-0.5018462
473,6.9657244999999985,-0.48886052,3.1937737,-0.84210026,0.7955846,1.258128
474,1.3959864,1.6913987,0.9519997,1.6514657,0.1343486,1.0362444
475,-0.8356140999999999,-1.3391708999999998,0.5822735,0.19379409,-1.5611781999999998,-0.5314177
476,-1.8851967,1.3763635,1.6590203,1.4508093999999998,-0.16556723,0.9186792
477,1.1093316999999998,-0.40900654,4.338918,-1.5971904,2.3739703,1.7127357
478,0.7119844,1.43034,4.982901,-1.6355516,4.0898566,2.296493
479,1.0021482,0.11820638,4.702539,-2.1329694,3.3502643,2.1078806
480,0.75703436,2.7478752,3.7701278,0.6504214,3.5400302000000003,2.0470521
481,0.84629023,-0.7344689999999999,5.440847,-1.9144269,2.5472271,1.7098281000000002
482,-1.5295525,-2.6283584,1.5832618,-1.7189918999999998,-1.6618909,0.060532212
483,5.279057,1.1792612,2.3703294,1.39354,-0.6291778,0.79126096
484,1.1194357,1.6477867,2.7854466,0.7159557,2.0377061000000003,1.6092787
485,2.3207482999999995,1.0822006000000002,3.4262958,-0.4248663,2.3597581,1.8067763
486,1.5934345,0.23080301,5.013289,-2.5545735,3.2394187000000003,2.2274284
487,0.5820284,0.90560746,5.0135927,-1.7889048,4.254186,2.2040615000000003
488,2.782987,1.7871001,3.185565,-0.36902934,2.7278419,2.069209
489,-0.8328152,0.35492516,1.1261047,1.056964,-0.9985815999999998,0.2770087
490,-2.0135314,0.11683673,1.4553281999999998,0.6785786,-1.2051641000000002,0.4414944000000001
491,25.09241,-0.66557896,4.035476,-1.6733512,1.6358666000000002,1.6087858999999998
492,-0.5732318000000001,-0.8268081,0.07869613,0.8252684000000001,-0.99865025,-0.63391995
493,-30.466072,-1.0220733,2.9965017000000005,-1.2065972,0.43314064,1.1887612
494,0.5839251,1.9859937,5.328162,-1.2355851999999998,4.4411335,2.3519793
495,-7.8713317,-0.30848724,2.2672448,-0.09876522,-0.54894966,0.78481144
496,-2.121317,-0.47766203,1.3360363000000002,0.42760867,-1.8028762,0.12254226
497,1.606696,0.20151994,3.0357687,-0.6489045999999999,1.7753229,1.5700583
498,1.7248745,-1.282166,4.008433,-1.746878,1.1365278,1.3690648
499,-1.6882706000000005,-1.4802008999999998,1.4198432,-0.9995073,-1.0008676,0.5213715999999999
500,-2.5212917,-1.6779159,0.76722705,-0.38603315,-2.2842872000000005,-0.27546215
501,-1.9993916,0.644825,2.0342891,0.98274916,-0.7484574,0.6893334
502,1.9581271,-1.7597310000000002,3.3752742,-1.7448612,-0.048850585,0.98461044
503,-0.7167281999999999,-2.4504447,1.2832055,-1.6342591,-0.98274165,0.18444794
504,3.729028500000001,0.4551643,2.522943,0.5583322,-0.3129367,0.9270314
505,-4.379178,-0.17839077,3.2201262,-0.28975776,0.25579274,1.1030124
506,-1.2883285,-2.0391362,0.20277452,-0.44013837,-1.9955091,-0.6016941
507,0.66690546,-0.15110981,6.333125,-2.371398,3.7821681,2.0952127000000003
508,-0.63573223,-1.7882025,1.190351,-0.8731532,-0.9260415,0.10864824
509,6.7307763,-0.38481808,4.385671,-1.6733055,1.9708862,1.7589855
510,-1.0466042,-1.188318,1.9447763,-0.54315144,-1.0798833,0.3581149
511,0.7787025,0.55586207,4.8495865,-0.9948244,3.044284,1.8455079
512,0.6150566,2.1271358,3.5701694,0.33060056,3.5543962,1.9262438
513,-5.697478,-0.32397800000000004,3.7285833,-1.1743723,1.3512598,1.5404036
514,2.4702864,0.5338503000000001,2.4972565,0.47701156,0.17128725,1.0722623
515,-0.9263897,0.28850806,1.2970419,0.93906933,-1.0111331,0.32871090000000003
516,-0.72612804,-0.31318665,0.8592211999999999,0.9025725,-1.2859308,-0.21084320000000004
517,3.5827322,0.8217831,1.8507583,0.8602639000000001,-0.11732684,0.9645617
518,-0.89707005,-2.4276605,1.6449358,-1.7471792000000002,-1.0279406,0.3272425
519,-1.7841849,0.044744782,2.47839,-0.12819734,0.32884517,1.1468586
520,0.5151866,0.5904799,6.488156299999999,-2.392767,4.592748599999998,2.3160934
521,-0.64901066,-2.4428477,0.31502867,-1.0865215,-1.1783718,-0.37038362
522,1.5445127,-0.8653622999999999,3.4386400000000004,-0.9011717,0.11850305,1.012874
523,0.5423483,2.3872728,3.6825337,-0.2097373,4.3252854,2.1714077
524,0.5085677,2.5303001,4.6655436,-1.4962443,4.812770400000002,2.5811987000000003
525,3.2184465,0.28298765,4.3569264,-1.1983917,2.2491035,1.8186302
526,-2.4881663,-1.139225,2.1267164000000003,-0.8810464,-0.6018555999999999,0.7236531999999999
527,-0.83939576,-2.8712714,0.7765479999999999,-1.609379,-1.4883038,-0.24548244
528,-3.1291819,2.069819,2.1905766,1.555008,0.89322263,1.3932023
529,-0.74483275,-1.3258965,0.39825547,0.28381708,-1.4133068000000002,-0.6101663
530,-0.5646644000000001,-1.5489309,0.14435458,0.049142104000000006,-0.97338825,-0.5698396
531,1.5263035,1.091797,1.819857,1.1212327,-0.10101928,0.96956944
532,0.8018215999999999,1.8421011000000005,5.0724730000000005,-1.8351886,4.052278,2.4903975
533,-1.0378611,-0.031523824,0.35418332,1.5976434,-1.8016686,-0.6189892
534,-0.9578338,-2.7442093,0.60221744,-1.2228624,-1.7166686000000002,-0.54396397
535,8.78476,0.420976,2.2005851,0.5756401,-0.4439272,0.84543514
536,1.278771,1.4777908000000002,3.9325683,-0.1750899,2.7503022999999995,1.8501818
537,3.1284149,0.64095914,2.333997,0.37708896,0.66511476,1.1967287
538,0.65591514,3.2463875,2.9061673,-0.65495324,4.354369,2.5290356
539,0.6583828,1.2478201,5.087119,-1.6576573,4.149211,2.2624633
540,-0.5710753000000001,-0.47542757,0.70285594,0.7118445,-0.91697586,-0.17843866
541,-0.9776595,0.87619853,0.94773394,1.7093931,-1.2794153999999998,0.18410337
542,1.6117473,1.9635336,3.81191,0.7011119,2.2685385,1.7500644
543,-0.61126167,0.17754018,0.8925754000000001,1.4276782,-1.0507684,-0.233284
544,0.7115646999999999,2.4091442,4.047979,-0.41481376,4.0076976,2.262189
545,3.6193385,1.8981051,2.6068141,1.1370065,1.476619,1.5291889
546,-7.246952,-0.4807238,1.2878985,0.14707868,-1.5438535,0.40244627
547,0.5947741,0.7177019,5.707884,-2.2561665,4.3334193,2.3173785
548,1.1265736000000002,1.074353,6.5045013,-3.4623075,3.687481200000001,2.7075152
549,0.89219517,0.66710943,6.6291633,-2.6489675,3.8684633,2.3642938
550,0.87125087,-0.39012825,6.550707,-3.323697,3.7950835,2.2651482000000005
551,-0.77661943,-1.0603116,0.46735203,0.28359488,-1.4275401,-0.34220612
552,-6.0035415,-1.3805972,1.9451774,-0.94716203,-1.0909996000000002,0.57754993
553,-0.43160897,-0.7888761,0.35339916,0.80448323,-0.4124295,-0.5787965
554,-2.2531638,0.11072409,1.2789378,0.82661796,-1.5211296,0.2607178
555,-1.1557483999999998,1.3043189,1.8463954,1.2991667,0.00966453,1.0155649
556,1.1681106,0.5568164000000001,3.9097128,-1.343854,3.0016816000000004,1.9517312
557,2.563271,-1.0477229,3.5853550000000003,-1.2334576000000002,0.50422484,1.1855671
558,-0.5104844000000001,0.0072056055,0.42988157,1.3455778,-0.7566773,-0.3475101
559,0.97545755,2.0095043,2.674178,0.9783035,2.2524621,1.6468141
560,10.272458,0.35784970000000005,3.0373810000000003,-0.3359803,1.3021178,1.4860215
561,0.6296661,0.7406653,5.9794730000000005,-1.6661941999999998,3.9796917,2.1321988
562,-36.725132,0.7672216,2.7431035,0.26000625,0.99096733,1.3866677
563,3.8093312,0.8999879000000001,1.9944863,1.4469515,-1.5787559,0.4703943
564,19.726095,1.4350808000000002,1.8939621,1.0026093,0.9028528,1.312172
565,-1.1661927,0.1735493,1.4956697,0.6798715999999999,-0.9188607,0.47354943
566,0.75009274,-0.20696855,5.7766213,-2.4483645,3.646434,2.0814178
567,-0.48195142,-1.8088323,0.66353106,-0.590183,-0.6175864999999999,-0.22232991
568,39.30581,-1.6120887,1.6771021000000002,-1.0468268,-1.4967083,0.42088592
569,1.4244932,-0.9790293,3.1553464,-1.3199059,0.9240014,1.2512683
570,1.8003398000000002,2.0641727,1.9639844,1.5596008,1.2008084,1.3833954
571,-1.1611696000000002,-2.7881856,0.3709618,-1.2237197,-1.9077518,-0.55977416
572,2.4271392999999994,1.5459545,4.293319,-0.7662521,2.8508499,2.1121671
573,-0.7453177,-0.53887844,1.0654256000000002,0.41337806,-1.1444076,0.05956644
574,5.4999720000000005,0.77422553,3.688027,-0.9307286,2.3139362,1.9265718
575,4.6310395999999985,1.15377,2.4577765,0.25534418,1.6167365,1.5935254
576,-0.84356344,-2.2568178,0.469643,-0.6048372,-1.5719813,-0.6628472
577,-1.1464283000000002,-2.529003,1.7969897,-1.6903099999999998,-1.4000267,0.1760382
578,0.6389745,0.13437873,5.8375134000000015,-1.8655821,3.6789901,1.981776
579,-9.182172,1.5411158,2.1491253,1.3184866000000002,0.4948839,1.1888705
580,-1.7887539,0.14254165,1.655001,0.67463773,-1.1155194,0.49287468
581,2.2709446,1.6024395,2.3362694,1.4303146999999998,0.47937122,1.1286931999999998
582,3.1941502,-1.9018614,2.3140400000000003,-1.5172838,-1.1576128,0.6316116
583,5.244725700000001,-2.0409567,2.43461,-1.6270787,-1.190885,0.6050333999999999
584,-0.7373629,-1.4596652,1.578838,-0.37674966,-1.2289233999999998,-0.08142853
585,-1.3608608,0.151883,1.0130834999999998,1.1709018,-1.7243729,0.009586096
586,-2.075529,-2.398354,0.8612565000000001,-1.2325233999999998,-2.1010883,-0.16035426
587,-3.1715496,-1.2240256,1.1962565,-0.06583493,-2.2498927,-0.18237764
588,-1.5645655,-2.0686288,1.7183912,-1.3075962,-1.4615265,0.26138616
589,1.6958778,1.6338397,4.492160299999999,-1.2908314,3.2447324,2.275689
590,-1.1365776,-0.0071604066,2.1415558,0.034209043,-0.07736128,0.9875909
591,-0.6200598,-1.1639913,0.84759915,-0.038553856,-1.0194116,-0.14516824
592,1.3653983,0.08791241,3.153506,-0.4980147,1.4139848999999998,1.4439118
593,0.75219095,1.5620662,4.457546700000001,-1.0666748,3.8523028,2.189404
594,-0.9136837,-1.1725306999999998,0.8359095,0.09953161,-1.5879436000000002,-0.25622463
595,-1.0343463,-2.3400438,0.6548493000000001,-1.0671555,-1.7132503,-0.29396164
596,-0.8119458,-0.08101553,0.9674536,0.9355125,-1.2904725,-0.004725218
597,-1.1392573,0.5824210999999999,1.4780049,1.010585,-0.77793854,0.5896135
598,-1.6714321,-1.397966,0.90970254,-0.20035770000000006,-2.0183856,-0.18133688
599,8.002626,-0.26375106,1.7424147,0.36169526,-1.6956384999999998,0.36183757
600,-0.9603065,-2.203178,0.75244045,-0.976764,-1.6143793,-0.22562945
601,0.87876636,-0.14909947,5.353425,-1.4271151000000002,2.6387188,1.7532835999999998
602,3.00045,1.8132672,2.191602,1.4793572,0.8107684000000001,1.2746294
603,-1.1483957,-0.15362,0.57805216,1.1351151000000002,-1.8160506,-0.28086782
604,-1.5002514,-0.13554263,1.8844447,0.22187158,-0.7306016,0.6522155
605,-0.48644412,-2.8459616000000003,0.36329603,-1.1209805,-0.6746344,-0.74334836
606,-2.3881485,0.49715462,1.312382,0.94162285,-1.0065929,0.5818999
607,0.77927,0.9191382,5.4991403,-1.8931916,3.8846295,2.2379618
608,1.0801765,2.493112,2.8068604,0.82228804,2.8786995,1.8747587
609,6.049112,1.1289544,2.5650325,0.59922457,1.0969521,1.4021658
610,1.505466,0.9356486,5.303911,-2.405523,3.4127754999999995,2.3727183
611,-1.3119495,-1.7198822,0.92190146,-0.5984467,-1.800155,-0.12837738
612,-1.4788226,-0.5132357,0.8611809000000001,0.8414630999999999,-2.0428555,-0.38352734
613,0.7791597,0.016114353999999997,6.3734255,-2.6801963,3.8381104,2.2437785
614,3.0152767000000003,0.5838310999999999,1.4188551,1.0008115,-1.2574208,0.58614314
615,0.6233813,2.583662,3.786214,-0.67917323,4.342896,2.3663266
616,-1.066844,-2.0544052,1.3670774,-1.4116642,-1.0874577,0.355873
617,1.3149673000000002,1.6042356000000002,4.559819,-1.9045086,3.5358267,2.4576936000000003
618,-0.56746924,-1.0506333,0.35224164,0.5050713,-0.9819222,-0.5343207
619,-0.4825142,-2.9524598,0.5388229,-1.572215,-0.64967215,-0.37081563
620,-0.96599746,-2.2235987,0.16955721,-0.5152593,-1.7173699,-0.7274769
621,0.59314364,2.8573804,3.2565627,-0.73147655,4.4890404,2.4548597
622,0.539523,0.5995294,8.246524,-4.2359414000000015,4.634388,2.7247887000000004
623,4.6203995,1.595445,3.502414,-0.25322294,2.4334743,1.9624898
624,0.52018446,2.5841255000000003,4.2485113,-1.2397377,4.7572846,2.5020647
625,0.8253265999999999,-0.5930709,6.1021705000000015,-2.3146205,3.150464,1.9250193
626,0.65249664,0.44616896,5.887937,-2.2559044,4.0796595,2.2056577
627,4.175489,-1.9987941,2.4740775,-1.4806541000000002,-1.4916306,0.49529022
628,-1.8653533,0.77129644,1.9299003,0.8500481,-0.17467293,0.93239236
629,-0.94213796,-0.19585401,0.87011194,0.81623834,-1.4341952,0.009907007
630,6.924392,1.3585873,2.5843694,1.138276,0.53809613,1.1976417
631,1.041792,1.1584371,2.4923174,0.644053,1.3688112,1.3813097
632,1.6697987,2.0367854,2.8554327,1.26019,1.6583588,1.5257645
633,-1.5726129999999998,-1.3291198999999998,2.1454058,-0.82648885,-1.0214274,0.48439223
634,0.49756846,1.7150313999999998,4.988501,-1.7846078999999997,4.8039503,2.4395604
635,-0.66465586,-0.3515755,0.8392915999999999,0.7449515,-1.1030074,-0.103306234
636,-0.6082041,-2.6841617,0.19860864,-1.0411856,-1.1021003,-0.65753675
637,3.0765293,-0.016277194,3.586157,-0.9503716,1.719774,1.6101012
638,0.8747376,1.3441923,4.298417,-1.6904792000000002,3.821699,2.3376384
639,-0.6888325,0.31511265,1.5360433999999998,1.0774281,-0.8915280999999999,0.26486224
640,1.125931,-0.76676077,5.373864,-2.4443336,2.8546746,1.8719401
641,1.0717126,2.226501,1.9534997,1.3185831,2.0257175,1.5656538
642,-3.4339924,-1.9073598000000005,0.9557371,-0.74817175,-2.2734662999999995,-0.13108921
643,3.0090902,0.43815824,1.7534615000000002,0.50179285,-0.19738139,0.93035614
644,-5.7871685,-0.36030158,2.2215707,-0.27024838,-0.23292024,0.901915
645,-0.74695504,-2.3707452,1.5284132,-1.7228028000000002,-0.8482017,0.3683055
646,1.6084223,0.13484956,3.6276984,-0.23910287,0.9716839,1.2618011
647,-1.0644158,-1.4565138000000002,1.1929793,-0.36335793,-1.6136577,-0.11089164
648,-38.539463,-1.501086,2.7249380000000003,-1.164348,-0.9053978,0.6898581
649,-8.90268,-0.6851028,1.8752424,-0.3086379,-0.9751639,0.63080674
650,-3.1675992,-0.92698294,3.6369095,-1.4135356,0.85740113,1.3322856
651,-38.015125,-0.3326975,3.2002497,-0.7498916999999999,0.8535598,1.3050743
652,-0.507947,-2.3221004,0.3551482,-0.60907406,-0.7644144,-0.7289213000000001
653,4.9707336,1.4997016,2.491794,1.3313186,0.43459338,1.1220778
654,4.810496,1.2437153,3.9880555,-0.5330691,2.381688,1.9258385
655,-4.2007523,1.4994128999999998,1.9705256,1.4726238,0.06587533,1.0359552
656,-3.7683535,-0.37906498,1.1892489,0.6242669,-2.1114142000000005,-0.010628581000000002
657,-1.1622465,0.037128985,0.9791438,0.8073044,-1.3185428,0.23853761
658,0.5578623,2.1061387000000003,3.6820529,-1.1382868,4.5274177,2.3428707
659,-0.6793018,-0.23542982,1.0888143,0.68669784,-1.0131247,0.0592494
660,0.52372634,-0.14576185,8.609521,-4.2804823,4.7551755999999985,2.6211874
661,5.9359665,0.93585545,4.185066,-0.83225685,2.344137,1.8955156
662,0.7062957,-0.12275922,5.820812,-2.8998156,3.9992335,2.2537642000000004
663,-8.117414,0.6804861999999999,1.3998053999999998,1.3625157,-1.6667573,0.29899383
664,-0.54091424,-2.2463217,0.1749624,-0.71498287,-0.89212376,-0.54231143
665,1.4383969,0.34610942,3.6666083,-0.28525522,1.4764118,1.4183145
666,-0.7741286999999999,0.4006052,1.0914006,1.2121139,-1.0548877,0.17272955
667,-2.5269985,0.48505405,1.9389173,0.8376695,-0.81639636,0.6378149000000001
668,-0.9474556,-0.10207838,1.6047285,0.5708039,-1.0558705,0.2977867
669,-2.7890007000000003,-0.4319842,1.5176188999999998,0.3683132,-1.7262162,0.1737265
670,-1.2374653999999998,1.4266315,2.5624049,1.5167136,-0.17484355,0.9131241
671,0.7562141,-0.29914343,6.879983,-3.0534785,3.8996897000000006,2.2467606
672,1.3154867,1.3541288,3.4011364,-0.34360555,2.7696288,1.8652214
673,-4.7516565,-0.41751525,3.9694583,-1.0223935,1.051692,1.3973148000000002
674,1.4016389,2.6407604,4.7142944,-1.6771009,3.5222197,2.6527130000000003
675,-0.55596685,-0.6513187,1.0758355,0.70207304,-0.9196886,-0.3616861
676,1.4755323,2.9549189,2.9958768,-0.057727814,3.355312,2.3278015
677,-14.761069,-0.64059794,3.3213181000000005,-1.4540669,1.3673592,1.5079228
678,2.2014651,1.3029503999999998,3.1999025000000003,-0.04753089,2.2396867,1.795059
679,11.39386,-0.39150798,3.2344666,-0.14947589,-0.68439585,0.73546666
680,0.93575716,1.7228009999999998,3.0570903,-0.10917699,3.1269689,1.9552011
681,0.8025304,2.2130268,2.3305001,0.47911477,3.1891036,1.8858607
682,1.1619772,-0.35388792,4.539493,-1.2976678999999998,2.0358996,1.5663804
683,1.1298803,1.8066528,2.2789793,0.96248984,1.905521,1.5382895
684,-0.66978794,-1.92193,0.830835,-0.6880199,-1.1827848,-0.24488455
685,-1.5712022,-0.06305969,0.55714023,1.3818728,-2.1178594,-0.44408703
686,-2.5360258,0.034509107000000004,3.1385078,-0.22570843,0.5029032999999999,1.1993452
687,-1.4421954,-1.3928895,0.919742,0.045929465,-2.0581346000000003,-0.4161842000000001
688,-0.71130514,-1.8054845,0.9300859,-0.6138992,-1.2464718,-0.17071211
689,-0.6655299,-0.09974384,0.48483622,1.3475378,-1.2371669,-0.4572221
690,-3.2210596,0.5309128000000001,1.6856186000000002,1.2499632,-1.6161809,0.27632385
691,-1.21633,-1.8167975,1.221235,-0.61095744,-1.8111616,-0.17994976
692,-3.036839,-0.25708000000000003,3.222805,-0.69326365,0.7841245,1.3427507
693,2.3147464,-0.76841956,3.286765,-0.7476202,-0.06666293,1.0090029
694,-1.4150026000000002,-2.6784072,0.6201364,-1.6204058,-1.7899796,-0.05304706
695,-1.6473714,-0.89888537,2.5498297,-0.6152394,-0.60130286,0.70085233
696,0.94211143,2.027974,5.158729,-2.7512994,3.8390372,2.7260714
697,1.1674659,2.9471896,3.8861046,-0.4573226,3.6177566,2.4032388
698,1.4670812,0.3443243,3.0781758,-0.3068792,1.5034146000000002,1.4586706
699,-1.2377685,1.1997854,1.65738,1.5428936000000002,-0.6541208000000001,0.6794338000000001
700,-1.4208249,-2.0415986,1.898575,-1.3519713,-1.3059496000000002,0.2986282
701,-1.90566,-0.6005024,1.933007,-0.32854035,-0.5996418,0.7515881
702,-1.1500521,-2.5552578,1.2159991,-1.4762013,-1.6645194,-0.10092437
703,-1.7182436,-2.0279830000000003,1.716477,-1.4580547,-1.1739327,0.40970367
704,2.456795,-1.319772,4.247651599999998,-1.8812191000000005,1.241231,1.4079595
705,1.5233972,-1.3272707,3.6171856,-1.6130706,0.7895378000000001,1.2258903
706,0.8520257,-0.12517518,4.3095217,-1.26968,2.4961827000000003,1.6798741
707,0.92490804,1.1214737,3.2123246,-0.012381136,2.4232037,1.6670002
708,-0.9916122,-0.6286904000000001,0.6772196,0.8480584000000001,-1.7463361000000002,-0.5054075
709,-0.95459247,0.12995756,0.6719614,1.47429,-1.6672549,-0.3631227
710,-0.86391515,-1.843273,0.4456836,-0.09512212,-1.5838987,-0.75620866
711,-0.7262329000000001,0.6309699000000001,1.2016708,1.3840977,-0.9349871,0.24073571
712,-0.67307484,-2.5215697,0.93826616,-1.4228257,-1.1214026,-0.075053096
713,1.192106,2.6472416,3.7411325,-0.73463285,3.5960672,2.3885198
714,-0.9938751,-2.4420924,0.3491825,-0.8709724,-1.7590673,-0.5669558000000001
715,-0.7565094,-0.2835058,0.12020481,0.95660245,-1.350986,-0.22263062
716,0.80999655,-0.77566093,4.491159400000001,-1.3214344999999998,1.5374115,1.3862298000000002
717,-1.276605,0.39103922,1.8969166,0.6634861999999999,-0.5298757,0.7465968000000001
718,1.1323712,1.7158901999999998,2.050728,1.3335677,1.0662649,1.2982032
719,-1.1493388,-1.7850283,1.2226704,-0.57377267,-1.7691107,-0.18720174
720,1.7614759999999998,-0.8890446,4.2155657,-2.2714598,2.3500947999999995,1.7502089
721,-4.270415,0.15342182,3.1950665000000003,-0.2391839,0.7510427,1.326089
722,0.70175505,0.1430614,5.7301292,-2.4707024,3.93619,2.1917648
723,30.692814,-1.3236921,4.0180626,-1.8438804,1.0323563,1.3513803
724,0.57155746,0.6972214,5.749479,-1.2325771,3.7777603,1.9720044
725,-1.7142301,-0.46412045,0.48174477,0.8245662,-2.0985546000000004,-0.27963626
726,0.5218242000000001,1.1550076,5.2706633,-1.5568624,4.4527545,2.2223048
727,0.70090795,2.7995448,4.625852,-2.0587015,4.198256,2.7428942000000003
728,-0.6539771,-1.9480524,0.30557406,-0.5284459,-1.2050747,-0.4113096
729,-1.046998,-0.6751499,1.03636,0.5151205,-1.6736778,-0.17514312
730,-1.2715825,0.25313997,1.4797280000000002,0.76020765,-0.9552391,0.49177212
731,1.1810969,-0.8717716,4.3279533,-1.2986922,1.1508046,1.2992796999999998
732,0.61308485,0.848601,6.674646000000001,-3.1750414,4.468324,2.5825677
733,0.69392335,1.4780043,6.2757597,-3.1887884,4.2394276,2.7012424
734,6.53999,-0.6114854000000001,2.7394319,-0.8721859000000001,0.62228686,1.2247102
735,7.6907363,-0.122770905,1.8052418,0.5494045999999999,-1.8070278,0.30312288
736,-0.85629743,-1.6767726000000005,1.5559642,-0.8932882,-1.1154444,0.18905276
737,-1.7391804,-1.8037851000000005,1.36219,-0.6265685000000001,-2.0234632,-0.18762141
738,-1.0330622,-0.70003635,0.4849664000000001,0.5636985999999999,-1.7070227999999998,-0.25324988
739,1.6006031,1.250641,3.0848682000000003,0.46212792,1.6886945,1.5402176
740,-0.7419988000000001,-2.4335878,1.2798669,-1.4996397,-1.1242441,0.05999279
741,-1.1758571000000002,-1.5951108,0.72147274,-0.43517044,-1.7502093,-0.19015336
742,-0.68071175,-0.15381831,0.509555,0.887592,-1.100939,-0.041022300000000005
743,-0.5331134,0.0077557564,0.17418979999999998,1.6772602,-0.8629564000000001,-0.666003
744,0.5888551,0.4777224,5.668056,-2.5433674,4.366439,2.31529
745,-1.2236806,-2.4732897,1.0130104,-1.4502476,-1.6568853,0.0023437738
746,-2.5759945,-0.07016496,2.875858,-0.24851456,0.36481342,1.1667664
747,1.1413616000000002,0.8139623,5.009992,-1.676897,3.3614620000000004,2.1282082
748,0.7272968000000001,1.609766,3.335319,0.50514615,2.5695918,1.6580548
749,-16.102598,-0.20029777,3.5414948,-0.5708094,0.76708835,1.2856693
750,1.0407746,0.5108371,3.2871816,-0.29453123,1.8852282,1.5216985
751,-1.9730972,-1.4363171,1.2724893,-0.3831834,-1.9623625,-0.06552458
752,0.8822504000000001,2.0390215,5.630456400000001,-1.8635082,3.953025,2.5425677
753,0.6633104999999999,1.2971165,3.9853725,-0.7766955,3.6861625,1.9999586
754,-1.7769365,-1.5564955,1.1238495000000002,-0.39453378,-2.0215821,-0.15232873
755,0.5008002,2.8451042,3.3848996,-1.0334965,4.8375845,2.5097094
756,-0.9298079,0.17027766,1.2230701000000002,0.9512454,-1.1788627,0.20946556
757,0.8178283000000001,1.3392301000000002,3.1586995,0.7357479,1.6499604,1.4221765
758,-0.8612528,-2.433169,0.6462405,-1.0335,-1.5724775,-0.39584017
759,0.7498300999999999,1.2344098,5.4109745,-2.102244,4.0872188,2.3843162
760,10.372076,0.05652851,2.803698,-0.1952612,0.5925026,1.1928957
761,3.631007700000001,0.2633507,4.457885299999999,-1.0778447,2.1052918,1.7757556
762,-1.1765013,-0.03512691,1.8435761,0.18841448,-0.42146286,0.76814836
763,0.9022744,0.70097953,4.2978497,-0.9656755,3.019151,1.8705101
764,1.5812806,-0.25836092,2.9292324,-0.29311287,0.11460003,1.0477338
765,-10.41833,-1.3545307,2.8276508,-1.210568,-0.38279933,0.8486438000000001
766,-0.8576936,-1.1585169,1.2325383,-0.51576763,-0.94789904,0.37721455
767,0.8975184000000002,1.1496131,3.7791295,-0.9422667,3.3551172999999994,2.0379043
768,-0.6247778,-0.41122866,0.21671212,1.094968,-1.1447638,-0.51464766
769,1.0085497,2.6529179,3.5061312000000004,-0.3369317,3.6587412000000006,2.3102267000000003
770,-0.7034554000000001,-2.3264709,0.5087229999999999,-0.87577057,-1.3202199,-0.4803325
771,-0.63870436,-0.38159752,0.7132166999999999,0.5876441,-0.96977705,0.015283763
772,8.536658000000001,-1.7002008000000002,3.2233110000000003,-1.4100436,-0.82558185,0.7138634
773,-1.2401274,-0.4570384,0.6049533,1.2458956,-1.9520713,-0.67772496
774,0.7658391,0.05208969,5.07006,-1.1984197,2.7192564,1.7102518
775,-2.9487667,-1.8508221,1.1440423000000002,-0.88074523,-2.0029175,0.05462545
776,-7.669611,-0.04067968,2.6030204,0.11861558,-0.41769347,0.82164943
777,0.50973564,1.5991778,5.175255,-1.2369704,4.553832,2.2717152
778,-1.8918021,0.37301314,0.99535483,1.3317715,-1.828852,0.05240345
779,-7.499440700000001,-1.4275958999999998,3.087047,-1.6123519,0.4173849,1.1431958999999998
780,-3.109712,-0.67764103,2.5314174,-0.55898106,-0.28869,0.8797908999999999
781,2.049189,1.4052076,1.9359288,1.4929051000000002,-0.28572990000000004,0.8828649
782,-1.1758713,-2.2257104,0.57447755,-1.0278971,-1.7784723999999998,-0.17972481
783,2.9764464,2.1978455,4.3527093,-0.7657345,3.0057695,2.2642722
784,1.5256497,1.1225986,5.3435607,-2.0214958,3.3650944,2.3351042
785,0.9536019,2.7054324,4.0698614,-1.5598208,3.8682532,2.5963979
786,-1.3294803999999998,-0.07784285,2.5200188,-0.15700741,0.14735721,1.0460675
787,1.8748499,2.2634125,3.0616477000000004,0.023073673,2.9260616,2.0667672
788,0.61853415,1.0446153,4.223855,-0.90266764,3.680135700000001,1.9756533
789,23.780249,-0.6599665,1.5871959999999998,-0.09971251,-1.4938364,0.45113248
790,3.095009,0.08320247,2.4718478,0.25204548,-0.52004236,0.8254716000000001
791,1.2790004,1.7007709,2.5996819,1.519691,0.5553342,1.1560687
792,-0.46503174,-1.9399346,0.48210847,-0.5196037,-0.57555217,-0.40424097
793,0.7534797,1.0220758,4.9296120000000005,-0.8645734,3.3859136,1.9377763
794,-6.096465599999998,0.5047809,2.644847,0.754977,-0.64357114,0.77399206
795,0.762994,0.78521216,5.4180155,-1.757593,3.793808,2.1969795
796,0.8156308000000001,0.18691206,6.239647,-3.0155356,3.9489143,2.364127
797,0.85846025,1.6827375,3.7556787,0.90077883,1.9504364,1.4863474
798,0.5141253,2.217196,4.1285996,-2.101542,4.7862487,2.661138
799,-1.4708706,-0.27252662,0.73534286,1.2147361,-2.0842168,-0.46101117
800,7.9430704,2.0724707,3.349835,-0.00435102,2.4824388,2.0251768
801,1.3892215,1.6684234,3.7467358,0.029247284,2.6902106,1.8531046
802,-0.87627256,-2.4251537,1.212883,-1.3591838,-1.4096975,-0.03577447
803,0.82262295,0.19852507,6.015933,-1.5644121000000002,3.1899953,1.9177423
804,-0.818282,-1.5080365,1.5056379,-0.85537446,-0.92569643,0.37039196
805,1.8139043,1.8254905,4.6466965999999985,-1.2973483,3.256538,2.3379552
806,2.4257233,-0.39604664,4.5941386,-1.828268,2.2827086,1.8216745
807,-1.5631866,1.1715373,2.2601337000000004,1.5050173,-0.6924807,0.6642741
808,0.9282819,0.5665952,4.685757,-1.2140645,3.0925026,1.9526777
809,1.2412515,1.8388273,5.4973183,-2.797356,3.5948029000000004,2.6958811000000003
810,1.7372596000000002,1.0484908000000002,3.0265987,0.9116376,0.40779096,1.1287364
811,-1.212849,-2.089381,2.1352935,-1.6052177,-0.8974953000000001,0.5118891999999999
812,4.2770166,1.4180619,2.3528411,1.2758074,0.37837252,1.1341523
813,-1.1070068000000002,-2.430532,0.2818538,-1.1220615,-1.7943026999999998,-0.32673806
814,0.85581434,1.7958986,6.1506686,-3.0400593,3.9399252,2.7273488
815,-1.1194935,-0.8464805000000001,0.69864464,0.68042994,-1.8718995,-0.51346016
816,1.5228733,0.017850816000000002,4.3815236,-1.2776698999999998,2.3273926,1.7283746
817,-1.0059763000000002,0.6284621,0.8973021999999999,1.3442512,-1.152998,0.26392102
818,0.8688946,-0.35915256,6.694314,-3.1412525,3.744843700000001,2.261918
819,-0.6985814,0.07510275,1.0117041,0.9776728,-1.0303156,0.10933679
820,-3.0560240000000003,1.42036,2.3167822,1.3222991000000002,0.21858023,1.11796
821,-0.7615687,-2.4657397,1.0462856,-1.4368012,-1.2291454,-0.038043976
822,-9.25409,0.23190475,2.857015,0.19723986,0.08905825,1.0622171
823,1.2475309,0.3938292,4.3987555999999985,-0.7879149000000001,2.3010633,1.6949196
824,22.833399,-0.5132829000000001,3.4572244,-1.3078882,1.4025217,1.5278469
825,1.3672302,0.7498081999999999,3.6209042,0.29224205,1.1747704,1.353625
826,1.6891584,1.2311273,2.707677,1.1165853,0.3488986,1.0949394
827,0.87114865,2.4678936,2.788885,0.8151331999999999,3.0377004000000003,1.8784218
828,5.9003973,1.2157093,3.5573125,-0.45472836,2.280987,1.8589706
829,-3.3946402,-0.83825916,1.299433,0.040233724,-1.9028716,0.13319665
830,-0.49289334,-3.3111749,0.21947896,-1.6112266000000002,-0.7041588000000001,-0.6829126999999999
831,0.5953345999999999,2.075263,6.2204112999999985,-2.39185,4.5038877,2.7011018
832,-1.8137686,-0.67776585,2.7492735,-0.89151996,0.39691326,1.1712245
833,1.0641022,0.7937877,2.3877864,0.6624138,0.43653584,1.1414413
834,13.872694,1.6342493,2.9274595000000003,1.116303,1.0438023,1.3682985
835,-1.7952533,0.5419364999999999,2.2530286,0.3770758,0.31578922,1.1429439
836,-0.8005281999999999,-1.7358725,1.3289607,-0.77996564,-1.224531,0.0425964
837,-1.3849746,-0.053219676,0.9124559,1.3290205,-2.009024,-0.37889242
838,-0.6518932,-2.030183,0.08596504,-0.46116474,-1.2167175,-0.5991662
839,0.5377783,-0.023735523,8.170745,-4.595785,4.6774974,2.7121180000000003
840,1.1576205,0.17357433,5.4426403,-2.4693627,3.4148757000000005,2.20395
841,1.8499073,1.5233567,0.35385528,1.6956933999999997,-0.5686456999999999,0.83991617
842,1.6847162,0.56969404,4.5089836,-1.6586196,2.974012,2.0933740000000003
843,-0.70479214,-3.0464582,-0.021767378,-1.3921237,-1.3324113000000002,-0.6540921
844,-2.9188466,-1.7201526000000005,1.7378186999999998,-1.0023435,-1.5923333999999998,0.2564394
845,0.60263467,0.048586845,5.0301447,-1.9594133,3.7665722,2.0328217
846,-1.7884642,1.2501049,2.3741362,1.3200905,-0.15362312,0.95946187
847,-2.2348228,-0.3137023,1.1008002,0.5375071,-1.7415693,0.1658473
848,1.2525723,-1.6136754999999998,3.8860493,-1.6497362000000002,0.124656275,1.0641295
849,-4.1175337,-1.0541589,1.4696157,-0.19542623,-1.9110296,0.14283735
850,-10.997041,-1.1752399,4.267678,-2.0020082,1.3702253999999998,1.5570555
851,-0.79452014,-0.36038852,-0.20282948,1.2884306,-1.4972249,-0.6686302
852,-21.072865,0.6761548000000001,2.5459678,0.5480694,0.31152278,1.1098276000000002
853,0.8787315,-0.033046007,4.890341,-2.0378118,3.3156686,1.9867275
854,-12.7417345,0.56395435,2.0924416,0.8284684999999999,-0.70233715,0.7187971
855,-1.6284333,-1.0973465,0.70599675,0.26372114,-2.1080716,-0.37565917
856,-0.8724322,0.51733464,1.3080952,1.2677982,-1.0927017,0.23909706
857,1.1219494,-0.072945416,4.296501,-0.6869991999999999,1.5302994,1.4075844
858,-2.4248981,-0.7498482,2.1287565,-0.62121683,-0.30096972,0.84627795
859,1.4736757,0.1362055,3.68174,-0.34061807,1.1937752,1.3432678999999998
860,-0.65122455,-1.5504135,1.0287697,-0.67827386,-0.92361456,0.10998672
861,0.82848126,-0.4030127,5.122936,-1.6570873,2.6569097000000004,1.7519745999999998
862,0.97076046,2.0427842000000003,4.2671337,-1.8087602,3.8442945,2.5039015
863,0.45633057,2.327986,5.772288,-1.810691,5.0449160000000015,2.6009064
864,0.83587223,1.9927077,3.5336108,-0.4792835,3.651454,2.1407540000000003
865,0.6222251,2.530786,2.8658683,0.31353855,3.876643,2.06457
866,-4.048848,0.49421978,1.9625921,0.7123309,-0.5441616,0.7717504
867,-3.3267407,-0.31814128,1.9614632,0.11185149,-1.0259916,0.5903316999999999
868,0.5494456,2.5885239,5.146875,-1.8973135,4.645881,2.6845787
869,0.9045031,1.9004899,5.489893,-2.4025028,3.9253168,2.6384258
870,2.5831418,-0.95692754,2.1975446,-0.71166766,-0.76731217,0.76212823
871,-1.6220773000000002,-2.3499012,0.4398316,-0.8814482,-2.144658,-0.475509
872,-1.5354733,-2.0056238,1.582216,-1.5796964,-0.8693859,0.56296253
873,-1.3163246000000002,-1.4077793,2.0299094,-1.220491,-0.37108254,0.8252735000000001
874,-2.0652168,0.73825514,1.2472341,1.7016414,-1.8720248,0.03449452
875,0.95684636,-0.3851409,4.7286468,-1.6987407,2.6157691,1.7599064999999998
876,0.7990319,-0.4609366,4.6941133000000015,-1.3171073999999998,2.1190977,1.5427606000000005
877,-0.69275075,-0.39852926,1.1392331,0.38666853,-0.91868126,0.23827475
878,-1.3485895,0.33148205,1.5351988,0.7499196,-0.81766254,0.58070034
879,-1.2087656999999998,-1.461384,2.582119,-1.1328743,-0.6209382,0.6652683000000001
880,0.8099439,1.6902292,5.9232497,-1.7435235,4.0055866,2.4129353
881,0.7235494,-0.74978554,5.6403254999999985,-2.369167,3.1888123,1.8659806
882,2.649229,-1.3162569,3.0310745,-1.2504511,-0.20712669,0.9067674
883,0.4790584,-0.38055825,7.565278,-3.3790474,4.7428336,2.3295882000000003
884,1.1093761,-0.68657595,6.441242,-2.317979,2.8255298,1.8526989
885,-0.47786775,-3.283384,-0.06254089,-1.542373,-0.63562214,-0.71989214
886,0.95481324,0.958117,3.8447614,-0.07159945,2.2637627,1.6042609
887,3.4738185,1.3803476,2.3708787,1.0966501,0.6990286,1.2489076
888,0.95869184,0.6615098,5.6899343,-3.326446,3.8634126,2.5858498
889,0.5278076999999999,3.297904,4.1485057,-1.5280864,4.677691,2.763382
890,0.7696430000000001,-0.08871883,5.8256845,-2.07787,3.4426657999999994,1.9831028
891,0.5527409000000001,0.27252805,8.006528999999999,-3.890458,4.6519084,2.6162245
892,1.2198782,1.3208542,3.6763048,-1.0403695,3.2471933,2.1368232000000003
893,-0.8149039,-1.2139018,0.23297441,0.20547403,-1.511021,-0.40458667
894,1.422757,2.1906273,2.7666967,0.9394208,2.3125925,1.7226317999999998
895,4.080582,1.3384477,2.802387,-0.31397557,2.3280888,1.8628774
896,758.7019700000002,1.0531781,3.5666044,-0.08616462,1.7395383000000002,1.6918278000000002
897,7.9576902,1.767775,2.7375495,1.3019825,0.9817865,1.3169191999999998
898,-6.8469715,-1.2960353,2.7214131,-1.0788507,-0.56401783,0.79334235
899,-0.8743689,-0.9493536,-0.2086004,0.6236979,-1.6178262,-0.587741
900,-3.7840505,-0.09489679,1.2675955,0.60348475,-1.6077919,0.29107326
901,-21.189713,2.3318276,2.4776845,1.0473127,1.8330668,1.7204144
902,2.0933740000000003,2.1469812000000004,3.9081688,-0.63967294,3.0947073,2.2444885
903,-1.1381382,0.011628151,0.24141443,1.5377909,-1.8868237,-0.53650326
904,-2.1154733,-1.2727122,2.7103126,-1.352592,0.16972221,1.054172
905,1.3678647,2.2051592,2.886888,1.3353872,1.8605663,1.5766537
906,-1.2261086,0.74407244,1.4370823,1.4307864,-1.229111,0.28747773
907,-0.4929048,-1.7177235,0.42388356,-0.08013578,-0.7076617,-0.6269031999999999
908,-0.74951357,-3.023687,0.15221071,-1.6513688999999998,-1.3900611,-0.39235651
909,-3.6238205,0.40458757,1.8458939,0.67498446,-0.66390646,0.7361707
910,2.240516,0.6779960999999999,5.277978,-2.1809816000000004,3.0858736,2.2831874
911,-1.0888103,-0.6437829,2.0096428,-0.040968575,-1.0393836,0.37870252
912,-1.8819664,-1.4925256000000002,1.3913121000000002,-0.6328515,-1.689691,0.14355135
913,-0.5973881999999999,-1.9362565,0.28628743,-0.43169084,-1.0694623,-0.5226439
914,-0.7909615,0.35201097,0.51010334,1.5993661,-1.4102583,-0.24251711
915,-1.520791,0.56447375,0.7371634,1.4406805,-1.6148063,0.13693702
916,0.62846303,-0.1906935,6.5954647,-2.850247,4.116178,2.2319150000000003
917,-1.5927168,-0.2149837,-0.04351604,1.4740325,-2.1374564,-0.7132605
918,0.7763266,-0.8941859000000001,4.7061877,-1.2562542,1.1359715,1.2655643
919,-1.0029217,-1.9333541,0.31698406,-0.33936715,-1.7686163,-0.5759164999999999
920,-0.7794592,-0.26040196,0.32022345,1.4839097,-1.4574851999999998,-0.76088035
921,2.346677,1.8291419,4.434800599999999,-1.7091289,3.1994746,2.453168
922,1.7782019,0.9243201,5.114538,-2.5508244,3.3300958,2.4316783
923,2.619279,2.219021,2.46505,1.1871319,1.8661141,1.6481751
924,1.1101813,1.571345,4.886633,-1.8131804,3.6591034,2.4187555
925,8.8338,0.111128,2.9564748,-0.43854368,1.1070839,1.3854034
926,-2.105274,-0.95395976,1.3374867,-0.056094535,-1.789398,0.089799345
927,1.1661087,0.66946036,4.2843595,-1.2550633,3.0198023,1.9670705
928,-1.3871348999999995,-2.9507604,1.1939003,-1.6641825,-1.96209,-0.2960449
929,10.40037,-0.45578936,2.4146490000000003,-0.069079764,-1.0804392,0.6393688
930,1.8135281000000003,1.5543553,4.5091095,-0.8969014999999999,3.0410402000000003,2.1606457000000003
931,20.749598,-2.226741,2.441043,-1.6047196,-1.6420013999999998,0.3804236
932,-0.9670561,0.9570333,1.3327334,1.4037563999999998,-0.7407335999999999,0.5823934000000001
933,-3.3536558,-0.8886618000000001,1.3486016,0.23071761,-2.2249591,-0.13480663
934,1.0717446000000002,-0.9404478,3.2879868,-1.0408119,0.34100038,1.1101696
935,1.0701486999999998,0.009177327,5.068264,-2.111921,3.216122,2.032146
936,-7.3251195,-1.4925005,2.0881064,-0.8369117,-1.6034526000000002,0.3596089000000001
937,1.2596806,0.6166848,6.5087514,-2.4932976000000004,3.4950335,2.3465528
938,1.2157683,1.8036296000000005,3.1006331,0.14112413,2.7902083,1.8743033
939,8.428231,0.54534566,1.575801,0.9431012,-1.1185798999999998,0.61707115
940,-0.7308329000000001,-0.73261166,0.6414262,0.6551726,-1.3601336000000002,-0.40919793
941,-2.3234425,-2.6327698,0.69513845,-1.3025205,-2.275131,-0.30796993
942,-3.2937288,-0.25402448,1.6086868,0.30325654,-1.3005606,0.41754252
943,0.6407816999999999,0.6520834,8.135519,-3.9738657,4.366139,2.6900513
944,-0.76590985,-1.288714,0.77611256,-0.42640153,-1.0939516000000002,0.13545305
945,-3.2068908,-1.0413754000000002,1.6067133,-0.42564768,-1.4157146,0.37097675
946,2.0243073000000003,1.7947794999999998,1.7134236,1.68062,0.3375383,1.1046826
947,8.299891,1.4077103000000002,3.830265,-0.78361875,2.5324812000000003,2.0453176
948,0.67911893,-0.16742134,6.587434,-2.5984557,3.8864858,2.1191297
949,-0.8348629000000001,-0.88727367,1.0275078000000002,0.053485885,-1.2535223,0.036414266
950,1.7858421000000002,2.8447638,4.0931964,-0.54022896,3.3146093,2.4083776
951,0.9051715,0.16391778,7.089653500000002,-3.1605623,3.8539536,2.4048436
952,6.739462400000002,0.03691888,1.3301907,0.55189925,-1.4376476,0.4967124
953,0.68627954,2.5698423,4.6927648,-1.4146858,4.2885849999999985,2.5485456
954,0.777193,0.5579443000000001,6.453071,-3.8619406,4.1047864,2.6778533
955,3.875739,-0.518887,2.84945,-0.5001807,-0.0566438,0.99424976
956,-0.6008031999999999,-0.26250315,0.41029167,1.4040655,-1.0796671,-0.6387205
957,2.958169,0.66038936,3.2301495,-0.35903433,1.825858,1.6274084999999998
958,-1.4051921,-1.0746938999999998,0.983384,-0.00618148,-1.7962081,-0.05589032
959,-0.8463405,-0.5933341999999999,1.3077569,0.06792135,-0.96145046,0.35914952
960,-30.643631,0.5261520000000001,2.9726648,0.34361768,0.4290937,1.1606059
961,-1.4545428,-1.1323966,1.1412928,-0.35715106,-1.4488037,0.23600751
962,-1.1486287,-1.7058863999999998,1.6418695,-0.8904136,-1.3714993,0.1804936
963,-0.9085849,-2.1989408,0.8045299,-1.1610451000000002,-1.422662,-0.05509466
964,0.8599614999999999,1.5393279,3.32202,-0.06038755,2.999647,1.8339429
965,-7.391417,1.6195118,2.11452,1.6438700000000002,-0.06400863,0.94789785
966,-2.15513,-3.047092,0.4027387,-1.6771566999999998,-2.2628503,-0.38588458
967,-1.9380764,-0.26764292,2.222108,0.003821816,-0.600967,0.72849405
968,0.7011031999999999,2.7054691,4.5058746,-0.8773201999999999,4.2236004000000005,2.4369612000000003
969,-289.1090700000001,-2.2649775,2.1278987000000003,-1.5618298000000002,-1.7887808,0.3035125
970,0.6983691,0.98373884,4.583786,-1.0337017,3.5780706,2.0077858
971,1.6279514,1.9380928,4.8957477,-1.2598528,3.3355017,2.3325562
972,-2.3188174,-1.9088211,1.7440176,-1.2107412,-1.497847,0.29388458
973,1.787826,-0.2750306,4.0523596,-0.6412635,0.937847,1.3105724
974,2.3436887000000004,2.2067127,3.4355903,-0.4393715999999999,2.9992247000000005,2.1736221
975,-0.854942,0.28295790000000004,1.2142441000000002,1.0830383,-1.1326177,0.21064019
976,-2.0082488,-2.0857787,1.3819902,-1.4213206,-1.3948804,0.34601086
977,-1.79233,-1.0224769,1.6410971,-0.71848184,-0.65812916,0.68901634
978,-2.3970313,-1.6251302,2.8419368,-1.5198481,-0.2460456,0.8851848
979,1.7335497,-0.758472,4.5830345,-2.4273922000000003,2.601588,1.9048285
980,0.5474929000000001,2.5693345,3.5069814,0.425722,4.0188107,2.054729
981,-5.3918123,1.5687426000000002,2.884542,0.6130916999999999,1.4524324,1.6067646
982,-0.47736174,0.33895028,0.6819273,1.6683689999999998,-0.6198260999999999,-0.30094790000000005
983,1.984641,1.6295244,3.4677968,-0.35918844,2.7607946,1.977046
984,1.7903238999999995,2.1168861,3.2766001,-0.009296536,2.887989,2.0571012
985,0.52126724,1.6397423999999998,5.1838093,-2.4995809,4.764399,2.5656934
986,-1.2294401,-2.0136528,1.8416286,-1.1718405,-1.4487625,0.15076727
987,-0.7604529999999999,-2.2463167,1.2580866000000002,-1.3873106000000002,-1.0835905,0.12375194
988,0.9416144,1.8139503,3.7993653,0.12598658,3.0014231,1.8885491
989,0.58985984,0.9596577,4.4304,-0.6726269,3.4461935,1.8456347
990,7.5153729999999985,1.1318833,2.2393146,1.2127845,-0.23445167,0.8969978999999999
991,-2.39342,-2.1439285,1.1579492,-1.5139401,-1.3805826,0.38319474
992,4.6593018,1.8155553,1.2325488000000002,1.6544544,0.41989538,1.1430207
993,0.81622994,0.8747030000000001,6.469968,-3.344825,4.0508190000000015,2.6010296000000004
994,1.8025217,0.040939300000000005,3.4625053,-0.091702096,0.39398497,1.1118214
995,-0.7849316,-0.13841629,-0.083467364,1.597543,-1.4683902,-0.7642071
996,-2.6858852000000004,-1.2048968,0.53003,0.27547940000000004,-2.396995,-0.49634898
997,1.1015377,0.32424685,4.226507,-0.7112415,2.1875114,1.6249213
998,0.50924397,1.2460744,7.641025,-3.5562312999999994,4.751697,2.744366
999,-1.7901996,-0.78169227,0.6826810999999999,0.3926823,-2.0364647,-0.16176748
