,(a08+a09),(a01+a05),(a05-a24),((a16+a31)+(a05-a24)),((a24*a33)+a03),((a23*a25)*a03_degree),((a01+a05)*a03),((a12*a27)-a05),(a01+a05)_zscore,(((a16*a27)-a03_relu)+(a01+a05)_zscore),(((a08+a21)+a21_mmnorm)+((a05-a17)*a10)),(((a10-a22)+a08_degree)+((a13+a14)-a08_degree)),(((a14+a29)*(a33+a34))+(a05-a24)),(((a06+a14)-a22)+(a01+a05)_zscore),(a21_relu_sigmoid+(a08+a09)),(((a01-a23)-a05)-(a01+a05)_zscore),(((a08-a14)*a08)-a03_relu),(((a08+a21)+a13_mmnorm)-a21_mmnorm),((a08+a21)_degree-(a03*a15)),(((a06-a12)*(a14*a26))-(a08+a09)),(((a11-a21)*a27)-a01_sigmoid_degree),((a16*a27)-a03_relu)_degree,((a01+a05)*a03)_adde,((a16+a31)+(a05-a24))_adde,((a01_sigmoid+(a10-a22))*((a16+a31)*(a17*a23))),(((a12*a20)+a06_mmnorm)*(a06+a09))
0,0.62292004,1.85243,1.3259999999999998,1.3664399,0.9071118,11.970594,1.8438903,-0.92536396,0.55730504,-0.59509736,0.97781855,0.48243904,1.3891258,0.42765504,1.2616162,-0.779195,-1.0226793,0.20655,10.434318,-0.5767821,-41.770435,-66.027794,4.562172,4.0847216,0.013427853,0.5818008000000001
1,0.06402999,1.9303501,1.28769,0.14628005,1.0490913,2.1034114,1.9303501,-0.7916936,0.6780568,-0.12234956,-0.6730550999999999,0.05475998,1.4313271,0.072426796,0.56403,-0.4278468,-0.77639675,-0.8295648999999999,-60.645245,-0.005529441,-42.017616,-45.8599,4.648632,2.8645618,0.012903458,0.6363012
2,0.76903,2.0,1.1206200000000002,1.72797,0.9323985,14.3001795,2.0,-0.9684672,0.7859924,-0.21224397,1.4446286,1.1497002,1.1988409,1.0741324,1.4391813,-1.2198424,-0.98445326,0.66103005,33.15833,-0.76886827,-41.873623,-57.19473000000001,4.7182817,4.4462519999999985,0.22473247,0.44533536
3,-1.0,2.0,1.0,1.4019799,1.0,0.0,2.0,-1.0,0.7859924,-0.13908619,-1.5496249,-1.0,1.67618,0.7859924,-0.5,-0.7859924,0.0,-1.349875,-96.3885,1.0,-41.52541,-53.003094,4.7182817,4.1202617,-0.0,1.0
4,0.53897,1.9414,1.47019,1.13855,1.0243666,0.043472447,1.9414,-0.96834546,0.6951808,-0.34130955,0.28961614,0.7487296999999999,1.4581046,1.1091208,1.0539205,-0.65967077,-0.9475763,0.07940501,-10.240649,-0.5377264,-41.82435200000001,-59.38651700000001,4.659682,3.8568318,-0.003741029,0.47596455
5,0.028820008,0.90076,-0.108119994,-0.26352,0.023366537000000003,0.0007145247,0.02105076,0.101281844,-0.9174858,-0.9358208,0.4029711,0.029679775,-0.11752879,-1.0736656999999998,0.53341484,2.0015357,-0.009389303,-0.109050035,-5.7204875999999985,-0.028820008,-41.8872,-1.0505204,2.7393324,2.4547617,6.159399e-06,0.012231899
6,0.5764600000000001,1.94601,1.74354,1.08656,1.0861944,4.065041000000001,1.8990723000000005,-1.0114763,0.70232475,-0.35747075,0.6611352,0.7668104,2.1811502000000003,0.75230473,1.1662846000000002,-0.9673147,-1.0394237,0.289245,3.8404863,-0.46403557,-41.827232,-60.72180600000001,4.617354,3.8048418,-0.14854221,0.48828802
7,-1.0,0.0,0.0,1.0,0.0,0.0,0.0,-1.0,-2.3133821,-2.3133821,-0.5,0.0,0.0,-2.3133821,-0.5,2.3133821,1.0,-1.0,-57.295776,1.0,-29.647888,0.0,2.7182817000000004,3.7182817,0.0,0.0
8,0.78687,2.0,1.6422501,1.62958,0.71374685,32.718777,1.9271,-1.2508572,0.7859924,-0.44460547,1.4109284,0.7825699,1.6948419999999995,0.8418724,1.4668021,-1.4823624,-1.0048013,0.6361501,30.087654,-0.7090638000000001,-41.7874,-70.50806,4.645382,4.347862,-0.008458437,0.61335653
9,0.1147,1.0,0.0,0.55197,-0.01864,0.0,-0.01864,-0.078806095,-0.7636948,-0.68400097,0.40044641,-0.2681,0.0,-0.7636948,0.6147,1.7636948,0.0,0.0,-0.0062734787,-0.1147,-41.980843,4.56612,2.6996417,3.2702518,-0.0,0.047667325
10,0.72679996,2.0,1.80544,1.5252298999999998,0.81478906,20.19187,2.0,-1.1952127,0.7859924,-0.49263275,1.2400486000000002,0.7757101,1.8819971,0.84657234,1.3964162,-1.4168024,-1.0670816,0.561185,23.916285,-0.62064147,-41.747982,-73.25981999999998,4.7182817,4.2435117,-0.16768856,0.5726106
11,0.0,2.0,0.0,0.0,2.0,57.295776,2.0,-1.41119,0.7859924,-1.2140076000000002,1.0,1.3621712,0.0,-0.21400762,0.7310585999999999,-1.7859923999999998,1.0,0.0,-1.0,0.24075262,-41.88657,-114.59155,4.7182817,2.7182817000000004,0.0,0.0
12,0.84803,2.0,1.5122,1.85522,0.6684683000000001,39.978397,2.0,-1.267935,0.7859924,-0.47630966,1.6280457,0.9398098,1.5032191,0.85953236,1.5507803999999998,-1.6158624,-1.0221694,0.75692,39.65457,-0.81295586,-41.8255,-72.32458000000003,4.7182817,4.573501599999998,0.27202353,0.54046875
13,0.60104,2.0,0.37651002,1.22884,1.62349,57.295776,2.0,-0.64853,0.7859924,-0.36167765,1.028505,0.79879,1.2513385,0.9284824,1.250874,-1.7859923999999998,-0.80982375,0.410195,11.567827,-0.59933877,-41.50488,-65.75664499999999,4.7182817,3.9471216,0.38536274,0.31784242
14,0.94437003,2.0,0.5825,1.71035,1.4175,57.295776,2.0,-0.8034899999999999,0.7859924,-0.08615762,1.94437,0.84334016,2.2833467,0.5758924,1.6754286,-1.7859923999999998,-0.98559684,0.94437003,53.108414,-0.95097977,-41.88657,-49.970512,4.7182817,4.428632,0.41856614,0.58983386
15,0.0,2.0,1.0,1.6573501,0.50932,-0.0,1.01864,-1.3975201000000002,0.7859924,0.14046216,-1.8768101,-1.0,1.0,1.0530725,0.5,-0.7859924,0.49067998,-1.0,-56.78645699999999,0.0,-41.71291400000001,-36.986156,3.7369218,4.375632,0.0,2.0698261
16,0.9861,2.0,0.8555799999999999,1.67949,1.098903,38.849277,1.9929,-0.9379451,0.7859924,-0.16858172,1.7520623,0.90151,1.5976713,0.7587924,1.6795567,-1.6226723,-0.99841046,0.87976,47.264736,-0.987355,-41.746365,-54.693066,4.7111816,4.397772,0.38928744,0.47491047
17,0.0,-1.0,-2.0,-2.0,1.0,0.0,-0.0,2.0,-3.863069,-2.863069,3.0,2.0,-2.0,-4.863069,0.7310585999999999,5.863069,2.0,2.0,114.59155,2.0,-30.647888,57.295776,2.7182817000000004,0.71828175,0.0,-2.0
18,0.27537,1.66626,0.44001,0.95640004,0.8969,9.649581,1.1174773,-0.6102548000000001,0.26879978,-0.35117733,1.524057,0.89138985,1.2078671,0.24869978,0.9069218,-0.44925976,-0.6622526,0.76754504,41.09743,-0.27777618,-41.841637,-35.52207,3.835759200000001,3.6746817,0.13308133,0.07941287
19,1.0,0.0,-0.5625,0.4375,1.5625,-57.295776,0.0,-1.0,-2.3133821,-3.313382100000001,0.0,0.28125,3.4375,-2.3133821,1.5,1.3133821,-1.0,-0.859375,-57.295776,0.0,-26.647888,-57.295776,2.7182817000000004,3.1557817000000004,-0.5,-0.5
20,0.92351,2.0,1.46866,2.11698,0.65153253,45.062077,2.0,-1.0915527,0.7859924,-0.34312224,1.7905525000000002,0.93978024,1.5750588,0.73348236,1.6379261,-1.7465924,-1.0243545,0.88197505,47.153664,-0.9215347,-41.817886,-64.6935,4.7182817,4.835262,0.6114366,0.44097444
21,-1.0,0.0,0.0,-2.0,1.0,0.0,0.0,0.0,-2.3133821,-4.313382,-2.0,-2.0,0.0,-3.313382100000001,-0.5,2.3133821,-1.0,-0.5,-56.295776,1.0,-27.647888,-114.59155,2.7182817000000004,0.71828175,-0.0,-0.5
22,0.99482,2.0,1.05929,1.6707001,0.9298205,19.662628,1.92142,-0.98502284,0.7859924,-0.11764765,1.5704793,0.79868984,1.2852433,0.84658235,1.6539928,-1.4275724,-0.9463167,0.8391849,42.287876,-0.9947388,-41.7513,-51.774757,4.639702,4.388982,0.22779629,0.4913255999999999
23,-1.0,0.0,0.0,-1.0,-1.0,0.0,-0.0,1.0,-2.3133821,-2.3133821,1.0,0.0,0.0,-3.313382100000001,-0.2689414,2.3133821,0.0,0.5,57.295776,1.0,-28.647888,0.0,2.7182817000000004,1.7182817,-0.0,-1.5
24,0.94869,2.0,1.31654,1.7941201,0.7967590999999999,39.344566,2.0,-1.0850475,0.7859924,-0.26186228,1.8670772,1.0914198999999998,1.484369,1.0789723,1.6696241000000005,-1.5945125,-1.0000365,0.84570503,50.505653,-0.94603175,-41.84965,-60.037647,4.7182817,4.5124016,0.2749856,0.55443776
25,0.0,2.0,2.0,2.0,0.0,57.295776,2.0,-2.0,0.7859924,-1.2140076000000002,1.0,-0.3720398,2.0,-0.58604765,0.7310585999999999,-1.7859923999999998,-1.0,0.0,-1.0,0.0,-41.88657,-114.59155,4.7182817,4.7182817,0.0,0.0
26,0.13038003,2.0,1.78547,1.88098,1.1047896,19.789341,2.0,-1.1991963,0.7859924,-0.32680476,1.1521595,1.0675011,1.6844379,0.18547237,0.8419128,-1.4095623,-0.5907534000000001,0.07606012,3.9936383,-0.0669495,-41.86159,-63.758575,4.7182817,4.5992618,0.059425272,0.6417632
27,2.0,0.0,0.0,0.0,-1.0,-0.0,-0.0,-0.0,-2.3133821,-2.3133821,3.375,0.625,0.0,-1.3133821,2.7310586,2.3133821,1.0,1.5,114.59155,-2.0,-27.647888,0.0,2.7182817000000004,2.7182817000000004,0.0,0.5
28,0.84863997,2.0,0.0,1.35116,1.52479,51.46879600000001,2.0,-0.59809023,0.7859924,0.37964487,1.86692,1.23633,2.0422275,0.55099237,1.5796986000000002,-1.7664124,-0.90362215,0.86692,48.670853,-1.0290351,-41.88657,-23.281996,4.7182817,4.069442,0.49843138,1.2046994
29,-2.0,1.0,2.0,1.0,-2.0,-57.295776,-1.0,-2.0,-0.7636948,-0.7636948,1.0,0.0,2.0,0.23630518,-1.2689414,-1.2363052,0.0,-1.0,0.0,0.0,-28.647888,0.0,1.7182817,3.7182817,-2.5,0.0
30,0.76344,2.0,1.5966101,2.3768601,0.40339,57.295776,2.0,-1.2471488000000002,0.7859924,-0.4311645000000001,1.76344,1.0184402,1.7115256999999997,0.7170124,1.4944986,-1.7859923999999998,-1.0059258,0.76344,42.74189000000001,-0.75252914,-41.88657,-69.737946,4.7182817,5.095142,0.78891754,0.44733632
31,0.0,2.0,2.0,2.0,0.0,0.0,2.0,-2.0,0.7859924,-1.2140076000000002,1.0,-1.0183983,3.9632,0.7675924,0.7310585999999999,-1.7859923999999998,-0.018400013,0.0,-1.0,-0.0,-41.88657,-114.59155,4.7182817,4.7182817,-0.0,3.71166
32,0.7185699999999999,1.93408,1.4349301,1.5464401,0.6707764,20.492722,1.7060133000000002,-1.1147678,0.683837,-0.40230566,1.3721434,0.83923054,1.4051771999999998,0.73016703,1.3879871,-1.279417,-0.9067764,0.6146201,30.27555,-0.68717366,-41.78485,-62.231388,4.424295,4.264722,0.06143146,0.4590869000000001
33,0.90235996,1.4128698999999998,0.35830998,0.21967,0.69987977,13.885582,1.0067122,-0.5148501,-0.12387557,-1.7676456000000005,0.05851019,0.5599899,-1.6596122,-0.2818455,1.40236,0.19167556,-0.6088262,0.07052496,-20.87183,-0.877653,-40.71401,-94.181076,3.724994,2.9379518,0.017687451,0.31853124
34,0.41612,1.72314,1.63652,2.7828999,0.08661997,53.055317,1.72314,-1.22177,0.356946,-0.496674,1.4395239,0.41119003,2.0060234,0.52744603,1.13995,-1.006076,-0.7322268,0.29769993,20.984545,-0.43050045,-41.85011,-48.90882,4.4414215,5.5011816,0.49669132,0.6458923000000001
35,0.13571995,2.0,2.0,3.73393,-0.33839,37.90746,1.32322,-2.0,0.7859924,0.85831237,0.99347043,-1.1508903999999998,2.0890174,0.039562345,0.86677855,-1.7859923999999998,-0.81007975,0.32678998,18.062077,-1.6614764,-41.88657,4.1436296000000015,4.041502,6.452212,-0.16044481,0.3973134
36,0.9704,2.0,1.13565,1.89425,0.8862344000000001,48.604023,2.0,-1.0557203000000002,0.7859924,-0.28452194,1.9590174,1.0069001,1.634779,0.8509424000000001,1.7006497,-1.7341422999999998,-1.0010608,0.968345,54.391724,-0.9697113000000002,-41.902157,-61.33595,4.7182817,4.6125317,0.5348709,0.49683765
37,0.0,1.0,0.0,1.0,1.0,-57.295776,1.0,-2.0,-0.7636948,-1.7636948,-1.0,-1.0,0.0,-2.7636948,0.5,0.7636948,-1.0,-0.5,-57.295776,-0.0,-28.647888,-57.295776,3.7182817,3.7182817,-0.5,1.0
38,0.98927,1.94191,0.79969,1.5710499,1.0052199,30.51026,1.7718182,-0.8952205,0.6959711,-0.17075706,1.768894,0.94305015,1.4014714,0.7209511,1.6813433,-1.4082911,-0.9160029,0.9221951,48.622444,-0.98982465,-41.806194,-49.659863,4.4901,4.289331400000001,0.33059523,0.49902487
39,0.68887997,1.9967201,0.8315600000000001,1.3564501,1.16516,18.760204,1.9967201,-0.942248,0.78090954,-0.15000719,1.3317499,0.25730990000000004,2.7739801,1.2022096000000002,1.3478034,-1.3790095,-1.0332128,0.84299004,41.001137,-0.6944064,-41.763493,-53.337597,4.715001999999999,4.074732,-0.105061956,0.37966153
40,1.1933200000000002,2.0,0.31160003,0.94853,1.0481192,7.9891763,2.0,-0.8918151,0.7859924,-0.06901568,1.5895875,0.90633965,0.8557594000000001,0.82292235,1.8106121,-1.1915223999999998,-1.0625513999999998,0.879215,41.653744,-1.2593579,-41.778587,-48.98835,4.7182817,3.6668117,0.065048255,0.96690106
41,-0.14375,2.0,0.0,0.0,-1.0,-57.295776,-2.0,0.0,0.7859924,-0.21400762,1.85625,3.0,0.0,3.7859924,0.5873086,0.21400762,0.16441405,0.85625005,49.238678,0.14375,-43.88657,-57.295776,0.71828175,2.7182817000000004,0.0,0.0
42,0.71784997,1.8652799,0.30701995,0.83715,0.977076,4.0499907,1.6961364,-0.79688716,0.5772184,-0.24626178,1.4750209,0.72717,0.74932534,0.62886846,1.3112985,-0.75523835,-0.95270884,0.43652993,30.657555,-0.7657598000000001,-41.826252,-47.18194,4.414418,3.5554318,0.073487796,0.45555255
43,0.0,2.0,0.0,0.0,0.35714,16.686795999999998,-1.28572,-0.03838998,0.7859924,-0.21400762,1.0,0.42321014,0.0,1.2717024,0.7310585999999999,0.05686759999999999,0.62321,0.0,0.64286,0.04296684,-41.88657,-57.295776,1.4325618,2.7182817000000004,-0.0,-0.0865371
44,0.7994399999999999,1.99793,1.6440799,1.7536398999999998,0.6723765,28.949404,1.9784502,-1.1945192,0.7827845999999999,-0.49322116,1.4525088,0.88681984,1.5656117,0.87143457,1.4873056,-1.5279646,-1.0262635,0.66403496,33.2509,-0.75492877,-41.79704,-73.10974,4.696732,4.471922,0.07446207,0.5241682
45,1.0,0.0,0.0,1.0,0.0,-0.0,0.0,-1.0,-2.3133821,-2.3133821,0.875,1.0,0.0,-2.3133821,1.5,2.3133821,0.0,0.0,0.0,-1.0,-29.647888,-0.0,2.7182817000000004,3.7182817,-0.0,-0.5
46,0.88799,2.0,1.3764299999999998,1.9046301,0.7172446,43.406597,2.0,-1.1148938,0.7859924,-0.42276096,1.7307715,0.9973903,1.5255541,0.8421224,1.5989211,-1.6647325000000002,-1.0117632,0.8229350000000001,44.28328,-0.881992,-41.81213,-69.25646,4.7182817,4.622912,0.41443482,0.4692089
47,1.0489700000000002,0.0,-1.37361,-1.31543,0.9231263,-33.57797,0.0,0.98249465,-2.3133821,-3.1786904,1.6276623,-0.61543083,-1.0176189,-1.7430321,1.5489700000000002,5.052022,-0.81700605,0.06261501,3.901632,-1.0482122,-41.20925,-49.578506,2.7182817000000004,1.4028517,-0.016248383999999998,0.617703
48,0.90247995,1.98103,1.16842,1.8096299,0.8423860999999999,42.929665,1.9446979,-1.0179030999999998,0.7565948,-0.32970405,1.7644111,0.9402702,1.5084794,0.7812648,1.6098697,-1.6001947,-0.9847392,0.85794497,46.395424,-0.9023293,-41.798786,-62.240334,4.6629796,4.5279117,0.4352353,0.4510299
49,0.10991,2.0,0.64331996,0.41917998,0.0,-0.0,0.0,-1.0,0.7859924,0.5618524,-1.0571101,-1.0,0.64331996,1.3032324,0.6099100000000001,-1.3204724,0.0,0.0,0.0,-0.10991,-41.88657,-12.842276,2.7182817000000004,3.1374617,-0.01794938,0.47576854
50,0.8768,1.43644,0.59933996,0.86911,0.68931687,20.23644,1.2085344999999998,-0.45314175,-0.08734935,-1.4653671,1.9540744,0.5734501000000001,1.6706225,-0.50824934,1.6078587,0.18480939,-0.8398646000000001,0.940125,56.37116999999999,-0.8775191999999999,-42.06282,-78.9546,3.9268162,3.5873919,-0.012353126,0.47085994
51,0.0,1.0,2.0,1.0,1.0,57.295776,1.0,0.0,-0.7636948,-2.7636948,0.5,2.0,2.0,-0.7636948,0.5,-1.2363052,-1.0,0.5,1.0,2.0,-27.647888,-114.59155,3.7182817,3.7182817,-0.5,-1.0
52,0.7303,2.0,2.0,3.72526,0.0,-27.250786,2.0,0.0,0.7859924,0.5112524,2.0,2.0,4.6969,3.7859924,1.2303,-0.25761247,-1.0,0.0,1.0,-0.7303,-41.71809,-15.741441,4.7182817,6.4435415,2.4896135,0.42319423
53,0.66832,0.0,0.0,-2.0,-1.67935,-7.339487599999999,-0.0,0.0,-2.3133821,-3.313382100000001,2.6331701,2.0,0.0,0.68661785,1.3993785,5.313382,-0.23226576,1.6331701,94.176216,1.33168,-43.88657,-57.295776,2.7182817000000004,0.71828175,-1.4621171999999998,0.0
54,0.87613,1.97487,1.27294,1.91748,0.7116778,49.354546,1.8891408,-0.9637115,0.7470486999999999,-0.379641,1.787986,0.9939599,1.5814698,0.7955886999999999,1.5900052,-1.6233187,-0.96364105,0.84948003,46.61836,-0.88088346,-41.857876,-64.55456,4.607423000000002,4.6357617,0.543303,0.42237422
55,1.71875,0.0,-0.53199,-0.53199,0.5513399999999999,4.774457,0.0,0.37277,-2.3133821,-1.3967121,-0.078163296,-0.5282707,0.23885006,-1.3133821,2.21875,5.313382,1.91667,0.12686,14.620414000000002,-2.1061935000000003,-41.96172,52.52132,2.7182817000000004,2.1862917,0.0,2.1727498
56,0.93318,2.0,1.20081,1.84038,0.85141665,54.775333,2.0,-0.509722,0.7859924,-0.34075558,1.9254401,0.9741199,1.5588154,0.8031623999999999,1.6632228,-1.7420023999999998,-1.0040467,0.9306,52.171627,-1.0044949,-41.882065,-64.5579,4.7182817,4.5586615,0.50905573,0.36143905
57,1.0,1.0,0.0,1.0,-2.0,-57.295776,-1.0,0.0,-0.7636948,0.23630518,0.0,-0.1875,-1.625,-0.9511948,1.5,-1.2363052,1.1875,0.0,1.0,-1.375,-26.647888,57.295776,1.7182817,3.7182817,-1.5,1.0
58,1.13231,1.94525,0.78115,1.6766299999999998,1.1371448999999998,47.680958,1.94525,-0.88306206,0.7011470999999999,-0.19960696,2.1270413,0.94187975,1.9654044,0.7791871,1.8627685,-1.5542371,-1.0018696,1.1093498,63.75321,-1.1321836,-41.929447,-51.6094,4.663532,4.3949120000000015,0.42073002,0.5892191
59,0.0,0.0,-0.72916996,-1.40625,0.17188,8.350315,0.0,2.0,-2.3133821,-3.162342,0.5,0.0,-0.72916996,-1.3133821,0.5,5.313382,-0.17188,0.0,0.10545526,0.0,-42.88657,-48.641823,2.7182817000000004,1.3120317,0.398567,1.14375
60,1.21176,2.0,0.6040300000000001,1.4553701,1.2148216,32.666878000000004,2.0,-0.8684969000000001,0.7859924,-0.01999414,1.9900018,0.94818974,1.5194252,0.83386236,1.9089453,-1.5342824,-1.0038692,1.1076651000000002,59.822205,-1.2176642,-41.8076,-46.179623,4.7182817,4.1736517,0.27594453,0.69208276
61,0.0,1.0,1.0,0.45,-0.98333,-0.008456458,0.016669999999999997,0.0,-0.7636948,-1.3303648,0.5,0.0,0.27292,-0.7636948,0.5,1.6803648000000002,-0.016669999999999997,0.0,-0.0020490764,-0.0,-41.88657,-32.467796,2.7349517000000003,3.1682818,-0.0076436126,0.0
62,1.25106,1.99352,0.34632003,1.1777799999999998,1.1430377,15.386294,1.99352,-0.83278364,0.77595043,-0.0108216405,1.7289726000000003,0.95687866,1.1786411,0.82757044,1.8887911,-1.3253305,-1.0451919,1.037485,50.698795,-1.3048728,-41.735588,-45.078716,4.7118015,3.896062,0.13653146,0.85727966
63,1.87719,1.20833,-0.79166996,-0.53508997,1.63816,-29.587852,0.7711079000000001,0.79166996,-0.4408484,-1.0285684000000002,2.2138941,1.2763214,2.38377,-0.41452843,2.4581585,2.2325184,-0.22587997,1.1337700000000002,76.00598000000002,-0.70175004,-42.88218,-33.673874,3.4893897000000003,2.1831918,0.19554856,0.004039221
64,1.18593,2.0,1.12312,1.57161,0.9367385,53.624836,2.0,-0.5542209,0.7859924,-0.20584261,2.004536,0.58541965,1.5089841,1.5774524,1.8928869,-1.7859923999999998,-0.9355325,0.95351493,60.11052700000001,-1.1907618999999998,-41.83289,-56.827957,4.7182817,4.2898917,0.36019102,1.3440449
65,-0.33062,2.0,0.73415,2.08922,1.11368,39.414333,1.69566,-0.7296199999999999,0.7859924,0.29323238,1.0,1.0552597,2.0845919,1.1483123,0.4004386,-1.6772923,0.7581498999999999,0.0,-0.84783,0.3061952,-41.88657,-28.233067,4.413942,4.807502,0.21780829,0.6144721
66,1.07764,2.0,0.72624004,1.71586,1.2199799,57.25739,2.0,-0.6792691999999999,0.7859924,-0.17173970000000002,2.0794747,1.05656,1.3998027,0.8241523999999999,1.8086987,-1.7853224,-0.9982337,1.07764,60.744225,-1.0710396,-41.898506,-54.874004000000006,4.7182817,4.4341415999999985,0.6938399000000001,0.4955276
67,0.0,1.0,2.0,1.0,0.0,57.295776,1.0,0.0,-0.7636948,-2.7636948,1.0,0.0,2.0,-1.7636948,0.7310585999999999,-1.2363052,1.0,0.0,-1.0,2.0,-28.647888,-114.59155,3.7182817,3.7182817,1.5,0.0
68,1.20619,1.8130901,1.7880001,3.12638,0.036632895,-8.928392,1.8130901,-0.39531,0.49634048,-0.33542785,1.3731062,1.5483704,2.8399181,2.8508606,1.70619,0.06727943,-0.7709199999999999,0.23890999,16.422302,-1.0675863,-41.76453400000001,-47.65681,4.531372,5.8446617,0.45275608,0.49460673
69,0.0,2.0,0.0,0.0,2.0,57.295776,2.0,0.0,0.7859924,-1.2140076000000002,1.0,2.0,0.0,-0.21400762,0.7310585999999999,-1.7859923999999998,1.0,0.0,-1.0,-2.0,-41.88657,-114.59155,4.7182817,2.7182817000000004,0.0,0.0
70,1.26968,2.0,0.40543002,1.4660599,1.4250758999999995,51.333004,2.0,-0.74243116,0.7859924,0.069481015,2.26968,1.0244398,2.2360642000000004,0.74256235,2.0007386,-1.7859923999999998,-1.0314851,1.26968,71.7473,-1.2973955,-41.88657,-41.053074,4.7182817,4.1843414,0.39144522,0.8828056000000001
71,0.0,1.0,2.0,3.0,0.0,57.295776,1.0,-1.0,-0.7636948,-0.7636948,-1.625,-2.0,2.0,-0.7636948,0.5,-1.2363052,0.0,-1.375,-99.26761,-0.0,-27.897888,0.0,3.7182817,5.7182817,-1.5,2.0
72,1.25495,1.9676,0.20563,0.93113,1.029813,10.808649,1.8906078,-0.81301683,0.7357825,-0.02870971,1.6740402,1.0501404,0.94408906,0.7655425,1.8878622,-1.1867725,-1.0296787,0.97819996,46.1432,-1.3608638000000002,-41.75833,-43.802174,4.6088896,3.6494117,0.101042956,1.0968461
73,0.6984100000000001,1.0,0.0,-0.24206,0.69444,0.0,0.69444,0.0,-0.7636948,-1.6425604,1.19841,0.0,0.0,-0.7636948,1.19841,1.7636948,-0.20666352,0.69841003,39.872643,-0.6984100000000001,-41.88657,-50.35528,3.4127216,2.4762218,-0.0,0.0
74,1.19498,2.0,0.37242,1.2715001,1.2094923999999998,30.385765000000006,2.0,-0.79307437,0.7859924,0.0407784,1.9355798,1.0675201,1.326128,0.6772524000000001,1.8863304,-1.5817723,-1.0365841,1.0982001,56.431385,-1.2536931999999998,-41.77156,-42.697613,4.7182817,3.9897819,0.2652506,0.84108317
75,0.0,0.0,1.0,0.0,0.0,-57.295776,0.0,1.0,-2.3133821,-4.313382,2.0,2.0,1.0,-0.31338215,0.7310585999999999,3.313382100000001,1.0,0.0,-1.0,1.0,-28.647888,-114.59155,2.7182817000000004,2.7182817000000004,0.5,1.5
76,1.16159,2.0,0.41871,1.26932,1.2350852,27.029814,2.0,-0.8180545,0.7859924,0.020125926,1.9030182,1.0202298,1.3630133,0.7193824000000001,1.8502796,-1.4893024,-1.0347096,1.022315,53.84009,-1.2040913,-41.77287000000001,-43.880913,4.7182817,3.9876018,0.2193366,0.78955126
77,2.0,1.0,0.0,0.0,0.0,-57.295776,1.0,0.0,-0.7636948,-0.7636948,0.0,2.0,0.0,-1.7636948,2.5,0.7636948,-1.0,1.0,-1.0,0.0,-26.647888,0.0,3.7182817,2.7182817000000004,-0.0,0.0
78,1.72973,2.0,0.0,0.59757996,0.18616998,33.195488,2.0,-0.61745,0.7859924,0.08104551,2.34675,2.0,0.20631172,1.2718923999999998,2.4077485,-1.6824625,-1.1972241,1.6020701000000002,83.47747,-2.24383,-41.7889,-40.39048,4.7182817,3.3158617,0.3916372,2.5898495
79,0.0,1.0,0.0,1.0,0.0,57.295776,1.0,-1.0,-0.7636948,-1.7636948,1.0,2.0,0.0,-1.7636948,0.5,-1.2363052,-1.0,1.0,0.0,1.0,-27.647888,-57.295776,3.7182817,3.7182817,0.0,-0.0
80,1.0955700000000002,2.0,2.0,2.8414900000000003,0.0,57.295776,2.0,-2.0,0.7859924,-0.3725176,2.09557,1.0629401000000005,2.3075953,1.2755023,1.8266286,-1.7859923999999998,-0.95210415,1.0955701,61.77153000000001,-0.71199584,-41.88657,-66.37773,4.7182817,5.5597715,1.0094419,2.3301048
81,2.0,1.0,0.0,0.0,2.0,57.295776,1.0,0.0,-0.7636948,-2.7636948,3.0,0.0,0.0,-1.7636948,2.7310586,-1.2363052,1.0,2.0,113.59155,-2.0,-28.647888,-114.59155,3.7182817,2.7182817000000004,0.0,0.0
82,1.08729,1.92679,0.24335998,0.83547,0.89527565,4.2881345999999985,1.777984,-0.8476091999999998,0.6725398,-0.14425302,1.4581298,0.85921097,0.6145149999999999,0.6351298000000001,1.6857446,-0.94164973,-0.9778282,0.79927504,36.31452,-1.1801101,-41.81358,-46.79878,4.496266,3.5537517,0.050645232000000005,0.8583042
83,0.58657,1.8233199,0.57395995,0.9167999,0.67197317,0.00092820084,1.2434677,-0.8167653,0.5121935000000001,-0.18655461,1.2646058,0.7314205,0.57623726,0.8690535,1.0973809,-0.33468342,-0.7203004,0.35554498,21.29935,-0.55451506,-41.927845,-40.035316,3.9617496,3.6350818,-5.351155e-05,0.26442024
84,0.88758004,1.6568,0.84318995,1.48521,0.64346874,9.706631,1.240148,-0.6035513000000001,0.25413978,-0.46278977,1.7053432000000002,0.75000006,1.2073555,0.21122977,1.5747626,-0.2570898,-0.74993366,0.77959,46.154217,-0.8878865,-41.979523,-41.07703400000001,3.9584297999999993,4.2034917,0.11987057,0.3818913
85,1.35821,1.97464,0.51942,1.5897,0.54843575,8.781783,0.7736441999999999,-0.91024244,0.74669236,0.68975973,2.530537,-0.20016098,0.2853493,-0.17884767,2.0165129,-1.5534225,1.4291098999999998,1.6357049,94.64032,-1.3464413999999998,-41.941284,-3.2619975,3.4919260000000003,4.3079815,0.43786407,0.20336814
86,0.69812,1.76981,0.91698,1.7584901000000002,0.5677298000000001,24.303883,1.1954535,-0.7614460999999999,0.42926982,-0.26292798,1.6754751,0.7207601,1.3077265,0.4217298,1.3791459,-0.93869984,-0.66877645,0.750945,45.133774,-0.70058525,-41.970215,-39.66001,3.9137354,4.476772,0.44248354,0.24755648
87,1.39091,1.89241,1.89241,3.38168,-0.27273000000000003,23.539848000000006,1.3762931,-0.9882423,0.6192616,0.4618116,2.7043514,1.1545906,2.92905,1.0494716,2.1219687,-1.4980316,-0.26786807,1.6363149,98.552055,-1.3845657,-42.18184,-9.021221,4.094575,6.099961799999999,0.72038615,0.34947357
88,0.52941,1.4039198999999998,0.32156998,0.71765,0.6119933000000001,9.547362,0.80931777,-0.3353051,-0.13774526,-0.74089724,1.32802,0.42352962,0.65076673,-0.12206526,1.1421442,0.15343529,-0.57038,0.59215504,33.400166,-0.5294555999999999,-41.835106,-34.55806,3.5275996,3.4359317000000003,0.080795296,0.2
89,0.24318999,1.35,-0.013640016,0.23042,0.41740724,0.6269631,0.566082,-0.38608903,-0.22130425,-0.667867,0.62215745,0.5378504,0.03175296,0.18927576,0.74319,1.0576643,-0.43520123,0.08395502,4.597815,-0.23936294,-41.911045,-25.58616,3.2843637,2.9487019,-0.0013934504,0.053943124
90,1.04292,2.0,0.6512899999999999,1.33477,1.0656381,28.717743,1.7661,-1.0299629,0.7859924,0.079717755,1.8078716,0.8851899999999999,1.7796227999999998,1.1239723999999998,1.7181113999999995,-1.7859923999999998,-0.894178,0.9839051,52.243114,-0.99001586,-41.765224,-40.46655300000001,4.4843817,4.053052,0.2432774,0.80782646
91,0.24212998,0.68255,-1.12679,-2.0209801,0.69589067,-13.05077,0.57714385,0.3120417,-1.255643,-2.5836713,-0.22247826,-0.007621765,-2.2383409,-1.929613,0.7421300000000001,2.914373,-0.16608697,-0.691615,-36.15281,-0.22315387,-41.20275,-76.090416,3.2954257000000005,0.6973016,0.07027879,9.351128e-05
92,1.03478,1.6434801,0.68193,1.70367,0.68930775,6.768178999999999,1.1647344,-0.5088837,0.233498,-0.28633675,1.3338081,0.4130497,0.8469642,-0.070842,1.6017673,-0.40943798,-0.4741448,0.80652493,37.009724,-1.0411224,-41.771515,-29.784336,3.883016000000001,4.421952,0.1676326,0.31402844
93,0.17957,0.66253996,0.27864,0.14783001,-0.86606574,19.7982,-0.35896417,0.27473509999999995,-1.2866523,-1.350659,1.1518006,0.42413998,0.25160944,-0.5343324,0.8031191999999999,3.2618822999999995,0.031918213,0.34984,21.23658,-0.12739299,-42.00946,-3.667314,2.3593175,2.8661118,0.008100596,0.9070684
94,0.52123,1.45331,0.66214,1.4091699,0.20940894,2.4393456,0.4243956,-0.53711396,-0.061206087,-0.333557,0.94366086,0.5687599,0.77070665,-0.0068760887,1.1077868999999998,0.32606608,-0.29223606,0.40662503,19.58544,-0.520725,-41.79849,-15.604557000000002,3.1426773,4.127452,0.15021303,0.41046062
95,0.46342,1.0,-0.23725,-1.10865,0.79157,17.681057,0.79157,-0.3399473,-0.7636948,-1.5991766,0.44235,1.11973,-0.23725,-0.61957484,0.96342003,2.1894147,-0.8234248,0.00554502,-2.0934572,-0.8910155000000001,-42.05238,-47.869576,3.5098517,1.6096318,-0.013257808,0.5310253
96,1.10299,1.79299,0.25494003,0.39057004,0.5369055,20.107124,1.6157708,-1.3760185,0.4651916,-1.0469154,0.97654045,1.1897793,0.12244922,1.0546716,1.60299,0.31316835,-1.0879544,0.39403504,2.1650612,-1.2559956,-42.539906,-86.637344,4.3340526,3.108852,0.007835512,1.2951854
97,1.067,1.82683,0.49146003,0.66147,0.77610916,36.999943,1.7850688,-1.598676,0.5176331000000001,-1.1617607,1.0299040000000002,1.3900375,0.3645044,1.4245931,1.567,0.42961693,-1.183953,0.29739505,-5.33765,-1.1447778999999998,-42.717068,-96.22217,4.5033503,3.3797517,0.045457527000000005,1.3832886
98,-0.17916,1.0,1.0,2.0,-1.0,57.295776,-1.0,0.41368,-0.7636948,-0.7636948,0.84201,1.3289909,1.0,0.23630518,0.546095,2.7636948,0.6162564,-0.29968,10.637534,0.17916,-39.91589000000001,0.0,1.7182817,4.7182817,-2.0600486,0.46212652
99,0.70023,1.7907400000000002,0.66889,1.3509,0.81084895,19.395529,1.3266518,-0.590875,0.46170485,-0.22497296,1.5965942,0.8187499,1.1990428,0.44706485,1.3684642,-0.93427485,-0.74218845,0.767705,41.738934,-0.70347685,-41.900814,-39.34374,4.0449333,4.069182,0.23565781,0.3526095
100,-0.18382996,1.0,1.0,2.0,1.0,-10.532109,1.0,0.94853,-0.7636948,-1.7636948,-0.8900336999999999,0.5514717,1.0,-0.7636948,0.31617004,1.5798748,-0.014646053,-0.99265,-56.87465,0.18382996,-41.46745,-57.295776,3.7182817,4.7182817,0.16988227,0.8669796000000001
101,0.96564,1.96215,1.15487,1.9619601,0.8323124,56.7062,1.96215,-1.0305806,0.7273367,-0.42441314,1.9675595,1.03619,1.7002513,0.79108673,1.6966987,-1.6894866999999998,-1.0019125,0.96150494,54.32709499999999,-0.9648548,-41.89597,-65.9904,4.680432,4.6802416,0.6985675,0.47718817
102,0.0,0.0,0.0,0.0,0.0,0.0,0.0,0.0,-2.3133821,-2.3133821,0.5,0.0,0.0,-2.3133821,0.5,2.3133821,0.0,0.0,0.0,0.0,-28.647888,0.0,2.7182817000000004,2.7182817000000004,0.0,0.0
103,0.78784,1.63318,1.02776,1.60476,0.6826846,51.065037,1.5630187,-0.64316034,0.21753617,-1.0182694,1.7871621,0.9444895,1.1863071000000005,0.11509614,1.5188986,-0.78197616,-0.9688554,0.73529506,45.88684,-0.7933387,-41.957577,-70.80644000000002,4.2813005,4.323042,0.5800036999999999,0.37016118
104,-0.69317997,1.0,0.0,0.16288,0.28409,0.0,0.28409,0.06439,-0.7636948,-1.0477848,-1.0662868,0.45832825,0.0,-1.6121747,-0.19317997,1.7636948,-0.13257,-0.82576,-57.295776,0.70290637,-41.24263,-16.277159,3.0023718,2.8811617000000003,0.0,0.13747035
105,0.030309975,2.0,1.26571,2.11554,0.67919,54.13878,1.8898,-1.10104,0.7859924,-0.30907762,1.1294799999999998,1.779007,1.7492825,0.85866237,0.7613686,-1.7859923999999998,-0.29584903,0.12947999999999998,6.4737573,-0.027918678,-41.88657,-62.742886,4.608082,4.8338220000000005,1.3894708999999998,0.43389368
106,0.0,1.0,0.0,0.0,0.0,0.0,0.0,1.0,-0.7636948,-0.7636948,0.5,0.0,0.0,-0.7636948,0.5,1.7636948,0.0,0.0,0.0,-0.0,-41.26462,0.0,2.7182817000000004,2.7182817000000004,0.0,-0.0
107,0.8263,1.8408201,0.89964,1.49369,0.94944215,46.72977,1.8306772,-0.9064692,0.5393133000000001,-0.63776135,1.6899613000000002,0.8185501000000001,1.374191,0.45509332,1.5369947,-1.2584933,-0.9626188,0.7111751000000001,41.21408,-0.8260751000000001,-41.828697,-67.44141,4.548959,4.2119718,0.32709938,0.39498246
108,0.5473,1.0,0.0,0.0,0.10135,-0.0,0.10135,1.0,-0.7636948,-0.86504483,0.19366619,0.82432,0.0,-0.7636948,1.0473,1.7636948,-0.10135,0.0,0.0,-0.5473,-41.57576,-5.806927,2.8196318,2.7182817000000004,0.0,-0.27365
109,0.0255,1.9915,1.74046,2.16511,0.7719791,24.8873,1.9915,-1.1164186000000005,0.77282006,-0.53658587,0.9775595,0.40670013,1.765038,0.17509013,0.7498235,-1.4655201,-0.8923371999999999,-0.17704499,-1.4864426000000002,-0.3586765,-41.86829,-75.02343,4.7097816,4.883392,0.40879464,0.09047778
110,0.77273,1.0,0.0,0.0,0.65909,0.0,0.65909,-0.2803,-0.7636948,-1.4227848,1.37879,2.0,0.0,0.23630518,1.5037886,1.7636948,-0.65909,0.5,57.295776,-0.77273,-41.88657,-37.763073,3.3773718,2.7182817000000004,0.0,0.60296124
111,1.10344,1.8092,0.39924,0.71342003,0.68691796,17.637491,1.5610502,-1.3231678,0.49031213,-0.916445,1.021619,1.1915779,0.18639594,1.1975921,1.60344,0.3027878,-1.029559,0.41493994,4.381497,-1.1925179,-42.421787,-80.60124,4.279332,3.4317017,0.028376093,1.1885021
112,-0.100000024,1.0,0.0,0.0,0.42,0.0,0.42,0.64,-0.7636948,-1.1836948,-1.1700001,1.0,0.0,-0.7636948,0.39999998,1.7636948,0.58000004,-1.0,-57.295776,0.100000024,-41.45657,-24.064226,3.1382818,2.7182817000000004,0.0,-0.12599999
113,1.19804,1.9140401,0.6224201,1.0239501,0.8908408000000001,30.075912,1.9140401,-1.5720285,0.6527814000000001,-1.0028687,1.3111275,1.37323,0.41109726,1.6092514999999998,1.6980400000000002,0.17419851,-1.1161807,0.44614005,4.5840206,-1.2106262,-42.547688,-94.86176,4.632322,3.7422318,0.114589505,1.3475502
114,0.6114,0.27026999999999995,-0.72992,-0.76395005,0.91353,4.7107267e-08,0.24689974,0.729731,-1.8945482,-2.8080778,0.8378271,0.17527008,-0.72992,-0.98499817,1.11152,3.624308,-0.55289674,0.54179996,31.948503,-0.611402,-41.88657,-52.34139,2.9651816,1.9543316,1.1623868999999998e-08,1.0539452
115,0.42858,1.33333,0.45238,0.57473004,0.19679679,0.9396473,0.28571928,-0.32806584,-0.24713752,-0.47195584,1.1592953,0.35713959999999995,0.47069037,-0.22332752,1.0053481,0.6995175,-0.16893670000000002,0.5,28.581562,-0.428472,-41.865513,-12.88114,3.0040011000000004,3.2930117,0.0061896825,0.16617084
116,0.63935,2.0,1.29508,1.40984,0.8548796000000001,17.846487,2.0,-1.017177,0.7859924,-0.2998824,1.5049707,0.70491004,1.434828,0.8023824,1.3013298999999998,-1.7859923999999998,-0.99973136,0.68033,36.88261,-0.63935,-41.792103,-62.216038,4.7182817,4.128122,0.016133841,0.37376413
117,0.84572,1.88627,0.75134,1.4542799,1.0612128,28.768845,1.8519776,-0.8569179,0.6097465,-0.31021136,1.60583,0.75170994,1.3261,0.5993364999999999,1.5154004,-1.1820563999999998,-0.9835866,0.7958049,42.35562,-0.8459911,-41.896793,-52.7097,4.570259,4.1725616,0.18300466,0.4334778
118,-0.09710997,0.21175998,-0.31230003,-1.49789,0.2717761,-3.4476156,0.08319203,0.99859786,-1.9852202,-2.708969,-1.056135,-0.8027191,-0.5793958,-2.01412,0.40289003,4.2499704000000005,0.42520183,-1.3590798000000002,-73.32106,0.034228794,-41.1903,-41.46776,2.8014739,1.2203918,0.07694492,0.45307732
119,0.80889004,2.0,1.1866701000000002,1.98667,0.6822199999999999,42.039368,1.73778,-1.06444,0.7859924,-0.2828976,1.9314011,1.0446103,1.6046425,0.80344236,1.5399486999999998,-1.7859923999999998,-0.86916417,0.93111,52.47978199999999,-0.8089924,-42.05101,-61.24288000000001,4.456062,4.704952,0.5898293000000001,0.41786137
120,-0.32728,1.58182,0.41818,0.12726998,0.4839645,5.058115,0.690243,-0.6042390000000001,0.1379442,-0.4702794,0.0042919703000000005,0.05455017,0.41818,-0.20750578,0.20449463,-0.33794420000000003,0.21190959,-0.46364003,-31.411234000000004,0.32295278,-41.819317,-34.848644,3.4085248,2.8455517,-0.007329653,0.08485987
121,0.56604004,2.0,1.00112,1.94452,0.999514,54.53985,2.0,-1.0004978,0.7859924,-0.26618826,1.23585,0.45283008,1.3279226,1.5407124,1.1951265,-1.7378924,-0.99252486,0.43396497,26.403776,-0.5208708,-41.451702,-60.285507,4.7182817,4.6628017,0.58212775,1.2084405
122,0.30952,0.23809999,-0.5,-1.2381,0.6695084,-4.035605,0.17574160000000005,0.7937778,-1.9444015,-2.7002797000000003,1.0899625,0.14284992,-0.21429,-2.2301216,0.9207249,3.5396316,-0.717691,0.24999505,17.523308,-0.30952,-42.16663,-43.30862800000001,2.8940234,1.4801817,0.02541289,0.08228343
123,0.33333,1.5833298999999998,0.39582998,0.9999899,0.49999937,2.4805580000000003,0.6927068000000001,-0.58333,0.14028408,-0.2880482,0.9908806,0.25000998,0.5368891,0.05695408,0.9158994,0.026385948,-0.4375,0.31249994,18.861422,-0.33129537,-41.822384,-24.541632,3.4109886,3.7182717,0.0386719,0.102644205
124,0.0,1.0,-0.20301,0.082700014,1.0,-35.54057,1.0,-0.8909799999999999,-0.7636948,-1.4779848999999998,0.5,-0.060149968,-0.20301,-0.3088048,0.5,1.1433948,-1.0,-0.25752,0.95489,-0.4052979,-41.40913,-40.9258,3.7182817,2.8009818,0.08377772,0.0
125,1.04033,1.9361401000000005,0.49103,1.10496,1.035103,10.3191395,1.8435345,-0.7253586,0.6870295,-0.13456059,1.3531494,0.18214989,1.1869084,0.7197295,1.6704147,-1.0908995,-0.9812351,0.8474950000000001,40.799892,-1.1135986999999998,-41.760193,-47.07364000000001,4.561816,3.8232417,-0.039780818,0.91274965
126,1.54719,1.82809,1.6856401,3.44765,-0.10461092,8.499821,1.0939290000000002,-0.7482800000000001,0.5195856,0.8056255999999999,2.6982372000000003,0.68707275,1.3422813,1.1634656,2.2752576,-1.2143756,0.50774336,1.6786301,96.390144,-1.360239,-41.8983,16.388884,3.8122108,6.165931700000002,1.9199959,1.5088785
127,0.99529,2.0,1.05318,1.9997499,0.909286,49.241646,1.91764,-1.0259858,0.7859924,-0.22394776,1.98985,0.94852,1.8112149,0.8286924000000001,1.7216436000000002,-1.7648823,-0.9573762,1.00355,56.43722,-0.99525124,-41.8738,-57.865303,4.6359214999999985,4.718032,0.6770935,0.46576214
128,0.6886899999999999,0.66328,0.66328,1.3634,0.0,-0.0,0.0,0.65057,-1.2855054,-0.6298554,1.77827,-1.8526,0.66328,-1.0237454,1.18869,2.8026552,0.0,-0.13024000000000002,0.0,-0.6886899999999999,-40.91579,37.565975,2.7182817000000004,4.0816817,0.03198765,1.4298698
129,0.97105,2.0,1.04744,2.02163,0.92263955,53.32753,1.93866,-1.034815,0.7859924,-0.20893806,1.99237,0.9849701,1.9504297,0.80783236,1.7021086,-1.7859923999999998,-0.96936876,0.99237,55.88928000000001,-0.971025,-41.888355,-57.005314,4.656942,4.739912,0.7099299,0.49770704
130,-0.05405,1.98919,1.40541,2.47568,-0.12036666,0.0,0.0,-0.91621995,0.76924026,0.83951026,1.94595,1.0108099,1.378924,0.55302024,0.6770086,-1.7584302,-0.007888596999999999,0.94595003,54.19894,0.05405,-41.95414,4.0261745000000015,2.7182817000000004,5.193962,1.0080538,-0.08774369
131,0.22978,1.34146,0.28333,0.47845,0.6511445,1.9111539,0.86017096,-0.33228093,-0.23453863,-0.8757585999999999,0.93412066,0.26829004,0.3376904000000001,-0.33209863,0.7964531,0.6560986,-0.6417094,0.27855998,17.170085999999998,-0.23012236,-41.854748,-36.739197,3.5784526,3.1967318,0.012367125,0.08387697
132,0.0,2.0,1.27778,3.2777800000000004,1.0,0.0,2.0,0.0,0.7859924,0.7859924,0.5,0.0,1.27778,-1.2140076000000002,0.5,-1.7859923999999998,-1.0,0.5,-1.0,0.0,-40.88657,0.0,4.7182817,5.996062,1.4621171999999998,-0.0
133,0.67347,1.46939,0.14286,0.30612,0.26030833,3.4771557,0.5097902,-0.7450631999999999,-0.036287084,-0.62087315,0.5137483,0.6734705,0.16368677,0.3106529000000001,1.17347,0.852607,-0.41774353,0.122449994,-4.6770544,-0.71638596,-42.16224,-33.494312,3.228072,3.0244017000000003,0.002087617,0.67755103
134,0.0,2.0,0.0,1.23288,0.0,0.0,0.0,0.0,0.7859924,1.0188724,0.5,0.74658,0.0,-0.4674276,0.5,-1.7859923999999998,0.0,0.5,0.0,0.0,-40.88657,13.34304,2.7182817000000004,3.9511619,0.9013075,-0.0
135,1.13235,1.91176,0.82351995,1.2058699,0.87175626,32.83773,1.7149633000000002,-1.5160955,0.64924794,-0.8071949,1.0764486,1.2352905,0.5601149999999999,1.502188,1.63235,0.29928213,-1.0214087,0.297795,-3.1854515,-1.077,-42.515873,-83.44802,4.4332449999999985,3.9241517,0.13915282,0.92454344
136,-1.01703,1.22222,1.1633999,1.32027,-0.6216363,53.92564,-1.22222,0.52163,-0.41932338,-0.4387675999999999,0.5782984,1.0653725,1.7472322,0.9009467,-0.51703,0.2559234,0.7451262,-1.1412101,-44.08297,1.1415999,-42.59639,-1.1140727,1.4960618,4.038551999999998,-0.32909077,-0.0051269755
137,0.23334001,1.53333,0.53333,0.93333006,0.26667,2.6738362,0.40889308,-0.5256261,0.062799804,-0.23468104,0.841675,0.71667004,0.71055263,-0.0538702,0.8118525,-0.29612982,-0.23778272,0.38334,10.317938,-0.23352522,-41.771034,-17.044395,3.1271749,3.6516118,0.096726865,0.18323311
138,0.017479997,0.72696996,-0.27405003,-0.27571002,-0.26667008,-1.2018511e-05,-0.19386107,0.2730349,-1.186806,-1.1868063,0.47634774,-0.052760124000000005,-0.27405167,-1.0403359,0.517825,2.4609761000000003,0.0031863481,-0.048174977,-2.4713855,-0.017481303,-41.886562,-1.8071089e-05,2.5244207000000003,2.4425716,-1.1613589e-09,0.10290427
139,0.62162,1.6486499,0.51351,1.18919,1.0693958,15.23424,1.6486499,-0.81359845,0.24150969,-0.79147756,1.2505499,0.64865017,0.6715585000000001,0.4847597,1.2722069,-0.64691967,-0.9408343,0.32432497,21.057955,-0.62162,-41.65564000000001,-59.18580600000001,4.366932,3.9074717,0.14364497,0.80932343
140,0.95703,0.0,-1.3476601,-2.3515701,0.59765,-48.39256,0.0,0.9839774,-2.3133821,-3.2619,-1.0268058,-0.94141006,-2.780635,-2.5985422,1.4570299999999998,5.246972,-0.9425014000000002,-1.011725,-56.798523,-0.95682955,-40.30664,-54.346066,2.7182817000000004,0.36671162,0.5588456999999999,0.21430287
141,0.97919,1.93757,0.96127,1.9115599,0.9293064,49.664433,1.8446053,-0.9325668,0.6892454,-0.2666713,1.9168924,0.95838004,1.8729894,0.6955954000000001,1.6974485,-1.5649654,-0.95150065,0.95838505,53.40835600000001,-0.97921443,-41.85432,-54.76999,4.562887,4.629842,0.6770685000000001,0.4711844
142,0.25,2.0,1.5033299999999998,2.15673,0.49667,57.295776,2.0,-1.25712,0.7859924,-0.5606076999999999,0.38889,0.08334017,1.8061304,-0.07511759,0.75,-1.7859923999999998,-1.0,-0.02777502,-7.3661337,-0.27292836,-40.88657,-77.154495,4.7182817,4.8750114,0.49582514,-0.07041001
143,0.0050799996,1.24138,0.24304001,0.22810002,0.3103401,1.5434056e-06,0.38524985,-0.24137078,-0.38963133,-0.6999675999999999,0.41802827,-0.058080196,0.24304338,-0.5139213,0.50508,1.1485313999999998,-0.3072267,-0.060449988,-3.9557085,-0.0050814273,-41.886578,-17.780958,3.1035316,2.9463818,7.990185e-09,-0.013184957
144,0.54902,1.7254900000000002,0.96077996,1.29411,0.5167248999999999,10.808613,1.0826586,-0.7871491999999999,0.36058772,-0.31824404,1.2831683,0.6078501000000001,1.045365,0.4194177,1.1919812,-0.7527477,-0.63206327,0.5490251,28.803963,-0.5449039999999999,-41.835194,-38.89419,3.8009405,4.0123916,0.0987607,0.3296471
145,0.31732,1.46667,0.46940002,0.53168,0.24999931,0.002712127,0.3666675,-0.46759665,-0.04050223,-0.2908945,0.80310833,0.27402973,0.46913683,0.3244778,0.8173199999999999,0.59109217,-0.21697965,0.215455,12.32322,-0.31738448,-41.88679000000001,-14.346420000000002,3.0849493,3.2499619,3.7522568e-05,0.2188634
146,0.6875,1.0625,0.0625,0.03125,-0.65625,-0.0,-0.6972656,-0.0625,-0.66683936,-0.66683936,0.5566406,0.21875,0.00390625,-0.47933936,1.1875,1.6043393999999995,-0.001953125,0.046875,3.6220016,-0.6875,-41.88071,0.0,2.0210161,2.7495317000000004,-0.0,0.3125
147,0.88649,2.0,0.95676,1.8919001,1.04324,56.057045,2.0,-1.0319617,0.7859924,-0.2779311,1.934351,0.9946003,1.9669023,0.7805924,1.6175486,-1.7859923999999998,-0.9901834,0.92973495,52.579575,-0.8864470999999999,-41.897224,-60.95831999999999,4.7182817,4.610182,0.57825047,0.44982997
148,1.9147301,2.0,2.0,4.0,-0.14728999,39.38826,1.7054200000000002,-0.96124,0.7859924,0.9332824,2.998558,0.7570800999999999,4.23298,0.6315124,2.6457887,-1.7859923999999998,-0.12424004,2.0,113.738846,-1.9142888,-42.04936,8.439095,4.423702,6.7182817,0.3526172,0.5423566
149,0.94652003,2.0,1.01604,2.08021,0.8880431000000001,49.30903,1.80748,-1.0155546999999998,0.7859924,-0.055519402,1.967905,0.98396,1.9305685,0.8448124,1.6712227,-1.7752924,-0.90348274,0.999995,55.47244,-0.94652003,-41.91768,-48.215073,4.525761599999999,4.7984915,0.75275964,0.5451852
150,0.64,1.23,-0.101759985,-0.16279998,-0.070819676,2.037473,-0.25215,-0.34143212,-0.4072667,-0.3396677,0.20862499,0.7975005999999999,-0.18657523,0.047733277000000005,1.14,0.8781867,0.0134937465,0.12375,-9.330038,-0.6694472,-41.615257,3.873137,2.4661317000000005,2.5554817,0.0018546592,0.18643865
151,0.76667,1.63333,0.6333300000000001,1.23333,0.6,16.692154000000002,0.97999805,-0.6333300000000001,0.21776856,-0.38223147,1.6666651,0.8333299000000001,1.11333,0.31776857,1.4422057,-0.6177685,-0.5955550999999999,0.83333504,45.39662,-0.76667,-41.952503,-34.37747,3.6982799,3.9516117999999993,0.2461342,0.40889192
152,-0.0055799996,1.06704,0.072629996,0.0838,0.058394533,0.0007866465,0.062592566,-0.07483465,-0.6598038,-0.7219281,0.41497305,-0.016770005,0.07380068,-0.6234938,0.49442,1.5648339,-0.05794244,-0.03771001,-3.3647392,0.00560486,-41.87993,-3.5594597,2.7808743,2.8020818,0.0,0.006964070699999999
153,0.83721995,1.7255398999999998,1.27643,2.15445,0.6690136,0.6891568,1.6332753,-0.58966196,0.3606651,-0.5187212,1.7761202,1.4154396,1.6885625,2.033935,1.33722,0.22230497,-0.7290466999999999,0.32395494,17.89551,-0.77462614,-41.84217,-50.385124,4.351557,4.8727317,0.3712114,0.45994294
154,-0.031610005,0.97414,-0.01437,-0.034489997,0.05512831,-0.003694423,0.053188045,0.025290305,-0.8037696999999999,-0.8587661,0.5767395000000001,-0.008630037,-0.0179373,-0.7376796999999999,0.47341734,1.8669896,-0.054467577,0.037355006,3.7912278,0.031568367,-41.886593,-3.1510584,2.7714698,2.6837916,-5.1087074e-05,-0.016423669
155,0.7921199999999999,1.7970400000000002,0.74187,1.58818,0.76773256,22.527935,1.3013085,-0.8047270000000001,0.47146785,-0.23960024,1.6413422,0.84335005,1.3590664,0.48131785,1.4733891,-1.0162878,-0.7242001,0.798525,43.018906,-0.79212993,-41.867348,-40.7412,4.0195904,4.306462000000002,0.35909396,0.40506962
156,0.0014300010999999998,1.0042799999999998,0.0271,-0.031389999999999994,0.038845643,0.005821822,0.038684864,-0.0047928295,-0.7570621999999999,-0.79689264,0.50956553,-0.062759995,0.027083756,-0.7841621999999999,0.5067798,1.7014222,-0.038576916,-0.0021350384,0.08193302,-0.0014354335,-41.889362,-2.2821155,2.7569666,2.6868918,9.572704e-05,0.010690202
157,0.49471,1.42328,0.80423,1.37831,0.36911017,0.9305419,0.6702226,-0.40399185,-0.10774322,-0.56701344,1.2185719,0.6111088000000001,0.94998765,0.68590677,0.99470997,0.83261317,-0.39279532,0.23148,18.989647,-0.4948785,-41.88203,-26.314243,3.3885043,4.096592,0.06016402,0.21453320000000006
158,0.04348001,1.13959,0.14187999,0.10297999,0.08669276,0.08437761,0.09909875,-0.14055862,-0.54737395,-0.64576524,0.60200065,0.13959026,0.15100613,-0.51076394,0.57262194,1.295654,-0.07376438,0.037754953,1.9536561,-0.04324168,-41.87669,-5.637406,2.8173804,2.8212616,-0.0008484063400000001,0.04052029
159,0.21573001,1.48263,0.85923004,0.57586,1.0245700999999998,28.534388,1.3986094,-0.22992995,-0.015769258,-1.1458778,2.586151,0.5246811,0.9907175,1.2657708,0.83797544,-0.18167077,-0.342488,0.64443004,73.59952,-0.21573001,-42.62928400000001,-64.75045,4.116891000000002,3.2941418,0.15678988,0.045657385
160,0.02256,1.0409,0.0409,0.08462,0.01975,0.0,0.020557776,-0.04087414,-0.7003126000000001,-0.7189503,0.5804363,0.057829976,0.040721,-0.7144126000000001,0.5334883,1.6410726000000002,-0.019272745,0.043015003,3.1516578,-0.022563888,-41.88732,-1.0678604,2.7388396,2.8029017000000005,-2.6241234e-05,0.0013980547
161,0.80135,1.81927,0.79687,1.57133,0.87507594,35.43140800000001,1.5597694,-0.72083056,0.50591743,-0.32252616,1.7784356,0.8976898000000001,1.3700815,0.37596744,1.5084312,-1.2303374,-0.8581721999999999,0.83906,47.42412,-0.8015595999999999,-41.90195,-47.46632,4.278051400000002,4.289612,0.4750605,0.3575526
162,2.0,2.0,2.0,2.0,2.0,57.295776,2.0,-2.0,0.7859924,0.7859924,0.0,-4.0,2.0,-0.21400762,2.5,-1.7859923999999998,1.0,0.0,1.0,0.0,-39.88657,0.0,4.7182817,4.7182817,-0.0,0.0
163,0.5627800000000001,1.38887,0.74117,0.6274,0.89160043,24.55996,1.1834421999999998,-0.03052342,-0.16106795,-1.2357372,2.8467655,0.8691635,1.0022287,1.515892,1.1334145,0.12570797,0.01959157,0.6657900999999999,73.6964,-0.5694235,-42.637054,-61.57401,3.9017239,3.3456817,0.1176973,0.15281345
164,0.0,2.0,0.0,-0.94375,1.0,17.90493,2.0,-0.96875,0.7859924,-0.21400762,1.0,2.0,0.0,1.2984924,0.7310585999999999,-1.0984923999999998,1.0,0.0,0.0,0.48125,-42.86157,-57.295776,4.7182817,1.7745316999999998,-0.21560517,1.1910938
165,0.50979996,1.62745,1.35294,1.2549,1.0853539,39.342823,1.62745,-0.08112794,0.2086564,-1.1009206,3.20396,1.0392189,2.014223,2.3263063,1.0971303,-0.58120644,-0.11765003,0.67647,78.47851999999997,-0.5202488000000001,-42.979206,-75.03323,4.3457317,3.973181700000001,0.12538306,0.25107437
166,1.0,0.0,-2.0,-4.0,-1.0,-0.0,0.0,2.0,-2.3133821,-3.313382100000001,0.0,3.0,-2.0,-1.3133821,1.5,5.313382,0.0,1.0,0.0,-1.875,-41.88657,-57.295776,2.7182817000000004,-1.2817183,0.0,-0.0
167,0.66666996,1.53695,0.75917,0.75917,0.56789654,6.6018690000000015,0.68308204,-0.22988641,0.06840972,-0.5807393,2.2365556,0.55556107,0.9651368,1.6427096999999995,1.16667,-0.3831397,0.66666996,0.38889,45.007946,-0.66666996,-42.60306,-37.1935,3.4013638,3.4774517999999994,-0.0,0.35634455
168,0.0,0.0,0.0,0.0,0.0,0.0,0.0,0.0,-2.3133821,-2.3133821,0.5,0.0,0.0,-2.3133821,0.5,2.3133821,0.0,0.0,0.0,0.0,-28.647888,0.0,2.7182817000000004,2.7182817000000004,0.0,0.0
169,1.25,2.0,1.25,2.10863,0.8312674999999999,28.647888,2.0,-0.9105721,0.7859924,-0.09401131,2.125,1.0327702,2.1223488,0.92809236,1.9291787,-1.7859923999999998,-0.82105,1.3203348999999998,70.7505,-1.2585928,-41.766773,-50.420494,4.7182817,4.826912,0.4707816,0.4203525
170,1.0,1.0,1.0,-1.0,-1.0,0.0,-1.0,-2.0,-0.7636948,-1.7636948,-0.5,-1.0,1.0,-0.7636948,1.5,-0.23630518,0.0,0.5,-1.0,1.0,-27.647888,-57.295776,1.7182817,1.7182817,0.0,4.0
171,1.11111,2.0,1.11111,2.0,0.88889,25.465046,2.0,-1.1003846000000002,0.7859924,-0.21400762,1.7530892,0.77778006,1.88889,0.6748824000000001,1.7963113999999998,-1.4526625,-0.9629637,1.0,50.151867,-1.11111,-41.786186,-57.295776,4.7182817,4.7182817,0.3369519,0.51234543
172,0.0,0.0,-1.0,0.0,0.0,-0.0,0.0,0.0,-2.3133821,-2.3133821,0.5,-2.0,-1.0,-3.313382100000001,0.5,3.313382100000001,0.0,-0.5,0.0,-0.0,-28.647888,0.0,2.7182817000000004,2.7182817000000004,-0.5,0.0
173,1.09091,2.0,0.90909,1.7272699,1.09091,57.295776,2.0,-1.0,0.7859924,-0.39582765,2.09091,1.0,1.5041277,0.42235237,1.8219686,-1.7859923999999998,-0.9669415,1.09091,61.50453,-1.10218,-41.88657,-67.713295,4.7182817,4.445551999999998,0.8212796999999998,0.14875783
174,0.3447,1.0,-0.17803,0.31818002,0.6515552,-5.9771519999999985,0.62121,0.101471074,-0.7636948,-1.3039242,0.68325484,1.26515,-0.41212612,0.2893352,0.84943485,2.339455,-0.62121,-0.028409988,0.8592851,-0.2889455,-41.781197,-30.952862,3.3394918,3.0364618,0.23865573,0.15228958
175,1.41176,2.0,0.58824,2.05883,1.41176,57.295776,2.0,-0.76471,0.7859924,0.25658238,2.4117599,0.8235283000000001,1.9688619,0.7859924,2.1428185,-1.7859923999999998,-0.87889725,1.4117598999999998,79.887886,-1.41176,-41.88657,-30.332956,4.7182817,4.777112000000002,0.64255756,0.7287756
176,0.59043,0.0,-0.29255003,-0.54787004,0.4779037,0.0,0.0,1.0692619,-2.3133821,-2.1218922000000005,0.86968005,-1.6968098000000005,-0.11506997,-4.531472,1.09043,4.1431723,0.56225044,0.44947004,14.933573,-0.59043,-41.742954,10.971568,2.7182817000000004,2.1704116,0.0,-0.11780851
177,1.125,1.8333299,0.66665995,1.37499,1.0347273,32.825695,1.6805586,-0.7984121999999999,0.5277059000000001,-0.38896412,1.7534773,0.95833015,1.51041,0.5693659000000001,1.7857571,-1.1110358,-0.8854200000000001,0.9999999,51.872017,-1.1217446000000002,-41.67708,-52.52132,4.3988404,4.093271700000002,0.33982640000000003,0.29759592
178,0.0,1.0,0.06571,0.091350004,0.17484298,-0.04289292,0.1859,0.0,-0.7636948,-0.94959486,0.5,-0.07533,0.04180602,-0.95440483,0.5,1.8149748,-0.1859,0.05769002400000001,0.0,-0.0,-41.88657,-10.651285,2.9041817,2.8096318,-0.0,0.0
179,0.70198,2.0,1.74785,1.5073199,0.7814708,22.594498,2.0,-1.1671438,0.7859924,-0.44887006,1.3497053,0.83763885,1.8041669,0.9832424,1.3971708,-1.3742823999999998,-1.0520432,0.5431699999999999,29.24604,-0.59750193,-41.817276,-70.7524,4.7182817,4.2256017,-0.12238826,0.58631706
180,-0.47807,0.0,-0.83772004,-0.14035004,0.8654780000000001,-17.088465,0.0,1.0701799,-2.3133821,-2.9668922,-0.6883706,0.49562073,0.12194836,-1.2563622,0.02193001,4.611632299999999,-0.2730844,-0.710525,-47.594685,0.44272426,-41.42604,-37.443363,2.7182817000000004,2.5779316000000003,-0.14258637,1.3966395
181,0.5978600000000001,1.99815,1.32496,1.12075,0.94002056,7.3018656,1.99815,-1.068474,0.78312546,-0.32225114,0.9906993,0.59158134,1.3751377,0.87470543,1.2458943,-1.3130355,-1.0012234,0.37315,16.994057,-0.558933,-41.858524,-63.333412,4.7164316,3.839031700000001,-0.04558426,0.57279664
182,0.0,1.0,0.0,-1.0,-1.0,57.295776,-1.0,-2.0,-0.7636948,-0.7636948,0.5,2.0,0.0,-0.7636948,0.5,-1.2363052,0.0,0.5,0.0,0.0,-27.647888,0.0,1.7182817,1.7182817,-0.5,-0.0
183,0.591,1.96419,1.5611,1.04303,0.96698153,2.6123316,1.8119063,-0.9911101,0.7304980999999999,-0.23850119,0.7214104,0.4776497,1.8755219,0.5990880000000001,1.1909028,-1.0297781,-0.983579,0.32801998,9.673962,-0.55553013,-41.85047,-55.51956600000001,4.530188,3.7613118,-0.06480739,0.39703116
184,0.0,0.4930600000000001,-0.50694,1.1909801000000002,-1.0,0.0,-0.4930600000000001,0.50694,-1.5492933,-1.2159632,0.72717,-1.2222328000000002,-0.50694,-2.5492932999999995,0.7310585999999999,3.0562334,0.0,-0.38020998,1.0,-1.0,-42.2199,19.098402,2.2252216,3.9092617,0.0,2.0
185,0.55696,1.5,1.1687801000000002,1.2278601,0.8445923000000001,18.594397,1.262655,-0.0231736,0.011148785,-1.0295709000000002,2.6736214,1.0021095,1.745125,1.8318188,1.0974834,-0.025918756,-0.14968938,0.54641503,63.586216,-0.5653629,-42.577156,-59.628845,3.9809368,3.9461417,-0.047377683,0.13698165
186,-2.0,1.0,1.0,0.0,1.0,-57.295776,1.0,1.0,-0.7636948,-1.7636948,0.5,-1.0,1.0,-1.7636948,-1.5,0.7636948,-1.0,-0.5,-57.295776,1.0,-40.88657,-57.295776,3.7182817,2.7182817000000004,0.2689414,-1.5
187,0.66666996,2.0,1.33333,2.3333302,0.66666996,19.098402,2.0,-0.80764997,0.7859924,-0.021657586,2.0,2.9253616,1.99999,3.7113523,1.16667,0.21400762,-1.0,0.5,1.0,-0.66666996,-41.88657,-46.274933,4.7182817,5.051612,2.6564186000000003,0.22222108
188,-1.0,-1.0,-1.0,1.0,-1.0,-0.0,1.0,0.0,-3.863069,-2.863069,-2.0,-2.0,-1.0,-6.863069,-0.5,4.863069,0.0,-1.0,-58.295776,1.0,-26.647888,57.295776,3.7182817,3.7182817,0.0,-2.0
189,1.2210801000000002,2.0,0.0,1.58986,2.0,57.295776,2.0,-0.60504997,0.7859924,0.3758524,2.049205,0.44480038,2.97962,0.4979024,1.9521387,-1.7859923999999998,-1.0594108,1.2210801000000002,68.96273000000001,-1.3449236,-41.88657,-23.499289,4.7182817,4.3081417,0.18717702,0.6522076
190,0.0,0.0,-1.0,-2.0,-1.0,-57.295776,-0.0,0.0,-2.3133821,-3.313382100000001,0.5,0.0,-1.0,-2.3133821,0.5,1.3133821,0.0,0.0,1.0,-0.0,-28.647888,-57.295776,2.7182817000000004,0.71828175,-0.0,0.0
191,0.08412002,1.5826399,0.85059,0.61395,0.6458901999999999,0.073285915,1.0278771,-0.5825188,0.13921483,-0.5101680000000001,0.4455842,0.32861996,0.94010615,-0.009305194,0.6078846,0.21258520000000006,-0.6721648,-0.021619976000000003,-6.8240466,-0.07450627,-41.8867,-37.206894,3.7461588,3.3322318,-0.0034286312,0.077792235
192,0.0,1.0,-0.90625,-1.03125,-0.179365,0.0,0.0,-0.01388986,-0.7636948,-0.7636948,0.20312002,0.64584,-0.94173187,-0.28452483,0.5,1.9303648,-0.0,-0.01562503,-11.33998,0.0434029,-41.83665,0.0,2.7182817000000004,1.6870317,0.0,0.0
193,1.10269,1.9936299,0.70887,1.2069398999999998,1.0515018,10.191465,1.9936299,-0.81349957,0.7761208,-0.13371688,1.3486248,0.5001297,0.90461683,0.8381808000000001,1.7309921,-1.2255707,-1.0155337,0.81216,37.793602,-1.1333755,-41.84201,-52.129856,4.7119117,3.9252217,0.026393257000000003,0.75097775
194,0.0,0.0,0.0,0.0,2.0,-47.519398,0.0,1.7619,-2.3133821,-2.3133821,0.06476328,-0.6825409,0.0,-3.313382100000001,0.6656086999999999,5.313382,-1.0,-1.155805,-16.853935,0.64323443,-41.76147,0.0,2.7182817000000004,2.7182817000000004,-0.0,0.0
195,0.52994,1.60761,0.64401996,1.4781599,0.90543526,34.068012,1.5058322,-0.5285138,0.1779106,-0.7142861,1.3316116000000002,0.98542976,1.4029415,0.43034062,1.2302365,-0.5363306,-0.7428629,0.52144504,24.7774,-0.53066236,-41.7877,-51.11910200000001,4.224114,4.1964417,0.33815017,0.95823956
196,2.0,2.0,2.0,2.25,0.0,57.295776,2.0,0.0,0.7859924,0.7859924,2.5,0.5,6.0,1.7859923999999998,2.7310586,-1.7859923999999998,-1.0,2.0,113.59155,-2.0,-41.88657,0.0,4.7182817,4.9682817,-0.0,4.0
197,0.89599,2.0,0.90758,1.97368,1.0892066,57.080345,2.0,-0.7322659,0.7859924,-0.15039432,1.8634608,1.0294499,1.6225286,-0.10498768,1.6219059999999998,-1.7822324,-0.99631804,0.87359,48.846752,-0.8969040999999999,-41.86155,-53.65100500000001,4.7182817,4.691962,0.8627611999999999,0.013746497
198,2.0,0.0,-1.0689499,-0.07655996,0.36877033,-0.076441444,0.0,0.98667216,-2.3133821,-2.6477122000000004,-0.12825263,-0.6408385999999999,-1.0716603,-3.904632,2.5,4.433142,1.4243699,0.428285,49.11353,-1.9677272,-41.85595,-19.155697,2.7182817000000004,2.6417217,-0.10897105,0.0
199,0.90498,1.80804,0.5,1.5248700000000002,1.10651,41.314056,1.4436657,-0.60141003,0.48851445,-0.2850856,1.9376712,0.9426098,1.2328055,0.33801445,1.6360385,-1.1996145,-0.7910022,0.92219496,52.12672,-0.90382826,-42.1844,-44.324017,4.1619473,4.2431517,0.6063710999999999,0.35001796
200,0.0,0.0,1.0,3.0,0.0,0.0,0.0,0.0,-2.3133821,-1.3133821,2.0,1.0,1.0,-2.3133821,0.7310585999999999,1.3133821,-0.0,1.0,57.295776,0.0,-29.647888,57.295776,2.7182817000000004,5.7182817,-1.0,0.0
201,0.6490600000000001,2.0,1.87327,1.45032,0.8777946,15.357792000000002,2.0,-1.1741719,0.7859924,-0.42312264,1.0834768,0.8710804,1.9727759,0.8010924,1.3138223,-1.3306425,-1.0316724,0.445445,18.359505,-0.572346,-41.80037700000001,-69.27718,4.7182817,4.168602,-0.18238579,0.48953265
202,-0.85,1.0,1.0,1.0,0.0,-0.0,0.0,-0.0,-0.7636948,-0.7636948,1.0,0.0,1.0,-0.7636948,-0.11894143,2.363695,0.0,1.0,57.295776,0.85,-40.88657,-0.0,2.7182817000000004,3.7182817,0.0,-0.425
203,1.0,1.95455,0.86364,1.68183,1.0785135,40.2492,1.95455,-0.95455,0.7155590999999999,-0.32604623,1.7954599999999998,0.95453995,1.77273,0.5791891,1.7034206000000005,-1.4428391,-1.0,0.93182003,48.573837,-1.0001878,-41.80335,-59.67959000000001,4.6728315,4.4001117,0.40472755,0.4132223
204,0.0,-1.0,-1.0,-0.3125,0.0,0.0,-0.0,1.0,-3.863069,-3.5505690000000003,3.0,-2.0,-1.0,-2.863069,0.7310585999999999,4.863069,2.0,1.0,114.59155,1.0,-27.647888,17.90493,2.7182817000000004,2.4057817000000004,-0.0,0.0
205,1.0,1.97059,0.94118,1.94118,0.93857485,39.315384,1.7967051,-1.1341124,0.74041605,-0.14409173,1.7361699000000002,0.9705901,1.997404,0.9462961,1.6823754000000002,-1.5933561,-0.9169502,0.95588994,48.0123,-0.9984735,-41.695797,-50.67856,4.5149870000000005,4.659462,0.51529115,0.640135
206,0.0,0.0,0.0,-1.23476,-1.14939,57.295776,-0.0,2.0,-2.3133821,-2.078622,-0.25404,4.0,2.29878,-0.16094208,0.5,5.313382,0.0,1.3429898999999998,38.303753,-1.15244,-41.20059000000001,13.450756,2.7182817000000004,1.4835216999999998,0.9543669,0.359179
207,0.71036,1.83781,0.7564,1.41546,0.520424,8.033464,0.8705338,-0.83781,0.53464866,0.09862384,1.6146261999999998,0.7199,1.1435118999999998,0.52617866,1.384177,-1.0754687,-0.474311,0.78817993,42.695404,-0.7101741,-41.91358,-24.98238,3.5888157,4.133742,0.23492938,0.35704654
208,1.0,1.0,0.80769,0.80769,-0.006409999999999999,0.0,-0.006409999999999999,-0.0,-0.7636948,-0.7636948,0.97115993,-0.7435913000000001,0.80769,-1.5072849,1.5,2.109845,1.0,0.8237200000000001,37.095573,-1.0,-42.103527,0.0,2.7118719,3.5259720000000003,0.0,0.0
209,1.6363598999999998,2.0,0.9225,2.19523,1.0563635,57.295776,2.0,-1.0,0.7859924,0.058722377,2.499995,0.7272682,1.46795,1.3314423999999998,2.3491737999999995,-1.7859923999999998,-0.30578858,1.499995,87.91139,-1.6138202,-41.79566,-41.6695,4.7182817,4.913511799999998,1.3932558000000002,1.1942078
210,1.0,1.0,2.0,3.0,-1.0,57.295776,-1.0,-2.0,-0.7636948,-0.7636948,0.0,-1.0,2.0,-3.7636948,1.5,-1.2363052,2.0,1.0,0.0,-1.0,-26.647888,0.0,1.7182817,5.7182817,-0.0,-0.0
211,0.81817997,1.6363598999999998,0.45453998,0.80474997,0.50725055,2.5829072,0.7438074,-0.6676711999999999,0.22246403,-0.23671153,1.22728,0.4545498,0.5039096,0.31337404,1.4081013,-0.13155401,-0.40496224,0.59091496,31.031588,-0.8166773,-41.88657,-26.30882,3.462089,3.5230317,0.049959667,0.39669305
212,-0.22580999,1.0,0.0,0.0,-1.0,-0.0,-1.0,0.0,-0.7636948,-0.7636948,-0.35483998,2.0,0.0,0.23630518,0.27419,1.7636948,0.41623145,0.14516002,-20.330832,0.22580999,-40.88657,0.0,1.7182817,2.7182817000000004,0.0,-0.435485
213,1.71429,2.0,1.0,2.0,1.0,16.369976,2.0,-1.1428599,0.7859924,-0.21400762,2.6326556,1.16819,2.0253400000000004,1.8113325,2.4453487000000003,-1.7859923999999998,-0.50788987,1.7142901,97.22158,-1.7204957,-42.02943,-57.295776,4.7182817,4.7182817,0.37453103,1.460537
214,2.0,1.0,0.0,2.0,2.0,57.295776,1.0,0.0,-0.7636948,-0.7636948,3.0,0.0,0.0,-3.7636948,2.7310586,-1.2363052,1.0,2.0,113.59155,-4.0,-28.647888,0.0,3.7182817,4.7182817,1.0,-0.0
215,0.5724199999999999,1.5394499,1.11375,1.1240698999999998,0.9090221,17.809818,1.3398141,-0.13712579,0.072283834,-0.9703779,2.7314296,0.91246796,1.4670477,1.8481938,1.119339,-0.12730381,-0.12199199,0.58637,66.09063,-0.58236855,-42.527527,-59.740116,4.058096,3.8423517,-0.0075741694,0.18896583
216,0.0,1.0,2.0,2.0,0.0,57.295776,1.0,-2.0,-0.7636948,-2.7636948,1.0,0.0,2.0,-1.7636948,0.7310585999999999,-1.2363052,-1.0,0.0,-1.0,-2.0,-28.647888,-114.59155,3.7182817,4.7182817,0.0,0.0
217,1.03466,1.89266,0.33582002,0.96254003,0.9910131,7.5305240000000015,1.753682,-0.78421384,0.619649,-0.17645538,1.530963,0.9908705,0.7013074,0.640709,1.6534345,-0.937769,-0.9676581,0.82119,38.473648,-1.0894237,-41.799744,-45.61342,4.471964,3.680822,0.0888136,0.784175
218,0.0,1.0,0.0,-1.0,1.0,0.0,1.0,-1.0,-0.7636948,-1.7636948,-1.0,0.0,0.0,-3.7636948,0.5,-1.2363052,-1.0,-1.0,-114.59155,0.0,-27.647888,-57.295776,3.7182817,1.7182817,-0.0,0.0
219,1.17818,1.93716,0.04847002,0.39901,0.51396215,-0.019488113,1.8119614,-1.0630083,0.6886101,-0.4012537000000001,1.3389403999999998,1.0177193000000002,0.083675,0.8360501,1.7124064,-0.63071007,-1.0758313999999998,0.78265,29.599676,-1.3851074,-42.009686,-62.44459000000001,4.5302430000000005,3.1172917,0.00024955178,1.192234
220,2.0,-1.0,0.0,-2.0,2.0,-57.295776,-1.0,2.0,-3.863069,-5.863069,-2.0,0.0,0.0,-2.863069,2.5,5.863069,1.0,0.0,1.0,-2.0,-26.647888,-114.59155,1.7182817,0.71828175,5.0,0.0
221,0.55961,1.7306099999999998,0.28637,0.39118,0.7003365,0.61133397,1.3953388999999998,-0.8232094000000001,0.36852217,-0.5117550999999999,0.9020947,0.8500004000000001,0.31083426,0.75598216,1.05961,-0.010572195,-0.87912846,0.29806998,8.721275,-0.61031455,-41.98279,-50.43617,4.1136208,3.1094618,-0.0010704569,0.5442560000000001
222,0.0,1.0,2.0,2.0,0.0,57.295776,1.0,-2.0,-0.7636948,-2.7636948,1.0,2.0,6.0,0.23630518,0.7310585999999999,-1.2363052,1.0,0.0,-1.0,-2.0,-28.647888,-114.59155,3.7182817,4.7182817,0.0,0.0
223,1.21257,1.9412,0.18498003,0.74356,0.8968625,5.2877707,1.8920294,-0.8651767,0.6948708,-0.1809051,1.6025146,0.89133835,0.56729746,0.73648083,1.8214126,-0.98896086,-1.0392821,0.905195,43.145515,-1.3129053,-41.817123,-50.17826,4.610311,3.4618418,0.04346027,1.0015769
224,1.0,1.0,1.0,0.0,0.0,0.0,0.0,-1.0,-0.7636948,-0.7636948,1.5,1.0,1.0,-0.7636948,1.5,-0.23630518,0.0,0.5,0.0,-1.0,-28.647888,0.0,2.7182817000000004,2.7182817000000004,-0.0,2.0
225,1.0737801000000002,1.8639901,0.15072,0.29623002,0.52200115,2.862692,1.7206119999999998,-1.1073271999999998,0.5752195,-0.6105113,1.069241,0.9780712,0.091799185,0.84985954,1.5737801000000002,-0.2544195,-1.0624626,0.5239301,13.874291,-1.2355183,-42.15626500000001,-67.93737,4.438894,3.0145118,-0.0027242390000000003,1.1304083
226,1.0,1.0,0.0,-1.0,0.0,0.0,0.0,-1.0,-0.7636948,-0.7636948,1.5,-2.0,0.0,-0.7636948,1.5,-1.2363052,2.0,0.5,57.295776,-1.0,-28.647888,0.0,2.7182817000000004,1.7182817,0.5,1.0
227,0.81166005,1.65926,1.30264,2.0419898,0.6168425000000001,-0.8002826,1.4734893,-0.41467106,0.25795203,-0.54827756,1.9851147,1.3766823,1.8482373,2.073332,1.31166,0.24727798,-0.612147,0.32286507,24.374092,-0.77367854,-41.865166,-46.19355,4.191771,4.7602715,0.2100995,0.37513548
228,2.0,1.0,2.0,4.0,0.0,57.295776,1.0,0.0,-0.7636948,-0.7636948,3.0,2.0,2.0,0.23630518,2.7310586,-1.2363052,1.0,2.0,113.59155,-2.0,-28.647888,0.0,3.7182817,6.7182817,5.0,0.0
229,0.70846003,1.80151,0.35278997,1.03274,0.8724844999999999,21.153076,1.3245243,-0.7077507,0.47839493,-0.1113922,1.5296525,0.6362505,0.68594176,0.4454349,1.3481433,-0.8111049,-0.7561260999999999,0.7993899999999999,41.12815,-0.7267007,-41.698383,-33.792313,4.042806,3.7510219,0.06428236,0.3591576
230,0.0,0.0,0.0,0.0,0.0,0.0,0.0,0.0,-2.3133821,-2.3133821,0.5,0.0,0.0,-2.3133821,0.5,2.3133821,0.0,0.0,0.0,0.0,-28.647888,0.0,2.7182817000000004,2.7182817000000004,0.0,0.0
231,0.96173,1.97287,0.90189,1.89892,1.01747,48.740166,1.8673017,-0.9392492,0.74394935,-0.1848445,1.9707509,0.98550004,1.9211528,0.7387394,1.6883817,-1.6803994,-0.9466517,0.97863495,55.29774499999999,-0.9618749,-41.921963,-53.215965,4.5855837,4.617202,0.6315143,0.47622487
232,-1.0,-1.0,-2.0,-3.0,0.0,0.0,-1.0,1.0,-3.863069,-4.863069,-2.0,-3.0,0.0,-6.863069,-0.5,3.863069,-1.0,-2.0,-114.59155,1.0,-27.647888,-57.295776,1.7182817,-0.28171825,0.0,-0.0
233,0.70323,1.7144201,0.64061004,1.2558501,0.54498386,15.326479999999998,0.86519927,-0.6808924,0.34343284,-0.13091204,1.4906915,0.67869,0.9132907,0.33393285,1.3591197,-0.6886229,-0.5051420999999999,0.69034505,37.90756,-0.7035539000000001,-42.065704,-27.177958,3.583481,3.9741318,0.17565002,0.351339
234,0.80434996,1.91973,0.14548004,1.2826,1.1249115,23.70644,1.3194113,-0.26145846,0.6615989000000001,0.09670496,1.5151143,0.74414015,0.86374044,-0.16282105,1.4610968,-1.1833389,-0.6933246,0.71823,39.14465,-0.6572962,-41.691032,-32.366040000000005,4.037693,4.0008817,0.37899268,0.0
235,-0.05741,2.0,0.77963,0.8193600000000001,0.98333,30.438328,1.5259200000000002,-1.3941908,0.7859924,-0.74657845,1.1468228,1.1346817,1.064509,0.5632623999999999,0.6701246,-1.7859923999999998,-0.13567883,0.13366497,6.384115,0.061790355,-42.37181,-87.80984000000002,4.2442017,3.5376418,0.019405209,0.18999577
236,0.47471,1.41245,0.11284,0.24902,0.32808638,-0.0428359,0.54408985,-0.4276859000000001,-0.124526404,-0.5235657,1.1745099,0.64980984,0.13441573,0.2217736,1.0366478,0.63425636,-0.4161865,0.48833495,28.0565,-0.4935547000000001,-41.88329,-22.863266,3.2623715,2.9673017999999995,-0.00031589236,0.18441853
237,0.52778,1.7519801,0.71428,1.41467,0.5989625,9.746492,1.0080893,-0.6911732,0.40163907,-0.16646728,1.2068274,0.62897,1.0662254999999998,0.35203907,1.1450956,-0.74488914,-0.57554173,0.52281994,26.354538,-0.52763563,-41.80144,-32.550095,3.726371,4.1329517,0.23248678,0.23079991
238,-0.039410003,0.95567,-0.07389,-0.029560000000000006,0.06622419,0.019946678,0.061201103,0.04433,-0.83239245,-0.89643246,0.5668392,0.19703996,-0.06845492,-0.88658243,0.4778257000000001,1.8077524,-0.06585991,0.07143003,2.5367093,0.03846333,-41.887955,-3.6692214,2.7794828,2.6887217,5.4417338e-05,0.023475174
239,0.75951004,1.7069398999999998,0.58949,1.44408,0.6951626999999999,15.394792,1.0558618,-0.5967805,0.33184096,-0.24063137,1.4544094,0.72929996,0.97126096,0.27367097,1.4109285,-0.6484009,-0.61825085,0.6873600000000001,36.29399,-0.7595584,-41.827194,-32.800247,3.7741437000000007,4.1623616000000005,0.32549065,0.30371833
240,-1.0,1.0,-0.33671,-0.27342,0.25316,0.30112377,0.25316,-0.0040894942,-0.7636948,-1.0168548000000002,-0.48861498,-0.6810111999999999,-0.33671,-1.4447048,-0.4981025,1.9636948,0.74684,-0.99620503,-56.8609,1.0,-41.882763,-14.504999,2.9714417,2.4448617,-0.0,0.0
241,0.8735299999999999,1.89818,1.02251,1.7695601000000003,0.766961,37.698475,1.6723536,-0.9946494,0.6282033,-0.37389004,1.7983017,0.91854,1.6633083,0.7611133000000001,1.5803438,-1.3548931999999998,-0.88048327,0.866025,48.574245,-0.8737246999999999,-41.937645,-57.415714,4.3906355,4.4878415999999985,0.4041088,0.42509818
242,0.46458,1.0,0.0,0.0,0.42708,0.0,0.42708,-0.02083,-0.7636948,-1.1907748,0.41599506,0.51042,0.0,-0.7636948,0.96458,1.7636948,-0.42708,0.0,0.0,-0.46458,-42.47615,-24.469881,3.1453617,2.7182817000000004,0.0,0.23051588
243,0.90537995,1.9200699,1.03916,1.78522,0.7851766,37.55814,1.7060398,-0.99293256,0.66212577,-0.30350304,1.8337445,0.93909997,1.6691383000000002,0.78610575,1.6130676000000002,-1.4712658,-0.88820493,0.92087996,50.61126,-0.9052378,-41.872,-55.32645,4.4243217,4.503502,0.4280031,0.46139276
244,-0.02,2.0,1.1866701000000002,2.1333401000000003,-0.16924809,0.0,0.0,-1.42444,0.7859924,0.7326623999999999,1.98,1.2355599,1.3452906999999998,1.1504424,0.7110586,-1.7859923999999998,0.0043111998,0.98,56.14986,0.02,-41.88657,-3.0555837,2.7182817000000004,4.8516216,0.72993803,0.07275131
245,0.80285,1.8514299,0.90143,1.71858,0.7703585000000001,30.173094,1.5023057,-0.8514299999999999,0.55575526,-0.25334102,1.6590151999999998,0.83000004,1.409672,0.57147527,1.4860616000000002,-1.2500453,-0.8108996,0.8192799999999999,43.743595,-0.80285656,-41.799145,-46.3578,4.2205877,4.4368620000000005,0.44083744,0.3965720999999999
246,0.0,1.0,0.0,0.55172,0.0,0.0,0.0,0.0,-0.7636948,-0.2119748,0.5,0.0,0.0,0.23630518,0.5,1.7636948,-0.0,-0.5,0.0,0.0,-41.88657,31.611227000000003,2.7182817000000004,3.270002,0.0,0.0
247,0.45973998,1.43117,0.4415600000000001,0.95065,0.49257395,8.306911,0.71372443,-0.39937934,-0.095516205,-0.61356515,1.1777698,0.5688300000000001,0.5986206000000001,-0.27732623,1.0788352,0.17343622,-0.50193834,0.48051494,25.190151,-0.45973998,-41.90730300000001,-29.682016,3.4320061,3.6689317,0.113447934,0.18287863
248,0.0,0.0,0.0,0.0,0.0,0.0,0.0,0.0,-2.3133821,-2.3133821,0.5,0.0,0.0,-2.3133821,0.5,2.3133821,0.0,0.0,0.0,0.0,-28.647888,0.0,2.7182817000000004,2.7182817000000004,0.0,0.0
249,1.16851,2.0,1.12964,1.53044,0.9970844,0.7213378,2.0,-1.0168068,0.7859924,-0.22191572,2.412764,1.2689095,1.1310743,1.7341723000000002,1.66851,-0.6242124,-0.60793,0.69708,42.563774,-1.1255472,-41.889317,-57.74888000000001,4.7182817,4.2487216,0.049067274,0.26385164
250,0.0,1.0,1.0,1.0,-1.0,0.0,0.0,0.0,-0.7636948,-0.7636948,3.0,-1.1111107,0.77778,-1.8748047,0.7310585999999999,0.7636948,1.11111,2.0,114.59155,-0.0,-42.88657,0.0,2.7182817000000004,3.7182817,-0.0,-0.5
251,0.8269200000000001,1.6409900000000002,1.34861,2.13835,0.5063386999999999,-1.0093576,1.428449,-0.3351588,0.22963922,-0.553211,2.1091022,1.3460007,2.057808,2.0659692,1.32692,0.2595008,-0.5667295,0.32177502,28.374216,-0.7922144,-41.901367,-44.85401,4.146731,4.8566318,0.18903396,0.35494533
252,-1.0,1.0,1.0,0.88,0.0,0.0,0.0,0.0,-0.7636948,-0.8836948,0.5,2.37333,1.0,-0.39036483,-0.5,0.7636948,-0.0,0.5,0.0,1.0,-41.88657,-6.875493,2.7182817000000004,3.5982818999999995,-0.0,-0.5
253,0.70434004,1.5957301000000002,1.3714299,1.8994199,0.612242,7.462638,1.4070988000000002,-0.08163214,0.15950043,-0.7608016,2.5590107000000004,1.2197037,2.3521242,2.0947404,1.20434,-0.019070402,-0.30620146,0.46196997,49.11497,-0.7163778000000001,-42.26382,-52.72942,4.1253805,4.6177015,-0.26710302,0.19603677
254,0.48297,1.15236,0.38022,0.4769100000000001,0.30054790000000003,0.14024574,0.37836587,-0.08697769999999999,-0.5275845,-0.8741728000000001,1.3306612,1.4235497,0.55479157,0.7990255999999999,0.98297,1.3485445,0.028480262000000006,0.37622496,36.17253,-0.4832781,-41.88287,-19.858047,3.0966477,3.1951919,-0.0008494194,-0.023022326
255,0.56181,1.5404,1.26494,1.39872,0.8631284,19.334774,1.2851095,-0.045971185,0.073756196,-0.96109426,2.5313382,1.0792923,1.9327774,1.9692763,1.0928675,-0.1252462,-0.23086905,0.52310497,59.055065,-0.573364,-42.571594,-59.29256,4.0033913,4.1170015,-0.10033547,0.16782482
256,0.55716,1.59085,0.5595600000000001,1.0926499,0.6425533,11.790366,0.99165636,-0.6359614,0.15193786,-0.5223462000000001,1.3090538,0.6510296,0.86562526,0.12786785,1.2004449,-0.24338783,-0.61239654,0.55535495,29.117304,-0.55635273,-41.865467,-38.63363,3.709938,3.8109317,0.11523048,0.31982097
257,0.96140003,1.70772,0.95772,1.7337898999999997,0.593755,16.194239000000003,1.2713805,-0.4365286,0.33304986,-0.2775481,1.658498,0.6783104,1.2154235,0.32936987,1.6239392,-0.56098986,-0.7168203000000001,0.8253700999999999,47.81642,-0.96104616,-41.80033,-34.984684,3.9896622,4.4520717,0.30925035,0.4450047
258,0.67724,1.78157,0.70116,1.29281,0.6560746999999999,13.548207,1.0963424,-0.73452765,0.44749415,-0.13392120000000002,1.5101291,0.6114,1.0615671,0.44016415,1.3370236,-0.86784416,-0.6160187,0.72744,39.02027,-0.67701244,-41.820095,-33.312645,3.8146242999999993,4.0110917,0.14320886,0.34895770000000004
259,0.84600997,1.84803,0.83825,1.51122,0.68946904,23.263851000000006,1.2625186000000002,-0.81897795,0.5504864,-0.12791717,1.6526246,0.9146901,1.2505628,0.5492664,1.5281556,-1.1448663,-0.68317854,0.7942951,43.3748,-0.8460003,-41.89048,-38.86966,3.9808004,4.2295017,0.33244792,0.4221378
260,0.53479004,1.38696,0.5,0.87826,0.4493773,4.3681097,0.69348,-0.43965176,-0.16402781,-0.65312505,1.1966388,0.49130988,0.7703264,0.014242187,1.1386895,0.45532778,-0.4988658,0.50434995,27.648577000000003,-0.53488594,-41.913826,-28.023207,3.4117617999999994,3.596542,0.03115409,0.3062065
261,0.97388,1.78129,0.05892998,0.38821998,0.60081404,-0.08266617,1.4220039,-0.84106046,0.44706038,-0.4209353,1.1093708,0.9186001,0.12335711,0.5807204,1.4978591,-0.24901035,-0.8902114999999999,0.618165,21.188757,-1.0871005,-41.95372800000001,-49.732487,4.1402855,3.1065018,0.001049554,0.8293944999999999
262,1.1340901,2.0,0.20130002,0.53918004,0.6580366,0.15045698,2.0,-1.1377124,0.7859924,-0.3831966,1.3501205,0.99736977,0.2082154,0.9348024,1.6583436000000005,-0.76865244,-1.1285346,0.66367006,23.942554,-1.3255045,-42.035637,-66.98959,4.7182817,3.2574618,-0.00075861637,1.1670197
263,1.06776,1.87001,0.24391001,0.5109100000000001,0.58851314,6.286848,1.671976,-1.1982105,0.5845486,-0.6770669,1.0978723,1.0890903,0.13319181,0.9923285,1.56776,-0.15192866,-1.0362955,0.53137004,13.06821,-1.2195452,-42.229504,-72.28524,4.390258,3.2291918,-0.004882541,1.1384981
264,1.23638,1.9094601,0.08454001,0.23798001,0.27639246,8.331878999999999,1.8069412,-1.3418775,0.6456838,-0.8315876,1.1823636,1.0677108999999998,-0.001912564,0.9194238,1.73638,-0.22491384,-1.1144453,0.6486899,17.519289,-1.4966232,-42.343918,-84.64141,4.525223,2.9562616000000004,-0.0043283612,1.445516
265,1.06172,1.8608999,0.20704997,0.38552994,0.49883986,12.038628,1.7076919999999998,-1.3128895,0.57043076,-0.8513279,1.0162312,1.1156693000000002,0.10565857,0.9818808,1.56172,-0.0004606843,-1.0825788,0.45799,5.4431677,-1.2352871,-42.407635,-81.46076,4.425974,3.1038117,-0.00020335901000000006,1.2101616000000002
266,0.67499995,1.6393499,0.56347,0.85021,0.7572448,6.848289500000001,1.2561847,-0.84152555,0.2270976,-0.7042527,0.6797681,0.40226936,0.49696004,0.86502767,1.175,0.5388824000000001,-0.72450626,0.30340996,9.115184,-0.6719142,-42.05745,-53.36244,3.9744663,3.5684917,0.024447437,0.48324823
267,0.63908,1.8543,0.78145003,1.41497,0.6191380999999999,12.064825,1.0929245,-0.7358258000000001,0.560203,0.06818205,1.5733571000000002,0.50993013,1.1951871,0.957553,1.296613,-1.1032431,-0.5930185,0.6506649999999999,41.172512,-0.6289157,-42.045624,-28.190723,3.8112063,4.1332517,0.19286512,0.90667874
268,0.80834,1.7001901,0.64137,1.12263,1.0330374,9.796991,1.7001901,-0.73838204,0.32138076,-0.6590569000000001,1.6888336,0.75521994,0.8390296999999999,0.25307077,1.4824339,-0.3422508,-1.0027549999999998,0.8055,46.59845,-0.8103831,-41.967613,-56.17493399999999,4.418472,3.8409119,0.054965965,0.25147867
269,0.63426,1.80562,0.89015,1.26854,0.8127389,12.217228,1.5319421,-0.842922,0.48476413,-0.3949925,1.2791778,0.62908006,1.0419884,0.48445413,1.2706432,-0.82468414,-0.8492455,0.58316004,29.63306,-0.63355315,-41.868996,-50.406338,4.250224,3.9868217000000006,0.059061036,0.31403574
270,0.87258005,1.9677501,0.99366003,1.90469,0.97610426,53.22690600000001,1.9677501,-0.95444375,0.7360151,-0.27965426,1.9186956,0.93191004,1.8664738,0.74047506,1.5937274,-1.650125,-1.0000515,0.94878995,53.06701,-0.87257457,-41.839832,-58.193565,4.686032,4.6229714999999985,0.6075788000000001,0.43428275
271,0.34021,1.42784,0.34536999999999995,0.70103997,0.5167892,8.198525,0.6844779000000001,-0.543437,-0.100676656,-0.64336294,0.92820734,0.54122925,0.3259225,-0.25016665,0.97350764,0.25015664,-0.26331420000000005,0.12887001,8.642767,-0.33730602,-42.03795,-31.093632,3.4027596,3.4193218,0.039247505,0.30247670000000004
272,1.01386,1.7653,0.61170995,1.82452,0.7411585,16.695235999999998,1.121142,-0.70812047,0.42228085,0.16520262,1.8086822,0.60969925,0.80469465,0.27182087,1.6669817999999998,-0.89709085,-0.34887195,1.073905,56.43816,-1.0084994,-41.880215,-14.729497,3.8394237,4.542802,0.5027117999999999,0.3642329
273,0.60449004,1.61124,0.64720005,1.20226,0.4793016,7.683433,0.80742455,-0.61378086,0.18353602,-0.3124967,1.3694845,0.55280995,0.87289584,0.008256018,1.2429162,-0.37005606,-0.50013024,0.65842503,33.142876,-0.60453194,-41.830616,-28.42058,3.5257062999999995,3.9205418,0.112386055,0.3053796
274,0.72816,1.6666701000000002,0.44984,0.92233,0.78117186,8.412842999999999,1.1920191,-0.6228776,0.2694353,-0.4545341,1.4290453,0.73787,0.5691132,0.23707528,1.3845506,-0.3276953,-0.70431757,0.5954701,33.6874,-0.7269458000000001,-41.874893,-41.48039,3.910300700000001,3.6406116,0.06670427,0.346227
275,0.6913600000000001,1.77037,0.68889,1.39754,0.7233265,15.875632,1.2064716999999998,-0.69478625,0.43013772,-0.18992886,1.311171,0.6320901,1.0691373,0.50420773,1.3106227,-0.81038773,-0.6788645000000001,0.623455,32.112559999999995,-0.6908276999999999,-41.69289000000001,-35.527195,3.9247534,4.1158220000000005,0.2422927,0.32506633
276,0.46100998,1.6711900000000002,0.70509005,1.37289,0.5897727,13.149566,1.0140446,-0.7158372,0.2764398,-0.28569305,1.2553678,0.5898299,1.0274783,0.28999978,1.091006,-0.6628798,-0.6057342,0.51185995,27.644857,-0.46092817,-41.787575,-32.207836,3.7323265,4.0911717,0.23305288,0.28499055
277,0.57282,1.2961199,0.038839996,0.30583,0.59131867,1.668665,0.64177376,-0.28725004,-0.30480155,-0.79817903,1.0285063,0.30097,0.1953794,-0.25626156,1.1593188,0.81936157,-0.49515,0.34222996,19.765856,-0.5730682,-41.80141,-28.268446,3.3600554,3.0241117,0.015435771,0.33398920000000004
278,1.09928,1.93102,0.21818,0.53338003,0.74953973,-0.591729,1.9082725,-1.0169109,0.679095,-0.41878694,1.2647486,0.90464973,0.23568887,0.884925,1.6180587,-0.673495,-1.0761235,0.66517496,24.060276,-1.1738685,-41.995953,-62.903996,4.6265545,3.2516618,0.003069413,1.118315
279,1.20321,1.90112,0.18436003,0.37486,0.51936316,10.8313055,1.8612914,-1.3257837,0.6327592,-0.8346515999999999,1.1471314,1.0763893,0.054339454,1.0091493,1.70321,-0.1555292,-1.1470468,0.556455,12.577236,-1.3899636999999998,-42.3761,-84.07644,4.579573,3.0931418,-0.0019390323,1.3527396
280,1.15727,1.91966,0.56431997,0.91090995,0.8292860000000001,24.008097,1.9139202,-1.5081283,0.6614905,-0.93053955,1.2268907,1.2341881,0.41268235,1.4837105,1.65727,0.068849504,-1.1274387,0.39584,3.8759406,-1.2119542,-42.50338,-91.2166,4.632202,3.6291916,0.06566336,1.2841763000000002
281,1.13256,1.9613199,0.45704,0.64186996,0.60578537,24.379683,1.8501327,-1.6029983,0.7260504,-0.93951964,1.1680754,1.1269493,0.31438059999999995,1.4033403,1.63256,-0.032220423,-1.1295352,0.38912997,3.5712047,-1.2499251,-42.596535,-95.43013,4.568414700000001,3.3601518,0.02437965,1.2993964
282,1.08112,1.80486,0.8477,1.40544,0.94354856,32.956543,1.696063,-1.3765413999999998,0.48358643,-0.97570765,1.1342671999999998,1.3094291999999998,0.5034948,1.7162665,1.58112,0.52472353,-1.0581076,0.22512498,-4.27391,-0.9908633,-42.468723,-83.61139,4.414345,4.1237216,0.35950878,0.9910973
283,0.9071,1.6733301,1.14925,1.79926,0.6946324,2.2037162999999995,1.503236,-0.6194059000000001,0.2797562,-0.5982544,1.3071923,1.1020012,1.5595633,1.4503562,1.4071,0.37888378,-0.46869472,0.412565,8.134068,-0.872808,-41.8449,-50.306297,4.2215176,4.517542,0.22991967,0.4479268
284,0.46366,1.23308,0.24484,0.32487,0.2906959,0.008407724,0.35849336,-0.23496744,-0.40249366,-0.6939241999999999,0.8588601,0.34638023,0.24439421,-0.099093676,0.96366,1.1981735,-0.21667068,0.29890500000000003,17.304546,-0.46358296,-41.887493,-16.69774,3.076775,3.0431519,0.00014521499,0.17284867
285,0.81955004,2.0,1.40977,1.7124099999999998,0.40114826,18.413937,1.16918,-1.1570492,0.7859924,0.28473532,1.5516133,0.7124001,1.6137992,0.9983924,1.4808674,-1.6337323,-0.58419776,0.65883,37.60979,-0.8214411,-41.98165,-28.719912,3.8874617,4.4306917000000015,0.13363941,0.78283584
286,0.32203000000000004,1.72171,0.57533,0.89807004,0.86046964,3.7352512,1.4395045,-0.6736479000000001,0.35472990000000004,-0.44942826,1.1311728,0.6044898,0.69210005,0.39601988,0.9033879,-0.37138993,-0.83972454,0.49441493,23.203089,-0.32466054,-41.86056,-46.074867,4.1577864,3.6163518,0.019963946,0.16840006
287,0.7851199999999999,1.8573799,0.80385995,1.6175499,0.98215437,33.457645,1.747423,-0.77108026,0.56497586,-0.34810644,1.728087,0.81136996,1.558087,0.5566158,1.4769354,-1.2249458,-0.94102895,0.8362149999999999,46.438446,-0.7851864000000001,-41.85813,-52.315758,4.465705000000002,4.3358316,0.33198348,0.39611626
288,1.18747,1.7994598999999998,1.05047,2.00946,0.6496238,34.150215,1.5675275,-0.8168941,0.475218,-0.22426748,2.2684014,0.89409065,1.5575983999999998,0.7311880000000001,1.914344,-1.064218,-0.707028,1.2345598999999998,72.086464,-1.1824766000000002,-41.96638,-40.077564,4.2858095,4.7277417,0.6630756999999999,0.6375535
289,0.8719,1.9899399,0.98994,1.99598,0.74916,30.803764,1.4907833,-0.96952033,0.77040243,0.10511774,1.840183,0.96312,1.5339093,0.9441124,1.5644803,-1.7603424,-0.73197436,1.0244799999999998,53.194164,-0.8718959000000001,-41.76628,-38.118004,4.209065,4.7142620000000015,0.66233456,0.46226287
290,0.46568,1.06213,0.16864,0.4497100000000001,0.43650156,6.6534576,0.50278044,-0.053873766,-0.66741276,-1.1586721000000002,1.3234923,0.6491,0.44684696,-0.60411274,1.0946195,1.0934528,-0.4760367999999999,0.49727005,30.470737,-0.46436974,-41.86916400000001,-28.147081,3.2210622000000004,3.1679916,0.052671477,0.111688524
291,0.67043,1.6986799,0.63653,1.0376599,0.6407715,6.4188160000000005,1.0172884,-0.68132204,0.31904054,-0.36430264,1.418833,0.6572498999999999,0.8553404,0.13825053,1.3391607,-0.35105056,-0.58574784,0.5489649999999999,31.778843,-0.6729411,-42.008068,-39.15268,3.7355702000000006,3.7559416,0.05219661,0.2857886
292,0.73673,1.86412,0.8980899999999999,1.43736,0.82477194,36.84454,1.579152,-0.9648275,0.5754209,-0.41018552,1.6815666,0.71338,1.1216754999999998,0.5308309,1.4249755,-1.3333809,-0.8471299999999999,0.7707001,44.717762,-0.73517627,-41.940067,-56.471085,4.297434,4.1556416,0.30571106,0.30724713
293,0.8125,1.83424,1.1141299999999998,1.8940301,0.6563941999999999,41.611206,1.6099491,-0.88201046,0.52911615,-0.353149,1.8379593,0.75543,1.7052636000000003,0.55628616,1.5160228,-1.3361862,-0.87173885,0.88451004,51.250095,-0.809908,-41.963905,-50.550068,4.328231,4.612312,0.51375103,0.45198506
294,0.79051,1.53755,0.82411,1.2411,0.5720464,19.097858,1.1486113000000002,-0.68300176,0.0693395,-0.6520338999999999,1.7938741000000002,0.83004,1.0682713,0.30055952,1.4788758,-0.27091950000000004,-0.7198569,0.93083,50.290726,-0.78237534,-41.963577,-41.33165,3.866893,3.9593816,0.15245365,0.53050435
295,0.5476800000000001,1.5898,0.72505,1.22838,0.39167857,5.6434984,0.74378794,-0.5826273,0.15031070000000002,-0.33547643,1.2809547,0.53215003,0.9516845,0.1902207,1.1651776000000005,-0.24787068,-0.45199856,0.62750006,31.062319,-0.5478972,-41.85907,-27.83355,3.4620697,3.9466617,0.10963737,0.24410889
296,1.0248699,1.72125,0.80204,1.2719200000000002,0.8967622,33.198017,1.5166966999999998,-1.370662,0.35401717,-1.0507096000000002,1.1508204,1.405098,0.47490764,1.4838772,1.5248699,0.7641629,-1.04374,0.12685499,-10.109494,-0.8996886000000001,-42.50598,-80.48491,4.2349787,3.9902017,0.37115237,0.9413544
297,0.97799003,1.7991700000000002,0.99755,1.6718299,0.9116181,41.565445,1.6758727999999998,-1.4296284,0.47476873,-0.984655,1.2519895,1.585041,0.5403324,1.9232289,1.47799,0.6622412,-1.099964,0.13850501,-11.315227,-0.79507685,-42.517952,-83.61882,4.3941545,4.390112,0.73930925,0.9253234
298,0.64243996,1.7323201,1.1871,1.7666,0.8815277,22.255627,1.5286165,-1.023505,0.37117222,-0.6141536,1.447215,1.5067787,0.6246666999999999,2.0801423,1.14244,0.6655178,-0.96124,-0.121610016,-11.099065,-0.4754822,-42.107002,-56.455006,4.246898000000002,4.484882,0.77719164,0.49679047
299,0.90372,1.6925599999999998,1.08424,1.9201299,0.6758031999999999,10.375557,1.4129322,-0.83665365,0.30955648,-0.6242639,1.3266705,1.442009,1.1294628,1.7165563999999998,1.40372,0.5810335,-0.89838433,0.14989501,-1.1892653,-0.75024873,-41.993572,-53.503963,4.131214,4.6384115,0.60074145,0.53802705
300,1.05858,1.76168,1.3023701,2.31748,0.6074921999999999,19.977621,1.6360722,-0.9763536,0.41667095,-0.65822244,1.5530573,1.5775414,1.2944822,2.137791,1.55858,0.56133914,-0.9230036,0.15753001,-2.5274696,-0.84731567,-42.05593,-61.58685,4.354354,5.035762,1.2773167,0.7265516
301,0.8797,1.6554099999999998,1.19004,2.09848,0.48796758,6.241353,1.3800656999999998,-0.6676326,0.25198576,-0.58898914,1.383678,1.3195381000000002,1.4987254,1.7760558000000002,1.3797,0.58425426,-0.804438,0.18797502,5.5247717000000005,-0.78211755,-41.893158,-48.184307,4.0983477,4.8167620000000015,0.60157293,0.56171626
302,0.91085005,1.98058,1.06972,1.96955,0.8982821,52.32363,1.94998,-1.0057484,0.7558974,-0.29774988,1.9131564,0.97749996,1.7404166,0.6927974,1.6405183,-1.6892574,-0.9844149,0.91262007,51.53827,-0.9109433,-41.925385,-60.369537,4.6682615,4.687832,0.6664576,0.45667654
303,0.94405997,1.9417,0.98587,1.86691,0.89986193,46.03921,1.8262076,-0.97608984,0.6956456,-0.28090495,1.8988523,0.96525,1.7354715,0.70977557,1.6636218999999997,-1.5654955,-0.94056344,0.94228995,52.23302,-0.9440227,-41.88275,-55.95222,4.5444894,4.5851917,0.57943857,0.49093702
304,0.81507,1.91324,0.96575004,1.81735,0.9196085,47.298786,1.856455,-0.91109586,0.6515415,-0.32092267,1.8371097,0.93151,1.627099,0.46205148,1.5461285,-1.4848715,-0.95546407,0.7968049,46.598885,-0.81504357,-41.963863,-55.718086,4.5747366,4.5356317000000015,0.55128926,0.49041185
305,0.13559000000000002,1.9491501,0.89830005,1.3728801000000002,0.5642038,10.585432,1.0241225,-1.0403845,0.70719093,-0.0577237,1.2134451000000002,0.6101799,1.5257136999999998,0.77500093,0.7796936,-1.520751,-0.4478563,0.44915497,23.841574,-0.12590542,-41.943596,-43.82637800000001,3.7424042,4.0911617,0.091007784,0.20964219
306,0.58334,1.44444,0.47222,1.1747899,0.3310151,3.9199157,0.4814752000000001,-0.49059844,-0.07495182,-0.26980653,1.3595666000000002,0.6591300999999999,0.42638212,0.11839817,1.199249,0.10273182,-0.29147917,0.677335,36.41126,-0.58568513,-41.87503,-11.164352,3.1997569,3.8930717000000006,0.19065753,0.4042348
307,1.26455,2.0,0.5210600000000001,0.5210600000000001,0.071909755,25.965412,1.02414,-2.0,0.7859924,-0.72607756,1.1360751,0.9597702,0.5210600000000001,1.6071024,1.76455,0.09900761,-0.6670026,0.65120494,16.223098999999998,-1.4270233,-42.74412,-86.63521999999998,3.7424216,3.2393417,0.0,1.7590019
308,1.0728799999999998,1.8355,0.80555,1.2864699,0.74976707,33.9199,1.3869771999999998,-1.5020782,0.53106886,-0.8030264,1.1330234,1.2979584,0.5540074,1.7622988000000002,1.5728799999999998,0.4249012,-0.9121248,0.320725,1.3727702,-0.9625037,-42.474937,-76.43802,4.105258999999998,4.0047517,0.23878033,1.2674142
309,0.94585,1.7211299999999998,1.21018,2.10181,0.601586,8.489527,1.4421177,-0.765073,0.35383114,-0.510375,1.5963382,1.4640312,1.4338847,2.036161,1.44585,0.39915887,-0.840874,0.24005997,9.707721,-0.7938493000000001,-41.91135,-49.515366,4.1603994,4.8200917,0.62094986,0.6183605999999999
310,1.03899,1.7525400000000002,1.42718,2.5559,0.43176037,12.851219,1.6413938999999995,-0.79662657,0.40250677,-0.56064624,1.6928055,1.6358681000000002,1.7666137,2.3023667000000003,1.53899,0.49574322,-0.8907065000000001,0.167945,1.6245036,-0.82176733,-41.916443,-55.1846,4.3596754,5.274182,1.4350426,0.6204956
311,0.8297,1.71976,1.5015,2.6234999,0.32972163,3.2862387,1.5896772,-0.53702664,0.35170797,-0.4890184,1.7168901,1.5495529,2.3041868,2.486348,1.3297,0.38863197,-0.78030777,0.275545,16.692316,-0.6629622,-41.817738,-48.17007,4.3079589999999985,5.3417816,1.0512363,0.4995324
312,1.01373,2.0,1.02685,1.96311,0.97315,57.295776,2.0,-1.01511,0.7859924,-0.27774763,2.01373,0.96024996,1.9364376,0.8141824000000001,1.7447886,-1.7859923999999998,-0.9995738,1.01373,57.08245,-1.013891,-41.88657,-60.94781,4.7182817,4.6813917,0.6634512,0.44512263
313,0.8234799999999999,1.86421,0.94916,1.7300799,0.88868254,41.072495,1.7814205,-0.77698195,0.5755604,-0.401416,2.0436544,0.50903004,1.4722506000000002,0.4638604,1.5545386,-1.3146904,-0.9562256,0.99538994,56.083084,-0.82403976,-41.95016500000001,-55.97662,4.4997025,4.4483614000000005,0.25054088,0.3462883
314,0.82335,1.64064,1.02351,1.7483,0.6614142,3.2226727000000004,1.3023072,-0.62864304,0.22909683,-0.5583672,1.4816495,1.3646812,1.2659376,1.710527,1.32335,0.5366331999999999,-0.8222019,0.17855,6.448621299999999,-0.722799,-41.88035,-45.118362,4.020589,4.466582,0.40027943,0.45473307
315,0.85616,1.68389,1.36726,2.32661,0.45193282,2.2371469,1.4832546,-0.53650236,0.29612073,-0.51774275,1.729866,1.4781913999999998,1.9126308,2.1435206,1.3561598999999998,0.4176493,-0.7995182,0.16177002,9.391011,-0.7438739999999999,-41.827274,-46.630943,4.201536,5.044892,0.7003965999999999,0.43847385
316,0.86037004,1.6612898999999997,1.5472,2.62995,0.21496189,-1.6500206000000002,1.488333,-0.21094602,0.26109773,-0.50101185,2.1399124,1.5146294,2.9446213,2.3262177000000004,1.36037,0.22656226,-0.6024104,0.26528502,23.68856,-0.7961785,-41.85886,-43.66566,4.2066145,5.348232,0.36272126,0.30124003
317,0.78481,2.0,0.74684,1.24052,1.2114999,35.537704,2.0,-0.9035815,0.7859924,-0.2461443,1.8084424,0.9367099,1.6082325000000002,0.58346236,1.5032446000000002,-1.7859923999999998,-0.983335,0.82910997,47.019085,-0.77720433,-41.833004,-59.137074,4.7182817,3.9588017,0.21260335,0.27156946
318,0.89023995,1.83312,0.75734997,1.39329,0.78982353,19.599134,1.3709905,-0.79563516,0.5273806,-0.18606168,1.5970926,0.78383,1.1816966999999998,0.5200606,1.5612705,-1.0494506,-0.7484585,0.7765799,41.67874000000001,-0.89040786,-41.955276,-40.877228,4.0892725,4.111572,0.19182782,0.45056766
319,0.94944996,1.9221101000000005,0.84514004,1.7473,0.9149834,36.06135,1.6340435,-0.82327855,0.6652874,-0.14122468,1.8621573,0.96444,1.7179471999999998,0.6525774000000001,1.6585401999999998,-1.4716973,-0.85059655,0.92309,51.52647,-0.94991475,-41.89961,-46.209736,4.3523254,4.465582,0.51609194,0.47796425
320,0.98435,2.0,1.05039,2.0100899,0.9501285,57.295776,2.0,-1.0280457,0.7859924,-0.24482882,1.984276,1.00129,1.9476951,0.7995024000000001,1.7154086,-1.7859923999999998,-1.0000974,0.98434997,55.40081800000001,-0.98432344,-41.88657,-59.061703,4.7182817,4.728371599999999,0.7204071,0.49754223
321,0.94257,1.87525,0.89307,1.8,0.87959415,40.629612,1.6784424999999998,-0.88406116,0.5926689,-0.27242303,1.8695835,0.94455004,1.6641748,0.6243588999999999,1.6545357,-1.3550489,-0.89463836,0.9366301,51.821552,-0.9425946,-41.87952,-49.566113,4.396724,4.518282,0.5658316999999999,0.5192308
322,0.85460997,2.0,0.9078,1.94326,0.98702484,46.48283,1.80142,-0.96655947,0.7859924,-0.08127707,1.7996398999999998,0.96809006,1.8245106,0.7008924,1.5576257,-1.7859923999999998,-0.90073514,0.9273,48.899643,-0.8546360999999999,-41.756145,-49.690876,4.519702,4.661542,0.7349576999999999,0.40659997
323,0.72727,1.62655,0.77807003,1.19663,0.3342502,3.319043,0.6407630999999999,-0.7248931,0.20726164,-0.18667836,1.7786381999999998,0.6363701999999999,1.0866091,0.18966164,1.4146458999999998,-0.13684167,-0.39945006,0.7727301,50.195766,-0.7252503,-42.153503,-22.571098000000006,3.3590447999999995,3.9149117,0.04559532,0.32447988
324,0.91695,1.7201400000000002,1.29693,2.1740599,0.63065994,0.45961452,1.4911722,-0.58785814,0.3522969,-0.45081228,1.8682592,1.4391365,1.7242023000000002,2.116807,1.41695,0.2529332,-0.7383966,0.32423496,19.82471,-0.8381318999999999,-41.847603,-46.014763,4.209454,4.8923416,0.44226244,0.5390623999999999
325,0.84503,1.67311,1.41166,2.3273900000000003,0.45196086,-0.83085907,1.4984875,-0.3900614,0.27941516,-0.51442814,2.0427718,1.5059204,2.198598,2.219005,1.3450301000000002,0.28175482,-0.659539,0.29170004,21.892963,-0.77636755,-41.843304,-45.483868,4.216769,5.0456715,0.42305037,0.36397642
326,0.82563,1.6535400000000002,1.5914198999999998,2.62988,0.19741756,-0.42393687,1.4972309,-0.091198385,0.24908778,-0.5537785,2.3848886,1.5845413000000002,3.3095107000000006,2.399608,1.32563,0.11987224,-0.5139954000000001,0.35303503,32.02038,-0.78564864,-41.958767,-46.000847,4.2155128,5.3481617,0.05565726,0.23302223
327,0.65127,1.367,0.57143,0.86946005,0.9636973,10.830367,1.367,-0.044902563,-0.19495963,-1.2707468000000002,2.0535805,1.369461,1.907311,1.1720403,1.1512699,0.5717996,-0.48296744,0.464075,50.944344,-0.59774756,-42.10972,-61.63806,4.085282,3.5877419,-0.07733394,-0.04710807
328,0.042600006,1.45455,0.87879,1.0,0.96143234,32.988617,1.45455,-0.10079858,-0.059284452,-1.1477205,2.166556,0.73061943,1.2901756000000002,0.8498056,0.66149247,0.028974447,-0.86776596,0.31818509999999994,49.190655,-0.042600006,-42.571964,-62.362785,4.1728315,3.7182817,-0.0473957,0.0031373855
329,0.8902399999999999,1.94817,0.8932899999999999,1.8963399,0.9346415,46.032715,1.7165326,-0.9317701,0.7056720000000001,-0.17269313,1.8496621,0.94206995,1.7774017,0.662992,1.6029413,-1.568472,-0.8808395,0.91157997,50.513004,-0.8902604,-41.89204,-50.326614,4.4348145,4.6146216,0.6650911999999999,0.42529976
330,0.91135,1.7907801,0.71986,1.64539,0.8918786,34.728683000000004,1.4796141,-0.71141434,0.46176693,-0.36447307,1.8530958,0.9432701,1.4320647,0.36602694,1.6253498,-1.0575069,-0.82605135,0.9131199,50.62412,-0.9111574,-41.988155,-47.34006,4.197896,4.363672,0.51041746,0.38866544
331,0.88705003,1.8870599,0.8352799999999999,1.6861999,0.78650475,31.611444,1.4052558000000002,-0.7983081999999999,0.6109706,-0.105493665,1.7996631999999997,0.84408003,1.5158138,0.6024805999999999,1.588868,-1.3473406,-0.74489194,0.88097996,49.236668,-0.8873690999999999,-41.99125,-41.05037700000001,4.1235375,4.404482,0.46322104,0.4494045
332,0.86845,1.89951,0.88202,1.7011,0.8897874,33.305412,1.6635528999999998,-0.8383127,0.63026434,-0.23606467,1.76783,0.8641200000000001,1.5668621,0.62760437,1.5672984,-1.3646344,-0.87580466,0.861115,47.769115,-0.86841923,-41.79749,-49.636993,4.3818345,4.4193816,0.40998846,0.4364812
333,1.01244,1.98579,0.93073,1.95915,1.0296031,51.950394,1.9364035,-0.96326804,0.7639713,-0.17477626,1.9770236,0.97512996,2.00213,0.7710713,1.7378743000000003,-1.6947013,-0.9754423,0.9911201,55.811863,-1.0124445,-41.90043,-53.78627,4.654685,4.6774316,0.6648935,0.51744026
334,1.01768,2.0,0.97901,1.97349,1.0207117,54.60457,2.0,-1.0021665000000002,0.7859924,-0.20534152,1.9930159,0.98564005,1.9956117,0.8136124,1.7448101000000005,-1.7672124,-1.0,1.00497,56.485424,-1.0176821,-41.872482,-56.799244,4.7182817,4.6917715,0.6760434000000001,0.50828373
335,0.99776,2.0,0.92617,1.99105,1.0738299999999998,54.860134,2.0,-0.9552649,0.7859924,-0.14913476,1.995101,0.95749,2.0489964,0.73677236,1.7283779,-1.7434824,-0.99992985,0.9765049,56.03909,-0.9978451,-41.906696,-53.578835,4.7182817,4.7093315,0.70547825,0.51740897
336,0.88823,1.6712301,1.35249,2.28236,0.500746,-0.1117877,1.4777015,-0.4533418,0.27650183,-0.50676674,1.9779619,1.4563217,1.963742,2.0779817,1.3882301,0.32603812,-0.64611024,0.29989,20.1159,-0.8211808,-41.841396,-44.87798,4.1959834,5.000642,0.4668911,0.39158854
337,0.74698997,1.6413099999999998,1.58303,2.56541,0.23703945,1.3475224,1.4795916999999998,-0.039644063,0.23013505,-0.5946733000000001,2.4681134,1.5462532,3.343293,2.3868651,1.24699,0.06990495,-0.4809254,0.38042492,36.852604,-0.72411114,-42.05797000000001,-47.258034,4.1978735999999985,5.2836914,-0.1362867,0.19188547
338,0.49354,1.1597,0.44886002,0.65992004,0.28921196,0.49696288,0.38025406,-0.054113224,-0.5162097,-0.8454341999999999,1.389045,1.4313507,0.6712115,0.9254302,0.99354,1.2630597,0.041704535,0.35414997,34.731453,-0.4947602,-41.894794,-18.863173,3.0985358,3.3782017,-0.011686154,0.021561276
339,0.53079,1.44681,0.96809,0.88635,0.7550588,15.883045999999998,0.95265204,-0.055018306,-0.071279064,-0.94445646,2.4537613,0.81354904,1.2600219,1.5110309,1.0887582,0.05783905,0.0053341985,0.546465,62.65274399999999,-0.53375936,-42.570942,-50.029377,3.6709337,3.6046317,0.050442066,0.18107535
340,0.30545002,1.04198,0.20229,-0.27099,0.24299827,0.6910629,0.20283182,-0.03959033,-0.69863886,-0.9052468,1.472269,-0.42628098,0.16823319,-0.23559886,0.88966966,1.3703988,-0.0006326437,0.43162006,47.51754,-0.30113363,-41.91631,-11.837763,2.9211135,2.4472919,0.009317494,0.042266503
341,0.94646,2.0,0.93759,1.94287,1.0407119,52.86898000000001,1.96004,-0.979401,0.7859924,-0.17141706,1.9667734,0.97831,1.9832412,0.76148236,1.673048,-1.7859923999999998,-0.9799964,0.9773799,54.984886,-0.94651306,-41.886936,-54.85552,4.6783220000000005,4.661152,0.6607466999999999,0.47467008
342,0.85607004,1.80462,0.86474,1.4913299999999998,0.77538246,27.664244,1.4843721,-0.89463973,0.48321456,-0.39608836,1.7850491000000002,0.84509,1.4945959999999998,0.5595146,1.5603223999999998,-1.0762746,-0.8217821,0.8447950000000001,48.33226,-0.8562127,-41.993443,-50.380344,4.202654,4.209612,0.25113505,0.42977098
343,0.52142996,1.6938701,0.78376,1.03319,0.32744315,4.214828,0.59871536,-0.73484415,0.31158674,-0.070406795,1.1937077,0.58223987,0.8437505999999999,0.30979675,1.1432686,-0.46786672,-0.35451540000000004,0.523435,26.23906,-0.52140033,-41.83920300000001,-21.886616,3.316997,3.7514718,0.036935683,0.25722873
344,0.80372006,1.8633499,0.85103,1.52255,0.7683309,25.231297,1.4170032,-0.77780473,0.5742275,-0.18017882,1.6593448,0.84995997,1.288669,0.5727675,1.4871955,-1.1882875,-0.76047385,0.8042151,43.703564,-0.8037174,-41.854492,-43.224297,4.135285,4.240832,0.30988938,0.40602362
345,1.2581999,1.97404,0.96721,2.10792,0.66762173,23.169,1.3160333999999998,-1.0706458,0.7457625,0.48239842,1.7139218999999997,0.35929108,1.2069894,0.7744525,1.8748634,-1.7198025,-0.17009309,0.93989503,55.703983,-1.2653219999999998,-41.76558,-15.089651000000002,4.034315,4.8262014,1.0314884,0.42758748
346,0.8487399999999999,1.7373900000000002,0.6712100000000001,1.44852,0.8950034,35.376778,1.4508597,-0.62778205,0.3790291,-0.53058934,1.7705429,0.8214302,1.5915785,0.2876491,1.554743,-0.8916291,-0.8282381999999999,0.7883399999999999,46.34203,-0.8479536,-41.871662,-52.117294,4.1691413,4.1668015,0.4057092,0.32956797
347,0.9267,1.95183,0.85096,1.77836,1.0434089,47.96758300000001,1.856444,-0.92114544,0.711344,-0.252187,1.8705304,0.94694996,1.8176138,0.673294,1.6431053,-1.594414,-0.949354,0.915005,51.09591,-0.9267599,-41.85066,-55.206257,4.5747256,4.4966415999999985,0.55639976,0.44864726
348,0.92153,1.93207,0.87059003,1.78057,1.0040001,45.627533,1.8296896,-0.91573644,0.6807221999999999,-0.27980047,1.8363813,0.92052007,1.7623854,0.61856216,1.6353601999999998,-1.5074922,-0.94422436,0.88569504,49.516205,-0.92160475,-41.86143,-55.03389,4.5479712,4.4988519999999985,0.52407813,0.44711038
349,0.82100004,1.98122,1.00442,1.91934,0.8858024999999999,43.560013,1.7951438000000002,-1.0107722,0.7568893,-0.1895743,1.7945491999999998,0.86520004,1.5847085,0.7104893,1.5293306999999998,-1.6596593000000002,-0.9052742,0.85248995,47.927986,-0.82099605,-41.8777,-54.22836700000001,4.513426,4.637622,0.5547478,0.4140449000000001
350,0.97188,1.73638,0.6924399999999999,1.4393699,0.8847847,29.797392,1.4708875,-0.68219,0.37746382,-0.4781891,1.8195119,0.80667996,1.3122749,0.4073438,1.6655258999999998,-0.8238638,-0.83998734,0.89454997,50.884457,-0.9719481,-41.91081,-49.0253,4.1891694,4.157652,0.33410877,0.38648388
